2026-09-18T04:14:36.833322Z  INFO ws_message: server_core::session: game session created game=H7K1MA player_count=2
2026-09-18T04:14:36.853622Z  INFO ws_message: phase_server: game created via lobby game=H7K1MA host=P0 players=2
2026-09-18T04:14:36.915617Z  INFO phase_server: client connected online_count=2
2026-09-18T04:14:36.916288Z  INFO ws_message: phase_server: ClientHello accepted version=driver-0.1 commit=driver
2026-09-18T04:14:36.916531Z  INFO ws_message: phase_server: JoinGameWithPassword game=H7K1MA joiner=P1
2026-09-18T04:14:36.916682Z  INFO ws_message: server_core::session: player joined session game=H7K1MA player=PlayerId(1) seat=1
2026-09-18T04:14:36.936557Z  INFO ws_message: phase_server: player joined via lobby game=H7K1MA player=PlayerId(1)
2026-09-18T04:14:37.119265Z  WARN phase_server: Full snapshot was no longer current game=H7K1MA disposition=SupersededOrRetired
2026-09-18T04:14:37.240779Z  INFO ws_message:game_session{game=H7K1MA player=PlayerId(0)}: server_core::session: action applied game=H7K1MA player=PlayerId(0) action_type="MulliganDecision" event_count=0
2026-09-18T04:14:37.250132Z  INFO ws_message:game_session{game=H7K1MA player=PlayerId(0)}: phase_server: game submission processed (lock held) game=H7K1MA kind="action" lock_ms=9 ai_actions=0
2026-09-18T04:14:37.315216Z  INFO ws_message:game_session{game=H7K1MA player=PlayerId(1)}: server_core::session: action applied game=H7K1MA player=PlayerId(1) action_type="MulliganDecision" event_count=1
2026-09-18T04:14:37.316880Z  INFO ws_message:game_session{game=H7K1MA player=PlayerId(1)}: phase_server: game submission processed (lock held) game=H7K1MA kind="action" lock_ms=8 ai_actions=0
2026-09-18T04:14:37.391821Z  INFO ws_message:game_session{game=H7K1MA player=PlayerId(1)}: server_core::session: action applied game=H7K1MA player=PlayerId(1) action_type="PassPriority" event_count=1
2026-09-18T04:14:37.395434Z  INFO ws_message:game_session{game=H7K1MA player=PlayerId(1)}: phase_server: game submission processed (lock held) game=H7K1MA kind="action" lock_ms=4 ai_actions=0
2026-09-18T04:14:37.543148Z  INFO ws_message:game_session{game=H7K1MA player=PlayerId(0)}: server_core::session: action applied game=H7K1MA player=PlayerId(0) action_type="PassPriority" event_count=2
2026-09-18T04:14:37.563843Z  INFO ws_message:game_session{game=H7K1MA player=PlayerId(0)}: phase_server: game submission processed (lock held) game=H7K1MA kind="action" lock_ms=21 ai_actions=0
2026-09-18T04:14:37.697003Z  INFO ws_message:game_session{game=H7K1MA player=PlayerId(1)}: server_core::session: action applied game=H7K1MA player=PlayerId(1) action_type="PlayLand" event_count=2
2026-09-18T04:14:37.706317Z  INFO ws_message:game_session{game=H7K1MA player=PlayerId(1)}: phase_server: game submission processed (lock held) game=H7K1MA kind="action" lock_ms=13 ai_actions=0
2026-09-18T04:14:37.844924Z  INFO ws_message:game_session{game=H7K1MA player=PlayerId(1)}: server_core::session: action applied game=H7K1MA player=PlayerId(1) action_type="PassPriority" event_count=1
2026-09-18T04:14:37.848848Z  INFO ws_message:game_session{game=H7K1MA player=PlayerId(1)}: phase_server: game submission processed (lock held) game=H7K1MA kind="action" lock_ms=4 ai_actions=0
2026-09-18T04:14:37.996153Z  INFO ws_message:game_session{game=H7K1MA player=PlayerId(0)}: server_core::session: action applied game=H7K1MA player=PlayerId(0) action_type="PassPriority" event_count=1
2026-09-18T04:14:37.998959Z  INFO ws_message:game_session{game=H7K1MA player=PlayerId(0)}: phase_server: game submission processed (lock held) game=H7K1MA kind="action" lock_ms=3 ai_actions=0
2026-09-18T04:14:38.147549Z  INFO ws_message:game_session{game=H7K1MA player=PlayerId(1)}: server_core::session: action applied game=H7K1MA player=PlayerId(1) action_type="PassPriority" event_count=1
2026-09-18T04:14:38.151732Z  INFO ws_message:game_session{game=H7K1MA player=PlayerId(1)}: phase_server: game submission processed (lock held) game=H7K1MA kind="action" lock_ms=5 ai_actions=0
2026-09-18T04:14:38.303835Z  INFO ws_message:game_session{game=H7K1MA player=PlayerId(0)}: server_core::session: action applied game=H7K1MA player=PlayerId(0) action_type="PassPriority" event_count=3
2026-09-18T04:14:38.306605Z  INFO ws_message:game_session{game=H7K1MA player=PlayerId(0)}: phase_server: game submission processed (lock held) game=H7K1MA kind="action" lock_ms=7 ai_actions=0
2026-09-18T04:14:38.451530Z  INFO ws_message:game_session{game=H7K1MA player=PlayerId(1)}: server_core::session: action applied game=H7K1MA player=PlayerId(1) action_type="PassPriority" event_count=1
2026-09-18T04:14:38.455794Z  INFO ws_message:game_session{game=H7K1MA player=PlayerId(1)}: phase_server: game submission processed (lock held) game=H7K1MA kind="action" lock_ms=5 ai_actions=0
2026-09-18T04:14:38.606230Z  INFO ws_message:game_session{game=H7K1MA player=PlayerId(0)}: server_core::session: action applied game=H7K1MA player=PlayerId(0) action_type="PassPriority" event_count=1
2026-09-18T04:14:38.616217Z  INFO ws_message:game_session{game=H7K1MA player=PlayerId(0)}: phase_server: game submission processed (lock held) game=H7K1MA kind="action" lock_ms=14 ai_actions=0
2026-09-18T04:14:38.753986Z  INFO ws_message:game_session{game=H7K1MA player=PlayerId(1)}: server_core::session: action applied game=H7K1MA player=PlayerId(1) action_type="PassPriority" event_count=1
2026-09-18T04:14:38.758402Z  INFO ws_message:game_session{game=H7K1MA player=PlayerId(1)}: phase_server: game submission processed (lock held) game=H7K1MA kind="action" lock_ms=5 ai_actions=0
2026-09-18T04:14:38.908709Z  INFO ws_message:game_session{game=H7K1MA player=PlayerId(0)}: server_core::session: action applied game=H7K1MA player=PlayerId(0) action_type="PassPriority" event_count=1
2026-09-18T04:14:38.912118Z  INFO ws_message:game_session{game=H7K1MA player=PlayerId(0)}: phase_server: game submission processed (lock held) game=H7K1MA kind="action" lock_ms=8 ai_actions=0
2026-09-18T04:14:39.057591Z  INFO ws_message:game_session{game=H7K1MA player=PlayerId(1)}: server_core::session: action applied game=H7K1MA player=PlayerId(1) action_type="PassPriority" event_count=1
2026-09-18T04:14:39.061262Z  INFO ws_message:game_session{game=H7K1MA player=PlayerId(1)}: phase_server: game submission processed (lock held) game=H7K1MA kind="action" lock_ms=5 ai_actions=0
2026-09-18T04:14:39.211604Z  INFO ws_message:game_session{game=H7K1MA player=PlayerId(0)}: server_core::session: action applied game=H7K1MA player=PlayerId(0) action_type="PassPriority" event_count=4
2026-09-18T04:14:39.213526Z  INFO ws_message:game_session{game=H7K1MA player=PlayerId(0)}: phase_server: game submission processed (lock held) game=H7K1MA kind="action" lock_ms=6 ai_actions=0
2026-09-18T04:14:39.358730Z  INFO ws_message:game_session{game=H7K1MA player=PlayerId(0)}: server_core::session: action applied game=H7K1MA player=PlayerId(0) action_type="PassPriority" event_count=1
2026-09-18T04:14:39.361861Z  INFO ws_message:game_session{game=H7K1MA player=PlayerId(0)}: phase_server: game submission processed (lock held) game=H7K1MA kind="action" lock_ms=4 ai_actions=0
2026-09-18T04:14:39.514681Z  INFO ws_message:game_session{game=H7K1MA player=PlayerId(1)}: server_core::session: action applied game=H7K1MA player=PlayerId(1) action_type="PassPriority" event_count=4
2026-09-18T04:14:39.517118Z  INFO ws_message:game_session{game=H7K1MA player=PlayerId(1)}: phase_server: game submission processed (lock held) game=H7K1MA kind="action" lock_ms=8 ai_actions=0
2026-09-18T04:14:39.660089Z  INFO ws_message:game_session{game=H7K1MA player=PlayerId(0)}: server_core::session: action applied game=H7K1MA player=PlayerId(0) action_type="PassPriority" event_count=1
2026-09-18T04:14:39.664672Z  INFO ws_message:game_session{game=H7K1MA player=PlayerId(0)}: phase_server: game submission processed (lock held) game=H7K1MA kind="action" lock_ms=5 ai_actions=0
2026-09-18T04:14:39.811374Z  INFO ws_message:game_session{game=H7K1MA player=PlayerId(1)}: server_core::session: action applied game=H7K1MA player=PlayerId(1) action_type="PassPriority" event_count=1
2026-09-18T04:14:39.824693Z  INFO ws_message:game_session{game=H7K1MA player=PlayerId(1)}: phase_server: game submission processed (lock held) game=H7K1MA kind="action" lock_ms=14 ai_actions=0
2026-09-18T04:14:39.967616Z  INFO ws_message:game_session{game=H7K1MA player=PlayerId(0)}: server_core::session: action applied game=H7K1MA player=PlayerId(0) action_type="PlayLand" event_count=2
2026-09-18T04:14:39.979317Z  INFO ws_message:game_session{game=H7K1MA player=PlayerId(0)}: phase_server: game submission processed (lock held) game=H7K1MA kind="action" lock_ms=16 ai_actions=0
2026-09-18T04:14:40.116297Z  INFO ws_message:game_session{game=H7K1MA player=PlayerId(0)}: server_core::session: action applied game=H7K1MA player=PlayerId(0) action_type="PassPriority" event_count=1
2026-09-18T04:14:40.119607Z  INFO ws_message:game_session{game=H7K1MA player=PlayerId(0)}: phase_server: game submission processed (lock held) game=H7K1MA kind="action" lock_ms=5 ai_actions=0
2026-09-18T04:14:40.266932Z  INFO ws_message:game_session{game=H7K1MA player=PlayerId(1)}: server_core::session: action applied game=H7K1MA player=PlayerId(1) action_type="PassPriority" event_count=1
2026-09-18T04:14:40.272612Z  INFO ws_message:game_session{game=H7K1MA player=PlayerId(1)}: phase_server: game submission processed (lock held) game=H7K1MA kind="action" lock_ms=6 ai_actions=0
2026-09-18T04:14:40.418682Z  INFO ws_message:game_session{game=H7K1MA player=PlayerId(0)}: server_core::session: action applied game=H7K1MA player=PlayerId(0) action_type="PassPriority" event_count=1
2026-09-18T04:14:40.421793Z  INFO ws_message:game_session{game=H7K1MA player=PlayerId(0)}: phase_server: game submission processed (lock held) game=H7K1MA kind="action" lock_ms=5 ai_actions=0
2026-09-18T04:14:40.574025Z  INFO ws_message:game_session{game=H7K1MA player=PlayerId(1)}: server_core::session: action applied game=H7K1MA player=PlayerId(1) action_type="PassPriority" event_count=3
2026-09-18T04:14:40.579834Z  INFO ws_message:game_session{game=H7K1MA player=PlayerId(1)}: phase_server: game submission processed (lock held) game=H7K1MA kind="action" lock_ms=10 ai_actions=0
2026-09-18T04:14:40.722568Z  INFO ws_message:game_session{game=H7K1MA player=PlayerId(0)}: server_core::session: action applied game=H7K1MA player=PlayerId(0) action_type="PassPriority" event_count=1
2026-09-18T04:14:40.725217Z  INFO ws_message:game_session{game=H7K1MA player=PlayerId(0)}: phase_server: game submission processed (lock held) game=H7K1MA kind="action" lock_ms=4 ai_actions=0
2026-09-18T04:14:40.877860Z  INFO ws_message:game_session{game=H7K1MA player=PlayerId(1)}: server_core::session: action applied game=H7K1MA player=PlayerId(1) action_type="PassPriority" event_count=1
2026-09-18T04:14:40.887510Z  INFO ws_message:game_session{game=H7K1MA player=PlayerId(1)}: phase_server: game submission processed (lock held) game=H7K1MA kind="action" lock_ms=14 ai_actions=0
2026-09-18T04:14:41.025862Z  INFO ws_message:game_session{game=H7K1MA player=PlayerId(0)}: server_core::session: action applied game=H7K1MA player=PlayerId(0) action_type="PassPriority" event_count=1
2026-09-18T04:14:41.028494Z  INFO ws_message:game_session{game=H7K1MA player=PlayerId(0)}: phase_server: game submission processed (lock held) game=H7K1MA kind="action" lock_ms=4 ai_actions=0
2026-09-18T04:14:41.179194Z  INFO ws_message:game_session{game=H7K1MA player=PlayerId(1)}: server_core::session: action applied game=H7K1MA player=PlayerId(1) action_type="PassPriority" event_count=1
2026-09-18T04:14:41.184814Z  INFO ws_message:game_session{game=H7K1MA player=PlayerId(1)}: phase_server: game submission processed (lock held) game=H7K1MA kind="action" lock_ms=10 ai_actions=0
2026-09-18T04:14:41.327085Z  INFO ws_message:game_session{game=H7K1MA player=PlayerId(0)}: server_core::session: action applied game=H7K1MA player=PlayerId(0) action_type="PassPriority" event_count=1
2026-09-18T04:14:41.329922Z  INFO ws_message:game_session{game=H7K1MA player=PlayerId(0)}: phase_server: game submission processed (lock held) game=H7K1MA kind="action" lock_ms=3 ai_actions=0
2026-09-18T04:14:41.483611Z  INFO ws_message:game_session{game=H7K1MA player=PlayerId(1)}: server_core::session: action applied game=H7K1MA player=PlayerId(1) action_type="PassPriority" event_count=4
2026-09-18T04:14:41.485095Z  INFO ws_message:game_session{game=H7K1MA player=PlayerId(1)}: phase_server: game submission processed (lock held) game=H7K1MA kind="action" lock_ms=6 ai_actions=0
2026-09-18T04:14:41.630400Z  INFO ws_message:game_session{game=H7K1MA player=PlayerId(1)}: server_core::session: action applied game=H7K1MA player=PlayerId(1) action_type="PassPriority" event_count=1
2026-09-18T04:14:41.636926Z  INFO ws_message:game_session{game=H7K1MA player=PlayerId(1)}: phase_server: game submission processed (lock held) game=H7K1MA kind="action" lock_ms=7 ai_actions=0
2026-09-18T04:14:41.786171Z  INFO ws_message:game_session{game=H7K1MA player=PlayerId(0)}: server_core::session: action applied game=H7K1MA player=PlayerId(0) action_type="PassPriority" event_count=4
2026-09-18T04:14:41.788513Z  INFO ws_message:game_session{game=H7K1MA player=PlayerId(0)}: phase_server: game submission processed (lock held) game=H7K1MA kind="action" lock_ms=8 ai_actions=0
2026-09-18T04:14:41.932242Z  INFO ws_message:game_session{game=H7K1MA player=PlayerId(1)}: server_core::session: action applied game=H7K1MA player=PlayerId(1) action_type="PassPriority" event_count=1
2026-09-18T04:14:41.937768Z  INFO ws_message:game_session{game=H7K1MA player=PlayerId(1)}: phase_server: game submission processed (lock held) game=H7K1MA kind="action" lock_ms=6 ai_actions=0
2026-09-18T04:14:42.083436Z  INFO ws_message:game_session{game=H7K1MA player=PlayerId(0)}: server_core::session: action applied game=H7K1MA player=PlayerId(0) action_type="PassPriority" event_count=1
2026-09-18T04:14:42.115439Z  INFO ws_message:game_session{game=H7K1MA player=PlayerId(0)}: phase_server: game submission processed (lock held) game=H7K1MA kind="action" lock_ms=33 ai_actions=0
2026-09-18T04:14:42.238559Z  INFO ws_message:game_session{game=H7K1MA player=PlayerId(1)}: server_core::session: action applied game=H7K1MA player=PlayerId(1) action_type="PlayLand" event_count=2
2026-09-18T04:14:42.245457Z  INFO ws_message:game_session{game=H7K1MA player=PlayerId(1)}: phase_server: game submission processed (lock held) game=H7K1MA kind="action" lock_ms=11 ai_actions=0
2026-09-18T04:14:42.391638Z  INFO ws_message:game_session{game=H7K1MA player=PlayerId(1)}: server_core::session: action applied game=H7K1MA player=PlayerId(1) action_type="CastSpell" event_count=12
2026-09-18T04:14:42.392828Z  INFO ws_message:game_session{game=H7K1MA player=PlayerId(1)}: phase_server: game submission processed (lock held) game=H7K1MA kind="action" lock_ms=8 ai_actions=0
2026-09-18T04:14:42.538477Z  INFO ws_message:game_session{game=H7K1MA player=PlayerId(1)}: server_core::session: action applied game=H7K1MA player=PlayerId(1) action_type="PassPriority" event_count=1
2026-09-18T04:14:42.543691Z  INFO ws_message:game_session{game=H7K1MA player=PlayerId(1)}: phase_server: game submission processed (lock held) game=H7K1MA kind="action" lock_ms=6 ai_actions=0
2026-09-18T04:14:42.690568Z  INFO ws_message:game_session{game=H7K1MA player=PlayerId(0)}: server_core::session: action applied game=H7K1MA player=PlayerId(0) action_type="PassPriority" event_count=2
2026-09-18T04:14:42.693609Z  INFO ws_message:game_session{game=H7K1MA player=PlayerId(0)}: phase_server: game submission processed (lock held) game=H7K1MA kind="action" lock_ms=5 ai_actions=0
2026-09-18T04:14:42.840238Z  INFO ws_message:game_session{game=H7K1MA player=PlayerId(1)}: server_core::session: action applied game=H7K1MA player=PlayerId(1) action_type="PassPriority" event_count=1
2026-09-18T04:14:42.848944Z  INFO ws_message:game_session{game=H7K1MA player=PlayerId(1)}: phase_server: game submission processed (lock held) game=H7K1MA kind="action" lock_ms=10 ai_actions=0
2026-09-18T04:14:42.993428Z  INFO ws_message:game_session{game=H7K1MA player=PlayerId(0)}: server_core::session: action applied game=H7K1MA player=PlayerId(0) action_type="PassPriority" event_count=1
2026-09-18T04:14:42.995369Z  INFO ws_message:game_session{game=H7K1MA player=PlayerId(0)}: phase_server: game submission processed (lock held) game=H7K1MA kind="action" lock_ms=4 ai_actions=0
2026-09-18T04:14:43.162589Z  INFO ws_message:game_session{game=H7K1MA player=PlayerId(1)}: server_core::session: action applied game=H7K1MA player=PlayerId(1) action_type="PassPriority" event_count=1
2026-09-18T04:14:43.172740Z  INFO ws_message:game_session{game=H7K1MA player=PlayerId(1)}: phase_server: game submission processed (lock held) game=H7K1MA kind="action" lock_ms=29 ai_actions=0
2026-09-18T04:14:43.300713Z  INFO ws_message:game_session{game=H7K1MA player=PlayerId(0)}: server_core::session: action applied game=H7K1MA player=PlayerId(0) action_type="PassPriority" event_count=3
2026-09-18T04:14:43.303446Z  INFO ws_message:game_session{game=H7K1MA player=PlayerId(0)}: phase_server: game submission processed (lock held) game=H7K1MA kind="action" lock_ms=9 ai_actions=0
2026-09-18T04:14:43.448765Z  INFO ws_message:game_session{game=H7K1MA player=PlayerId(1)}: server_core::session: action applied game=H7K1MA player=PlayerId(1) action_type="PassPriority" event_count=1
2026-09-18T04:14:43.454771Z  INFO ws_message:game_session{game=H7K1MA player=PlayerId(1)}: phase_server: game submission processed (lock held) game=H7K1MA kind="action" lock_ms=7 ai_actions=0
2026-09-18T04:14:43.603274Z  INFO ws_message:game_session{game=H7K1MA player=PlayerId(0)}: server_core::session: action applied game=H7K1MA player=PlayerId(0) action_type="PassPriority" event_count=1
2026-09-18T04:14:43.605775Z  INFO ws_message:game_session{game=H7K1MA player=PlayerId(0)}: phase_server: game submission processed (lock held) game=H7K1MA kind="action" lock_ms=7 ai_actions=0
2026-09-18T04:14:43.751643Z  INFO ws_message:game_session{game=H7K1MA player=PlayerId(1)}: server_core::session: action applied game=H7K1MA player=PlayerId(1) action_type="PassPriority" event_count=1
2026-09-18T04:14:43.760677Z  INFO ws_message:game_session{game=H7K1MA player=PlayerId(1)}: phase_server: game submission processed (lock held) game=H7K1MA kind="action" lock_ms=11 ai_actions=0
2026-09-18T04:14:43.906935Z  INFO ws_message:game_session{game=H7K1MA player=PlayerId(0)}: server_core::session: action applied game=H7K1MA player=PlayerId(0) action_type="PassPriority" event_count=1
2026-09-18T04:14:43.908805Z  INFO ws_message:game_session{game=H7K1MA player=PlayerId(0)}: phase_server: game submission processed (lock held) game=H7K1MA kind="action" lock_ms=6 ai_actions=0
2026-09-18T04:14:44.055190Z  INFO ws_message:game_session{game=H7K1MA player=PlayerId(1)}: server_core::session: action applied game=H7K1MA player=PlayerId(1) action_type="PassPriority" event_count=1
2026-09-18T04:14:44.060645Z  INFO ws_message:game_session{game=H7K1MA player=PlayerId(1)}: phase_server: game submission processed (lock held) game=H7K1MA kind="action" lock_ms=7 ai_actions=0
2026-09-18T04:14:44.209701Z  INFO ws_message:game_session{game=H7K1MA player=PlayerId(0)}: server_core::session: action applied game=H7K1MA player=PlayerId(0) action_type="PassPriority" event_count=4
2026-09-18T04:14:44.214299Z  INFO ws_message:game_session{game=H7K1MA player=PlayerId(0)}: phase_server: game submission processed (lock held) game=H7K1MA kind="action" lock_ms=10 ai_actions=0
2026-09-18T04:14:44.356076Z  INFO ws_message:game_session{game=H7K1MA player=PlayerId(0)}: server_core::session: action applied game=H7K1MA player=PlayerId(0) action_type="PassPriority" event_count=1
2026-09-18T04:14:44.357975Z  INFO ws_message:game_session{game=H7K1MA player=PlayerId(0)}: phase_server: game submission processed (lock held) game=H7K1MA kind="action" lock_ms=3 ai_actions=0
2026-09-18T04:14:44.510257Z  INFO ws_message:game_session{game=H7K1MA player=PlayerId(1)}: server_core::session: action applied game=H7K1MA player=PlayerId(1) action_type="PassPriority" event_count=4
2026-09-18T04:14:44.516475Z  INFO ws_message:game_session{game=H7K1MA player=PlayerId(1)}: phase_server: game submission processed (lock held) game=H7K1MA kind="action" lock_ms=10 ai_actions=0
2026-09-18T04:14:44.658057Z  INFO ws_message:game_session{game=H7K1MA player=PlayerId(0)}: server_core::session: action applied game=H7K1MA player=PlayerId(0) action_type="PassPriority" event_count=1
2026-09-18T04:14:44.659780Z  INFO ws_message:game_session{game=H7K1MA player=PlayerId(0)}: phase_server: game submission processed (lock held) game=H7K1MA kind="action" lock_ms=3 ai_actions=0
2026-09-18T04:14:44.808862Z  INFO ws_message:game_session{game=H7K1MA player=PlayerId(1)}: server_core::session: action applied game=H7K1MA player=PlayerId(1) action_type="PassPriority" event_count=1
2026-09-18T04:14:44.826650Z  INFO ws_message:game_session{game=H7K1MA player=PlayerId(1)}: phase_server: game submission processed (lock held) game=H7K1MA kind="action" lock_ms=19 ai_actions=0
2026-09-18T04:14:44.963442Z  INFO ws_message:game_session{game=H7K1MA player=PlayerId(0)}: server_core::session: action applied game=H7K1MA player=PlayerId(0) action_type="PlayLand" event_count=2
2026-09-18T04:14:44.979703Z  INFO ws_message:game_session{game=H7K1MA player=PlayerId(0)}: phase_server: game submission processed (lock held) game=H7K1MA kind="action" lock_ms=21 ai_actions=0
2026-09-18T04:14:45.111152Z  INFO ws_message:game_session{game=H7K1MA player=PlayerId(0)}: server_core::session: action applied game=H7K1MA player=PlayerId(0) action_type="PassPriority" event_count=1
2026-09-18T04:14:45.113107Z  INFO ws_message:game_session{game=H7K1MA player=PlayerId(0)}: phase_server: game submission processed (lock held) game=H7K1MA kind="action" lock_ms=3 ai_actions=0
2026-09-18T04:14:45.262278Z  INFO ws_message:game_session{game=H7K1MA player=PlayerId(1)}: server_core::session: action applied game=H7K1MA player=PlayerId(1) action_type="PassPriority" event_count=1
2026-09-18T04:14:45.270049Z  INFO ws_message:game_session{game=H7K1MA player=PlayerId(1)}: phase_server: game submission processed (lock held) game=H7K1MA kind="action" lock_ms=10 ai_actions=0
2026-09-18T04:14:45.414109Z  INFO ws_message:game_session{game=H7K1MA player=PlayerId(0)}: server_core::session: action applied game=H7K1MA player=PlayerId(0) action_type="PassPriority" event_count=1
2026-09-18T04:14:45.416006Z  INFO ws_message:game_session{game=H7K1MA player=PlayerId(0)}: phase_server: game submission processed (lock held) game=H7K1MA kind="action" lock_ms=4 ai_actions=0
2026-09-18T04:14:45.567213Z  INFO ws_message:game_session{game=H7K1MA player=PlayerId(1)}: server_core::session: action applied game=H7K1MA player=PlayerId(1) action_type="PassPriority" event_count=3
2026-09-18T04:14:45.574241Z  INFO ws_message:game_session{game=H7K1MA player=PlayerId(1)}: phase_server: game submission processed (lock held) game=H7K1MA kind="action" lock_ms=11 ai_actions=0
2026-09-18T04:14:45.716749Z  INFO ws_message:game_session{game=H7K1MA player=PlayerId(0)}: server_core::session: action applied game=H7K1MA player=PlayerId(0) action_type="PassPriority" event_count=1
2026-09-18T04:14:45.718539Z  INFO ws_message:game_session{game=H7K1MA player=PlayerId(0)}: phase_server: game submission processed (lock held) game=H7K1MA kind="action" lock_ms=4 ai_actions=0
2026-09-18T04:14:45.869791Z  INFO ws_message:game_session{game=H7K1MA player=PlayerId(1)}: server_core::session: action applied game=H7K1MA player=PlayerId(1) action_type="PassPriority" event_count=1
2026-09-18T04:14:45.888133Z  INFO ws_message:game_session{game=H7K1MA player=PlayerId(1)}: phase_server: game submission processed (lock held) game=H7K1MA kind="action" lock_ms=23 ai_actions=0
2026-09-18T04:14:46.018273Z  INFO ws_message:game_session{game=H7K1MA player=PlayerId(0)}: server_core::session: action applied game=H7K1MA player=PlayerId(0) action_type="PassPriority" event_count=1
2026-09-18T04:14:46.020076Z  INFO ws_message:game_session{game=H7K1MA player=PlayerId(0)}: phase_server: game submission processed (lock held) game=H7K1MA kind="action" lock_ms=3 ai_actions=0
2026-09-18T04:14:46.171854Z  INFO ws_message:game_session{game=H7K1MA player=PlayerId(1)}: server_core::session: action applied game=H7K1MA player=PlayerId(1) action_type="PassPriority" event_count=1
2026-09-18T04:14:46.179157Z  INFO ws_message:game_session{game=H7K1MA player=PlayerId(1)}: phase_server: game submission processed (lock held) game=H7K1MA kind="action" lock_ms=12 ai_actions=0
2026-09-18T04:14:46.319667Z  INFO ws_message:game_session{game=H7K1MA player=PlayerId(0)}: server_core::session: action applied game=H7K1MA player=PlayerId(0) action_type="PassPriority" event_count=1
2026-09-18T04:14:46.322911Z  INFO ws_message:game_session{game=H7K1MA player=PlayerId(0)}: phase_server: game submission processed (lock held) game=H7K1MA kind="action" lock_ms=4 ai_actions=0
2026-09-18T04:14:46.476417Z  INFO ws_message:game_session{game=H7K1MA player=PlayerId(1)}: server_core::session: action applied game=H7K1MA player=PlayerId(1) action_type="PassPriority" event_count=6
2026-09-18T04:14:46.478374Z  INFO ws_message:game_session{game=H7K1MA player=PlayerId(1)}: phase_server: game submission processed (lock held) game=H7K1MA kind="action" lock_ms=8 ai_actions=0
2026-09-18T04:14:46.621405Z  INFO ws_message:game_session{game=H7K1MA player=PlayerId(1)}: server_core::session: action applied game=H7K1MA player=PlayerId(1) action_type="PassPriority" event_count=1
2026-09-18T04:14:46.634456Z  INFO ws_message:game_session{game=H7K1MA player=PlayerId(1)}: phase_server: game submission processed (lock held) game=H7K1MA kind="action" lock_ms=14 ai_actions=0
2026-09-18T04:14:46.783600Z  INFO ws_message:game_session{game=H7K1MA player=PlayerId(0)}: server_core::session: action applied game=H7K1MA player=PlayerId(0) action_type="PassPriority" event_count=4
2026-09-18T04:14:46.786941Z  INFO ws_message:game_session{game=H7K1MA player=PlayerId(0)}: phase_server: game submission processed (lock held) game=H7K1MA kind="action" lock_ms=12 ai_actions=0
2026-09-18T04:14:46.926536Z  INFO ws_message:game_session{game=H7K1MA player=PlayerId(1)}: server_core::session: action applied game=H7K1MA player=PlayerId(1) action_type="PassPriority" event_count=1
2026-09-18T04:14:46.934862Z  INFO ws_message:game_session{game=H7K1MA player=PlayerId(1)}: phase_server: game submission processed (lock held) game=H7K1MA kind="action" lock_ms=9 ai_actions=0
2026-09-18T04:14:47.077974Z  INFO ws_message:game_session{game=H7K1MA player=PlayerId(0)}: server_core::session: action applied game=H7K1MA player=PlayerId(0) action_type="PassPriority" event_count=1
2026-09-18T04:14:47.099437Z  INFO ws_message:game_session{game=H7K1MA player=PlayerId(0)}: phase_server: game submission processed (lock held) game=H7K1MA kind="action" lock_ms=22 ai_actions=0
2026-09-18T04:14:47.233528Z  INFO ws_message:game_session{game=H7K1MA player=PlayerId(1)}: server_core::session: action applied game=H7K1MA player=PlayerId(1) action_type="PlayLand" event_count=2
2026-09-18T04:14:47.251475Z  INFO ws_message:game_session{game=H7K1MA player=PlayerId(1)}: phase_server: game submission processed (lock held) game=H7K1MA kind="action" lock_ms=23 ai_actions=0
2026-09-18T04:14:47.386245Z  INFO ws_message:game_session{game=H7K1MA player=PlayerId(1)}: server_core::session: action applied game=H7K1MA player=PlayerId(1) action_type="CastSpell" event_count=12
2026-09-18T04:14:47.387490Z  INFO ws_message:game_session{game=H7K1MA player=PlayerId(1)}: phase_server: game submission processed (lock held) game=H7K1MA kind="action" lock_ms=8 ai_actions=0
2026-09-18T04:14:47.537483Z  INFO ws_message:game_session{game=H7K1MA player=PlayerId(1)}: server_core::session: action applied game=H7K1MA player=PlayerId(1) action_type="PassPriority" event_count=1
2026-09-18T04:14:47.544862Z  INFO ws_message:game_session{game=H7K1MA player=PlayerId(1)}: phase_server: game submission processed (lock held) game=H7K1MA kind="action" lock_ms=14 ai_actions=0
2026-09-18T04:14:47.684306Z  INFO ws_message:game_session{game=H7K1MA player=PlayerId(0)}: server_core::session: action applied game=H7K1MA player=PlayerId(0) action_type="PassPriority" event_count=2
2026-09-18T04:14:47.693428Z  INFO ws_message:game_session{game=H7K1MA player=PlayerId(0)}: phase_server: game submission processed (lock held) game=H7K1MA kind="action" lock_ms=12 ai_actions=0
2026-09-18T04:14:47.833573Z  INFO ws_message:game_session{game=H7K1MA player=PlayerId(1)}: server_core::session: action applied game=H7K1MA player=PlayerId(1) action_type="PassPriority" event_count=1
2026-09-18T04:14:47.842690Z  INFO ws_message:game_session{game=H7K1MA player=PlayerId(1)}: phase_server: game submission processed (lock held) game=H7K1MA kind="action" lock_ms=10 ai_actions=0
2026-09-18T04:14:47.985651Z  INFO ws_message:game_session{game=H7K1MA player=PlayerId(0)}: server_core::session: action applied game=H7K1MA player=PlayerId(0) action_type="PassPriority" event_count=1
2026-09-18T04:14:47.988885Z  INFO ws_message:game_session{game=H7K1MA player=PlayerId(0)}: phase_server: game submission processed (lock held) game=H7K1MA kind="action" lock_ms=5 ai_actions=0
2026-09-18T04:14:48.138055Z  INFO ws_message:game_session{game=H7K1MA player=PlayerId(1)}: server_core::session: action applied game=H7K1MA player=PlayerId(1) action_type="PassPriority" event_count=1
2026-09-18T04:14:48.148755Z  INFO ws_message:game_session{game=H7K1MA player=PlayerId(1)}: phase_server: game submission processed (lock held) game=H7K1MA kind="action" lock_ms=14 ai_actions=0
2026-09-18T04:14:48.290050Z  INFO ws_message:game_session{game=H7K1MA player=PlayerId(0)}: server_core::session: action applied game=H7K1MA player=PlayerId(0) action_type="PassPriority" event_count=1
2026-09-18T04:14:48.300027Z  INFO ws_message:game_session{game=H7K1MA player=PlayerId(0)}: phase_server: game submission processed (lock held) game=H7K1MA kind="action" lock_ms=11 ai_actions=0
2026-09-18T04:14:48.444230Z  INFO ws_message:game_session{game=H7K1MA player=PlayerId(1)}: server_core::session: action applied game=H7K1MA player=PlayerId(1) action_type="DeclareAttackers" event_count=2
2026-09-18T04:14:48.447312Z  INFO ws_message:game_session{game=H7K1MA player=PlayerId(1)}: phase_server: game submission processed (lock held) game=H7K1MA kind="action" lock_ms=7 ai_actions=0
2026-09-18T04:14:48.592555Z  INFO ws_message:game_session{game=H7K1MA player=PlayerId(1)}: server_core::session: action applied game=H7K1MA player=PlayerId(1) action_type="PassPriority" event_count=1
2026-09-18T04:14:48.599702Z  INFO ws_message:game_session{game=H7K1MA player=PlayerId(1)}: phase_server: game submission processed (lock held) game=H7K1MA kind="action" lock_ms=8 ai_actions=0
2026-09-18T04:14:48.746050Z  INFO ws_message:game_session{game=H7K1MA player=PlayerId(0)}: server_core::session: action applied game=H7K1MA player=PlayerId(0) action_type="PassPriority" event_count=1
2026-09-18T04:14:48.756208Z  INFO ws_message:game_session{game=H7K1MA player=PlayerId(0)}: phase_server: game submission processed (lock held) game=H7K1MA kind="action" lock_ms=14 ai_actions=0
2026-09-18T04:14:48.893846Z  INFO ws_message:game_session{game=H7K1MA player=PlayerId(1)}: server_core::session: action applied game=H7K1MA player=PlayerId(1) action_type="PassPriority" event_count=1
2026-09-18T04:14:48.900869Z  INFO ws_message:game_session{game=H7K1MA player=PlayerId(1)}: phase_server: game submission processed (lock held) game=H7K1MA kind="action" lock_ms=8 ai_actions=0
2026-09-18T04:14:49.048468Z  INFO ws_message:game_session{game=H7K1MA player=PlayerId(0)}: server_core::session: action applied game=H7K1MA player=PlayerId(0) action_type="PassPriority" event_count=1
2026-09-18T04:14:49.055683Z  INFO ws_message:game_session{game=H7K1MA player=PlayerId(0)}: phase_server: game submission processed (lock held) game=H7K1MA kind="action" lock_ms=10 ai_actions=0
2026-09-18T04:14:49.196200Z  INFO ws_message:game_session{game=H7K1MA player=PlayerId(1)}: server_core::session: action applied game=H7K1MA player=PlayerId(1) action_type="PassPriority" event_count=1
2026-09-18T04:14:49.203602Z  INFO ws_message:game_session{game=H7K1MA player=PlayerId(1)}: phase_server: game submission processed (lock held) game=H7K1MA kind="action" lock_ms=9 ai_actions=0
2026-09-18T04:14:49.349892Z  INFO ws_message:game_session{game=H7K1MA player=PlayerId(0)}: server_core::session: action applied game=H7K1MA player=PlayerId(0) action_type="PassPriority" event_count=4
2026-09-18T04:14:49.356056Z  INFO ws_message:game_session{game=H7K1MA player=PlayerId(0)}: phase_server: game submission processed (lock held) game=H7K1MA kind="action" lock_ms=11 ai_actions=0
2026-09-18T04:14:49.497078Z  INFO ws_message:game_session{game=H7K1MA player=PlayerId(0)}: server_core::session: action applied game=H7K1MA player=PlayerId(0) action_type="PassPriority" event_count=1
2026-09-18T04:14:49.500716Z  INFO ws_message:game_session{game=H7K1MA player=PlayerId(0)}: phase_server: game submission processed (lock held) game=H7K1MA kind="action" lock_ms=5 ai_actions=0
2026-09-18T04:14:49.651333Z  INFO ws_message:game_session{game=H7K1MA player=PlayerId(1)}: server_core::session: action applied game=H7K1MA player=PlayerId(1) action_type="PassPriority" event_count=4
2026-09-18T04:14:49.661382Z  INFO ws_message:game_session{game=H7K1MA player=PlayerId(1)}: phase_server: game submission processed (lock held) game=H7K1MA kind="action" lock_ms=15 ai_actions=0
2026-09-18T04:14:49.798853Z  INFO ws_message:game_session{game=H7K1MA player=PlayerId(0)}: server_core::session: action applied game=H7K1MA player=PlayerId(0) action_type="PassPriority" event_count=1
2026-09-18T04:14:49.801959Z  INFO ws_message:game_session{game=H7K1MA player=PlayerId(0)}: phase_server: game submission processed (lock held) game=H7K1MA kind="action" lock_ms=4 ai_actions=0
2026-09-18T04:14:49.950403Z  INFO ws_message:game_session{game=H7K1MA player=PlayerId(1)}: server_core::session: action applied game=H7K1MA player=PlayerId(1) action_type="PassPriority" event_count=1
2026-09-18T04:14:49.976541Z  INFO ws_message:game_session{game=H7K1MA player=PlayerId(1)}: phase_server: game submission processed (lock held) game=H7K1MA kind="action" lock_ms=27 ai_actions=0
2026-09-18T04:14:50.100502Z  INFO ws_message:game_session{game=H7K1MA player=PlayerId(0)}: server_core::session: action applied game=H7K1MA player=PlayerId(0) action_type="PassPriority" event_count=1
2026-09-18T04:14:50.102984Z  INFO ws_message:game_session{game=H7K1MA player=PlayerId(0)}: phase_server: game submission processed (lock held) game=H7K1MA kind="action" lock_ms=3 ai_actions=0
2026-09-18T04:14:50.253390Z  INFO ws_message:game_session{game=H7K1MA player=PlayerId(1)}: server_core::session: action applied game=H7K1MA player=PlayerId(1) action_type="PassPriority" event_count=1
2026-09-18T04:14:50.261310Z  INFO ws_message:game_session{game=H7K1MA player=PlayerId(1)}: phase_server: game submission processed (lock held) game=H7K1MA kind="action" lock_ms=10 ai_actions=0
2026-09-18T04:14:50.405318Z  INFO ws_message:game_session{game=H7K1MA player=PlayerId(0)}: server_core::session: action applied game=H7K1MA player=PlayerId(0) action_type="PassPriority" event_count=1
2026-09-18T04:14:50.409915Z  INFO ws_message:game_session{game=H7K1MA player=PlayerId(0)}: phase_server: game submission processed (lock held) game=H7K1MA kind="action" lock_ms=6 ai_actions=0
2026-09-18T04:14:50.561441Z  INFO ws_message:game_session{game=H7K1MA player=PlayerId(1)}: server_core::session: action applied game=H7K1MA player=PlayerId(1) action_type="PassPriority" event_count=3
2026-09-18T04:14:50.569865Z  INFO ws_message:game_session{game=H7K1MA player=PlayerId(1)}: phase_server: game submission processed (lock held) game=H7K1MA kind="action" lock_ms=13 ai_actions=0
2026-09-18T04:14:50.708191Z  INFO ws_message:game_session{game=H7K1MA player=PlayerId(0)}: server_core::session: action applied game=H7K1MA player=PlayerId(0) action_type="PassPriority" event_count=1
2026-09-18T04:14:50.710713Z  INFO ws_message:game_session{game=H7K1MA player=PlayerId(0)}: phase_server: game submission processed (lock held) game=H7K1MA kind="action" lock_ms=4 ai_actions=0
2026-09-18T04:14:50.863155Z  INFO ws_message:game_session{game=H7K1MA player=PlayerId(1)}: server_core::session: action applied game=H7K1MA player=PlayerId(1) action_type="PassPriority" event_count=1
2026-09-18T04:14:50.883210Z  INFO ws_message:game_session{game=H7K1MA player=PlayerId(1)}: phase_server: game submission processed (lock held) game=H7K1MA kind="action" lock_ms=25 ai_actions=0
2026-09-18T04:14:51.010284Z  INFO ws_message:game_session{game=H7K1MA player=PlayerId(0)}: server_core::session: action applied game=H7K1MA player=PlayerId(0) action_type="PassPriority" event_count=1
2026-09-18T04:14:51.013140Z  INFO ws_message:game_session{game=H7K1MA player=PlayerId(0)}: phase_server: game submission processed (lock held) game=H7K1MA kind="action" lock_ms=4 ai_actions=0
2026-09-18T04:14:51.165327Z  INFO ws_message:game_session{game=H7K1MA player=PlayerId(1)}: server_core::session: action applied game=H7K1MA player=PlayerId(1) action_type="PassPriority" event_count=1
2026-09-18T04:14:51.181434Z  INFO ws_message:game_session{game=H7K1MA player=PlayerId(1)}: phase_server: game submission processed (lock held) game=H7K1MA kind="action" lock_ms=21 ai_actions=0
2026-09-18T04:14:51.312847Z  INFO ws_message:game_session{game=H7K1MA player=PlayerId(0)}: server_core::session: action applied game=H7K1MA player=PlayerId(0) action_type="PassPriority" event_count=1
2026-09-18T04:14:51.315431Z  INFO ws_message:game_session{game=H7K1MA player=PlayerId(0)}: phase_server: game submission processed (lock held) game=H7K1MA kind="action" lock_ms=4 ai_actions=0
2026-09-18T04:14:51.465460Z  INFO ws_message:game_session{game=H7K1MA player=PlayerId(1)}: server_core::session: action applied game=H7K1MA player=PlayerId(1) action_type="PassPriority" event_count=1
2026-09-18T04:14:51.501852Z  INFO ws_message:game_session{game=H7K1MA player=PlayerId(1)}: phase_server: game submission processed (lock held) game=H7K1MA kind="action" lock_ms=40 ai_actions=0
2026-09-18T04:14:51.627204Z  INFO ws_message:game_session{game=H7K1MA player=PlayerId(0)}: server_core::session: interaction applied game=H7K1MA player=PlayerId(0) action_type="SelectCards" event_count=7
2026-09-18T04:14:51.629941Z  INFO ws_message:game_session{game=H7K1MA player=PlayerId(0)}: phase_server: game submission processed (lock held) game=H7K1MA kind="interaction" lock_ms=17 ai_actions=0
2026-09-18T04:14:51.776629Z  INFO ws_message:game_session{game=H7K1MA player=PlayerId(1)}: server_core::session: action applied game=H7K1MA player=PlayerId(1) action_type="PassPriority" event_count=1
2026-09-18T04:14:51.798962Z  INFO ws_message:game_session{game=H7K1MA player=PlayerId(1)}: phase_server: game submission processed (lock held) game=H7K1MA kind="action" lock_ms=35 ai_actions=0
2026-09-18T04:14:51.919178Z  INFO ws_message:game_session{game=H7K1MA player=PlayerId(0)}: server_core::session: action applied game=H7K1MA player=PlayerId(0) action_type="PassPriority" event_count=4
2026-09-18T04:14:51.920729Z  INFO ws_message:game_session{game=H7K1MA player=PlayerId(0)}: phase_server: game submission processed (lock held) game=H7K1MA kind="action" lock_ms=6 ai_actions=0
2026-09-18T04:14:52.067282Z  INFO ws_message:game_session{game=H7K1MA player=PlayerId(1)}: server_core::session: action applied game=H7K1MA player=PlayerId(1) action_type="PassPriority" event_count=1
2026-09-18T04:14:52.076109Z  INFO ws_message:game_session{game=H7K1MA player=PlayerId(1)}: phase_server: game submission processed (lock held) game=H7K1MA kind="action" lock_ms=10 ai_actions=0
2026-09-18T04:14:52.218510Z  INFO ws_message:game_session{game=H7K1MA player=PlayerId(0)}: server_core::session: action applied game=H7K1MA player=PlayerId(0) action_type="PassPriority" event_count=1
2026-09-18T04:14:52.235182Z  INFO ws_message:game_session{game=H7K1MA player=PlayerId(0)}: phase_server: game submission processed (lock held) game=H7K1MA kind="action" lock_ms=18 ai_actions=0
2026-09-18T04:14:52.373080Z  INFO ws_message:game_session{game=H7K1MA player=PlayerId(1)}: server_core::session: action applied game=H7K1MA player=PlayerId(1) action_type="PlayLand" event_count=2
2026-09-18T04:14:52.380882Z  INFO ws_message:game_session{game=H7K1MA player=PlayerId(1)}: phase_server: game submission processed (lock held) game=H7K1MA kind="action" lock_ms=13 ai_actions=0
2026-09-18T04:14:52.527002Z  INFO ws_message:game_session{game=H7K1MA player=PlayerId(1)}: server_core::session: action applied game=H7K1MA player=PlayerId(1) action_type="CastSpell" event_count=12
2026-09-18T04:14:52.528692Z  INFO ws_message:game_session{game=H7K1MA player=PlayerId(1)}: phase_server: game submission processed (lock held) game=H7K1MA kind="action" lock_ms=10 ai_actions=0
2026-09-18T04:14:52.673407Z  INFO ws_message:game_session{game=H7K1MA player=PlayerId(1)}: server_core::session: action applied game=H7K1MA player=PlayerId(1) action_type="PassPriority" event_count=1
2026-09-18T04:14:52.683812Z  INFO ws_message:game_session{game=H7K1MA player=PlayerId(1)}: phase_server: game submission processed (lock held) game=H7K1MA kind="action" lock_ms=13 ai_actions=0
2026-09-18T04:14:52.823344Z  INFO ws_message:game_session{game=H7K1MA player=PlayerId(0)}: server_core::session: action applied game=H7K1MA player=PlayerId(0) action_type="PassPriority" event_count=2
2026-09-18T04:14:52.829300Z  INFO ws_message:game_session{game=H7K1MA player=PlayerId(0)}: phase_server: game submission processed (lock held) game=H7K1MA kind="action" lock_ms=8 ai_actions=0
2026-09-18T04:14:52.979532Z  INFO ws_message:game_session{game=H7K1MA player=PlayerId(1)}: server_core::session: action applied game=H7K1MA player=PlayerId(1) action_type="CastSpell" event_count=12
2026-09-18T04:14:52.980568Z  INFO ws_message:game_session{game=H7K1MA player=PlayerId(1)}: phase_server: game submission processed (lock held) game=H7K1MA kind="action" lock_ms=8 ai_actions=0
2026-09-18T04:14:53.127817Z  INFO ws_message:game_session{game=H7K1MA player=PlayerId(1)}: server_core::session: action applied game=H7K1MA player=PlayerId(1) action_type="PassPriority" event_count=1
2026-09-18T04:14:53.139422Z  INFO ws_message:game_session{game=H7K1MA player=PlayerId(1)}: phase_server: game submission processed (lock held) game=H7K1MA kind="action" lock_ms=14 ai_actions=0
2026-09-18T04:14:53.280713Z  INFO ws_message:game_session{game=H7K1MA player=PlayerId(0)}: server_core::session: action applied game=H7K1MA player=PlayerId(0) action_type="PassPriority" event_count=2
2026-09-18T04:14:53.282499Z  INFO ws_message:game_session{game=H7K1MA player=PlayerId(0)}: phase_server: game submission processed (lock held) game=H7K1MA kind="action" lock_ms=5 ai_actions=0
2026-09-18T04:14:53.430849Z  INFO ws_message:game_session{game=H7K1MA player=PlayerId(1)}: server_core::session: action applied game=H7K1MA player=PlayerId(1) action_type="PassPriority" event_count=1
2026-09-18T04:14:53.438963Z  INFO ws_message:game_session{game=H7K1MA player=PlayerId(1)}: phase_server: game submission processed (lock held) game=H7K1MA kind="action" lock_ms=10 ai_actions=0
2026-09-18T04:14:53.853400Z  INFO ws_message:game_session{game=H7K1MA player=PlayerId(0)}: server_core::session: action applied game=H7K1MA player=PlayerId(0) action_type="PassPriority" event_count=1
2026-09-18T04:14:53.854869Z  INFO ws_message:game_session{game=H7K1MA player=PlayerId(0)}: phase_server: game submission processed (lock held) game=H7K1MA kind="action" lock_ms=3 ai_actions=0
2026-09-18T04:14:54.004213Z  INFO ws_message:game_session{game=H7K1MA player=PlayerId(1)}: server_core::session: action applied game=H7K1MA player=PlayerId(1) action_type="PassPriority" event_count=1
2026-09-18T04:14:54.014944Z  INFO ws_message:game_session{game=H7K1MA player=PlayerId(1)}: phase_server: game submission processed (lock held) game=H7K1MA kind="action" lock_ms=12 ai_actions=0
2026-09-18T04:14:54.154057Z  INFO ws_message:game_session{game=H7K1MA player=PlayerId(0)}: server_core::session: action applied game=H7K1MA player=PlayerId(0) action_type="PassPriority" event_count=1
2026-09-18T04:14:54.170931Z  INFO ws_message:game_session{game=H7K1MA player=PlayerId(0)}: phase_server: game submission processed (lock held) game=H7K1MA kind="action" lock_ms=18 ai_actions=0
2026-09-18T04:14:54.308166Z  INFO ws_message:game_session{game=H7K1MA player=PlayerId(1)}: server_core::session: action applied game=H7K1MA player=PlayerId(1) action_type="DeclareAttackers" event_count=2
2026-09-18T04:14:54.309467Z  INFO ws_message:game_session{game=H7K1MA player=PlayerId(1)}: phase_server: game submission processed (lock held) game=H7K1MA kind="action" lock_ms=6 ai_actions=0
2026-09-18T04:14:54.457300Z  INFO ws_message:game_session{game=H7K1MA player=PlayerId(1)}: server_core::session: action applied game=H7K1MA player=PlayerId(1) action_type="PassPriority" event_count=1
2026-09-18T04:14:54.467959Z  INFO ws_message:game_session{game=H7K1MA player=PlayerId(1)}: phase_server: game submission processed (lock held) game=H7K1MA kind="action" lock_ms=13 ai_actions=0
2026-09-18T04:14:54.610980Z  INFO ws_message:game_session{game=H7K1MA player=PlayerId(0)}: server_core::session: action applied game=H7K1MA player=PlayerId(0) action_type="PassPriority" event_count=1
2026-09-18T04:14:54.612724Z  INFO ws_message:game_session{game=H7K1MA player=PlayerId(0)}: phase_server: game submission processed (lock held) game=H7K1MA kind="action" lock_ms=6 ai_actions=0
2026-09-18T04:14:54.760072Z  INFO ws_message:game_session{game=H7K1MA player=PlayerId(1)}: server_core::session: action applied game=H7K1MA player=PlayerId(1) action_type="PassPriority" event_count=1
2026-09-18T04:14:54.771026Z  INFO ws_message:game_session{game=H7K1MA player=PlayerId(1)}: phase_server: game submission processed (lock held) game=H7K1MA kind="action" lock_ms=13 ai_actions=0
2026-09-18T04:14:54.913108Z  INFO ws_message:game_session{game=H7K1MA player=PlayerId(0)}: server_core::session: action applied game=H7K1MA player=PlayerId(0) action_type="PassPriority" event_count=1
2026-09-18T04:14:54.914323Z  INFO ws_message:game_session{game=H7K1MA player=PlayerId(0)}: phase_server: game submission processed (lock held) game=H7K1MA kind="action" lock_ms=5 ai_actions=0
2026-09-18T04:14:55.062146Z  INFO ws_message:game_session{game=H7K1MA player=PlayerId(1)}: server_core::session: action applied game=H7K1MA player=PlayerId(1) action_type="PassPriority" event_count=1
2026-09-18T04:14:55.070899Z  INFO ws_message:game_session{game=H7K1MA player=PlayerId(1)}: phase_server: game submission processed (lock held) game=H7K1MA kind="action" lock_ms=11 ai_actions=0
2026-09-18T04:14:55.215473Z  INFO ws_message:game_session{game=H7K1MA player=PlayerId(0)}: server_core::session: action applied game=H7K1MA player=PlayerId(0) action_type="PassPriority" event_count=4
2026-09-18T04:14:55.223700Z  INFO ws_message:game_session{game=H7K1MA player=PlayerId(0)}: phase_server: game submission processed (lock held) game=H7K1MA kind="action" lock_ms=13 ai_actions=0
2026-09-18T04:14:55.363104Z  INFO ws_message:game_session{game=H7K1MA player=PlayerId(0)}: server_core::session: action applied game=H7K1MA player=PlayerId(0) action_type="PassPriority" event_count=1
2026-09-18T04:14:55.365481Z  INFO ws_message:game_session{game=H7K1MA player=PlayerId(0)}: phase_server: game submission processed (lock held) game=H7K1MA kind="action" lock_ms=4 ai_actions=0
2026-09-18T04:14:55.516748Z  INFO ws_message:game_session{game=H7K1MA player=PlayerId(1)}: server_core::session: action applied game=H7K1MA player=PlayerId(1) action_type="PassPriority" event_count=4
2026-09-18T04:14:55.523327Z  INFO ws_message:game_session{game=H7K1MA player=PlayerId(1)}: phase_server: game submission processed (lock held) game=H7K1MA kind="action" lock_ms=11 ai_actions=0
2026-09-18T04:14:55.664606Z  INFO ws_message:game_session{game=H7K1MA player=PlayerId(0)}: server_core::session: action applied game=H7K1MA player=PlayerId(0) action_type="PassPriority" event_count=1
2026-09-18T04:14:55.666202Z  INFO ws_message:game_session{game=H7K1MA player=PlayerId(0)}: phase_server: game submission processed (lock held) game=H7K1MA kind="action" lock_ms=3 ai_actions=0
2026-09-18T04:14:55.816199Z  INFO ws_message:game_session{game=H7K1MA player=PlayerId(1)}: server_core::session: action applied game=H7K1MA player=PlayerId(1) action_type="PassPriority" event_count=1
2026-09-18T04:14:55.849175Z  INFO ws_message:game_session{game=H7K1MA player=PlayerId(1)}: phase_server: game submission processed (lock held) game=H7K1MA kind="action" lock_ms=35 ai_actions=0
2026-09-18T04:14:55.966852Z  INFO ws_message:game_session{game=H7K1MA player=PlayerId(0)}: server_core::session: action applied game=H7K1MA player=PlayerId(0) action_type="PassPriority" event_count=1
2026-09-18T04:14:55.968499Z  INFO ws_message:game_session{game=H7K1MA player=PlayerId(0)}: phase_server: game submission processed (lock held) game=H7K1MA kind="action" lock_ms=3 ai_actions=0
2026-09-18T04:14:56.119487Z  INFO ws_message:game_session{game=H7K1MA player=PlayerId(1)}: server_core::session: action applied game=H7K1MA player=PlayerId(1) action_type="PassPriority" event_count=1
2026-09-18T04:14:56.127262Z  INFO ws_message:game_session{game=H7K1MA player=PlayerId(1)}: phase_server: game submission processed (lock held) game=H7K1MA kind="action" lock_ms=10 ai_actions=0
2026-09-18T04:14:56.270284Z  INFO ws_message:game_session{game=H7K1MA player=PlayerId(0)}: server_core::session: action applied game=H7K1MA player=PlayerId(0) action_type="PassPriority" event_count=1
2026-09-18T04:14:56.271707Z  INFO ws_message:game_session{game=H7K1MA player=PlayerId(0)}: phase_server: game submission processed (lock held) game=H7K1MA kind="action" lock_ms=3 ai_actions=0
2026-09-18T04:14:56.424145Z  INFO ws_message:game_session{game=H7K1MA player=PlayerId(1)}: server_core::session: action applied game=H7K1MA player=PlayerId(1) action_type="PassPriority" event_count=3
2026-09-18T04:14:56.431339Z  INFO ws_message:game_session{game=H7K1MA player=PlayerId(1)}: phase_server: game submission processed (lock held) game=H7K1MA kind="action" lock_ms=12 ai_actions=0
2026-09-18T04:14:56.571331Z  INFO ws_message:game_session{game=H7K1MA player=PlayerId(0)}: server_core::session: action applied game=H7K1MA player=PlayerId(0) action_type="PassPriority" event_count=1
2026-09-18T04:14:56.573617Z  INFO ws_message:game_session{game=H7K1MA player=PlayerId(0)}: phase_server: game submission processed (lock held) game=H7K1MA kind="action" lock_ms=4 ai_actions=0
2026-09-18T04:14:56.726444Z  INFO ws_message:game_session{game=H7K1MA player=PlayerId(1)}: server_core::session: action applied game=H7K1MA player=PlayerId(1) action_type="PassPriority" event_count=1
2026-09-18T04:14:56.764691Z  INFO ws_message:game_session{game=H7K1MA player=PlayerId(1)}: phase_server: game submission processed (lock held) game=H7K1MA kind="action" lock_ms=43 ai_actions=0
2026-09-18T04:14:57.029594Z  INFO ws_message:game_session{game=H7K1MA player=PlayerId(0)}: server_core::session: action applied game=H7K1MA player=PlayerId(0) action_type="PassPriority" event_count=1
2026-09-18T04:14:57.030736Z  INFO ws_message:game_session{game=H7K1MA player=PlayerId(0)}: phase_server: game submission processed (lock held) game=H7K1MA kind="action" lock_ms=3 ai_actions=0
2026-09-18T04:14:57.205375Z  INFO ws_message:game_session{game=H7K1MA player=PlayerId(1)}: server_core::session: action applied game=H7K1MA player=PlayerId(1) action_type="PassPriority" event_count=1
2026-09-18T04:14:57.217717Z  INFO ws_message:game_session{game=H7K1MA player=PlayerId(1)}: phase_server: game submission processed (lock held) game=H7K1MA kind="action" lock_ms=38 ai_actions=0
2026-09-18T04:14:57.332024Z  INFO ws_message:game_session{game=H7K1MA player=PlayerId(0)}: server_core::session: action applied game=H7K1MA player=PlayerId(0) action_type="PassPriority" event_count=1
2026-09-18T04:14:57.333251Z  INFO ws_message:game_session{game=H7K1MA player=PlayerId(0)}: phase_server: game submission processed (lock held) game=H7K1MA kind="action" lock_ms=2 ai_actions=0
2026-09-18T04:14:57.485765Z  INFO ws_message:game_session{game=H7K1MA player=PlayerId(1)}: server_core::session: action applied game=H7K1MA player=PlayerId(1) action_type="PassPriority" event_count=1
2026-09-18T04:14:57.529821Z  INFO ws_message:game_session{game=H7K1MA player=PlayerId(1)}: phase_server: game submission processed (lock held) game=H7K1MA kind="action" lock_ms=48 ai_actions=0
2026-09-18T04:14:57.642872Z  INFO ws_message:game_session{game=H7K1MA player=PlayerId(0)}: server_core::session: interaction applied game=H7K1MA player=PlayerId(0) action_type="SelectCards" event_count=9
2026-09-18T04:14:57.644878Z  INFO ws_message:game_session{game=H7K1MA player=PlayerId(0)}: phase_server: game submission processed (lock held) game=H7K1MA kind="interaction" lock_ms=12 ai_actions=0
2026-09-18T04:14:57.786770Z  INFO ws_message:game_session{game=H7K1MA player=PlayerId(1)}: server_core::session: action applied game=H7K1MA player=PlayerId(1) action_type="PassPriority" event_count=1
2026-09-18T04:14:57.798644Z  INFO ws_message:game_session{game=H7K1MA player=PlayerId(1)}: phase_server: game submission processed (lock held) game=H7K1MA kind="action" lock_ms=14 ai_actions=0
2026-09-18T04:14:57.940721Z  INFO ws_message:game_session{game=H7K1MA player=PlayerId(0)}: server_core::session: action applied game=H7K1MA player=PlayerId(0) action_type="PassPriority" event_count=4
2026-09-18T04:14:57.941967Z  INFO ws_message:game_session{game=H7K1MA player=PlayerId(0)}: phase_server: game submission processed (lock held) game=H7K1MA kind="action" lock_ms=6 ai_actions=0
2026-09-18T04:14:58.090152Z  INFO ws_message:game_session{game=H7K1MA player=PlayerId(1)}: server_core::session: action applied game=H7K1MA player=PlayerId(1) action_type="PassPriority" event_count=1
2026-09-18T04:14:58.098709Z  INFO ws_message:game_session{game=H7K1MA player=PlayerId(1)}: phase_server: game submission processed (lock held) game=H7K1MA kind="action" lock_ms=11 ai_actions=0
2026-09-18T04:14:58.240536Z  INFO ws_message:game_session{game=H7K1MA player=PlayerId(0)}: server_core::session: action applied game=H7K1MA player=PlayerId(0) action_type="PassPriority" event_count=1
2026-09-18T04:14:58.252011Z  INFO ws_message:game_session{game=H7K1MA player=PlayerId(0)}: phase_server: game submission processed (lock held) game=H7K1MA kind="action" lock_ms=13 ai_actions=0
2026-09-18T04:14:58.395011Z  INFO ws_message:game_session{game=H7K1MA player=PlayerId(1)}: server_core::session: action applied game=H7K1MA player=PlayerId(1) action_type="PlayLand" event_count=2
2026-09-18T04:14:58.400637Z  INFO ws_message:game_session{game=H7K1MA player=PlayerId(1)}: phase_server: game submission processed (lock held) game=H7K1MA kind="action" lock_ms=11 ai_actions=0
2026-09-18T04:14:58.546858Z  INFO ws_message:game_session{game=H7K1MA player=PlayerId(1)}: server_core::session: action applied game=H7K1MA player=PlayerId(1) action_type="CastSpell" event_count=12
2026-09-18T04:14:58.547701Z  INFO ws_message:game_session{game=H7K1MA player=PlayerId(1)}: phase_server: game submission processed (lock held) game=H7K1MA kind="action" lock_ms=7 ai_actions=0
2026-09-18T04:14:58.694181Z  INFO ws_message:game_session{game=H7K1MA player=PlayerId(1)}: server_core::session: action applied game=H7K1MA player=PlayerId(1) action_type="PassPriority" event_count=1
2026-09-18T04:14:58.703519Z  INFO ws_message:game_session{game=H7K1MA player=PlayerId(1)}: phase_server: game submission processed (lock held) game=H7K1MA kind="action" lock_ms=12 ai_actions=0
2026-09-18T04:14:58.845377Z  INFO ws_message:game_session{game=H7K1MA player=PlayerId(0)}: server_core::session: action applied game=H7K1MA player=PlayerId(0) action_type="PassPriority" event_count=2
2026-09-18T04:14:58.848700Z  INFO ws_message:game_session{game=H7K1MA player=PlayerId(0)}: phase_server: game submission processed (lock held) game=H7K1MA kind="action" lock_ms=6 ai_actions=0
2026-09-18T04:14:59.002225Z  INFO ws_message:game_session{game=H7K1MA player=PlayerId(1)}: server_core::session: action applied game=H7K1MA player=PlayerId(1) action_type="CastSpell" event_count=12
2026-09-18T04:14:59.002995Z  INFO ws_message:game_session{game=H7K1MA player=PlayerId(1)}: phase_server: game submission processed (lock held) game=H7K1MA kind="action" lock_ms=8 ai_actions=0
2026-09-18T04:14:59.147996Z  INFO ws_message:game_session{game=H7K1MA player=PlayerId(1)}: server_core::session: action applied game=H7K1MA player=PlayerId(1) action_type="PassPriority" event_count=1
2026-09-18T04:14:59.157396Z  INFO ws_message:game_session{game=H7K1MA player=PlayerId(1)}: phase_server: game submission processed (lock held) game=H7K1MA kind="action" lock_ms=11 ai_actions=0
2026-09-18T04:14:59.300385Z  INFO ws_message:game_session{game=H7K1MA player=PlayerId(0)}: server_core::session: action applied game=H7K1MA player=PlayerId(0) action_type="PassPriority" event_count=2
2026-09-18T04:14:59.302087Z  INFO ws_message:game_session{game=H7K1MA player=PlayerId(0)}: phase_server: game submission processed (lock held) game=H7K1MA kind="action" lock_ms=5 ai_actions=0
2026-09-18T04:14:59.453384Z  INFO ws_message:game_session{game=H7K1MA player=PlayerId(1)}: server_core::session: action applied game=H7K1MA player=PlayerId(1) action_type="PassPriority" event_count=1
2026-09-18T04:14:59.464589Z  INFO ws_message:game_session{game=H7K1MA player=PlayerId(1)}: phase_server: game submission processed (lock held) game=H7K1MA kind="action" lock_ms=16 ai_actions=0
2026-09-18T04:14:59.603861Z  INFO ws_message:game_session{game=H7K1MA player=PlayerId(0)}: server_core::session: action applied game=H7K1MA player=PlayerId(0) action_type="PassPriority" event_count=1
2026-09-18T04:14:59.607622Z  INFO ws_message:game_session{game=H7K1MA player=PlayerId(0)}: phase_server: game submission processed (lock held) game=H7K1MA kind="action" lock_ms=5 ai_actions=0
2026-09-18T04:14:59.754989Z  INFO ws_message:game_session{game=H7K1MA player=PlayerId(1)}: server_core::session: action applied game=H7K1MA player=PlayerId(1) action_type="PassPriority" event_count=1
2026-09-18T04:14:59.762569Z  INFO ws_message:game_session{game=H7K1MA player=PlayerId(1)}: phase_server: game submission processed (lock held) game=H7K1MA kind="action" lock_ms=9 ai_actions=0
2026-09-18T04:14:59.905050Z  INFO ws_message:game_session{game=H7K1MA player=PlayerId(0)}: server_core::session: action applied game=H7K1MA player=PlayerId(0) action_type="PassPriority" event_count=1
2026-09-18T04:14:59.926622Z  INFO ws_message:game_session{game=H7K1MA player=PlayerId(0)}: phase_server: game submission processed (lock held) game=H7K1MA kind="action" lock_ms=23 ai_actions=0
2026-09-18T04:15:00.059046Z  INFO ws_message:game_session{game=H7K1MA player=PlayerId(1)}: server_core::session: action applied game=H7K1MA player=PlayerId(1) action_type="DeclareAttackers" event_count=2
2026-09-18T04:15:00.060596Z  INFO ws_message:game_session{game=H7K1MA player=PlayerId(1)}: phase_server: game submission processed (lock held) game=H7K1MA kind="action" lock_ms=6 ai_actions=0
2026-09-18T04:15:00.207777Z  INFO ws_message:game_session{game=H7K1MA player=PlayerId(1)}: server_core::session: action applied game=H7K1MA player=PlayerId(1) action_type="PassPriority" event_count=1
2026-09-18T04:15:00.215709Z  INFO ws_message:game_session{game=H7K1MA player=PlayerId(1)}: phase_server: game submission processed (lock held) game=H7K1MA kind="action" lock_ms=10 ai_actions=0
2026-09-18T04:15:00.361434Z  INFO ws_message:game_session{game=H7K1MA player=PlayerId(0)}: server_core::session: action applied game=H7K1MA player=PlayerId(0) action_type="PassPriority" event_count=1
2026-09-18T04:15:00.363029Z  INFO ws_message:game_session{game=H7K1MA player=PlayerId(0)}: phase_server: game submission processed (lock held) game=H7K1MA kind="action" lock_ms=7 ai_actions=0
2026-09-18T04:15:00.511766Z  INFO ws_message:game_session{game=H7K1MA player=PlayerId(1)}: server_core::session: action applied game=H7K1MA player=PlayerId(1) action_type="PassPriority" event_count=1
2026-09-18T04:15:00.519450Z  INFO ws_message:game_session{game=H7K1MA player=PlayerId(1)}: phase_server: game submission processed (lock held) game=H7K1MA kind="action" lock_ms=10 ai_actions=0
2026-09-18T04:15:00.666040Z  INFO ws_message:game_session{game=H7K1MA player=PlayerId(0)}: server_core::session: action applied game=H7K1MA player=PlayerId(0) action_type="PassPriority" event_count=1
2026-09-18T04:15:00.669692Z  INFO ws_message:game_session{game=H7K1MA player=PlayerId(0)}: phase_server: game submission processed (lock held) game=H7K1MA kind="action" lock_ms=8 ai_actions=0
2026-09-18T04:15:00.815558Z  INFO ws_message:game_session{game=H7K1MA player=PlayerId(1)}: server_core::session: action applied game=H7K1MA player=PlayerId(1) action_type="PassPriority" event_count=1
2026-09-18T04:15:00.823569Z  INFO ws_message:game_session{game=H7K1MA player=PlayerId(1)}: phase_server: game submission processed (lock held) game=H7K1MA kind="action" lock_ms=11 ai_actions=0
2026-09-18T04:15:00.968567Z  INFO ws_message:game_session{game=H7K1MA player=PlayerId(0)}: server_core::session: action applied game=H7K1MA player=PlayerId(0) action_type="PassPriority" event_count=4
2026-09-18T04:15:00.975815Z  INFO ws_message:game_session{game=H7K1MA player=PlayerId(0)}: phase_server: game submission processed (lock held) game=H7K1MA kind="action" lock_ms=12 ai_actions=0
2026-09-18T04:15:01.117161Z  INFO ws_message:game_session{game=H7K1MA player=PlayerId(0)}: server_core::session: action applied game=H7K1MA player=PlayerId(0) action_type="PassPriority" event_count=1
2026-09-18T04:15:01.119738Z  INFO ws_message:game_session{game=H7K1MA player=PlayerId(0)}: phase_server: game submission processed (lock held) game=H7K1MA kind="action" lock_ms=4 ai_actions=0
2026-09-18T04:15:01.271579Z  INFO ws_message:game_session{game=H7K1MA player=PlayerId(1)}: server_core::session: action applied game=H7K1MA player=PlayerId(1) action_type="PassPriority" event_count=4
2026-09-18T04:15:01.280008Z  INFO ws_message:game_session{game=H7K1MA player=PlayerId(1)}: phase_server: game submission processed (lock held) game=H7K1MA kind="action" lock_ms=13 ai_actions=0
2026-09-18T04:15:01.420125Z  INFO ws_message:game_session{game=H7K1MA player=PlayerId(0)}: server_core::session: action applied game=H7K1MA player=PlayerId(0) action_type="PassPriority" event_count=1
2026-09-18T04:15:01.422063Z  INFO ws_message:game_session{game=H7K1MA player=PlayerId(0)}: phase_server: game submission processed (lock held) game=H7K1MA kind="action" lock_ms=4 ai_actions=0
2026-09-18T04:15:01.571140Z  INFO ws_message:game_session{game=H7K1MA player=PlayerId(1)}: server_core::session: action applied game=H7K1MA player=PlayerId(1) action_type="PassPriority" event_count=1
2026-09-18T04:15:01.602316Z  INFO ws_message:game_session{game=H7K1MA player=PlayerId(1)}: phase_server: game submission processed (lock held) game=H7K1MA kind="action" lock_ms=33 ai_actions=0
2026-09-18T04:15:01.722646Z  INFO ws_message:game_session{game=H7K1MA player=PlayerId(0)}: server_core::session: action applied game=H7K1MA player=PlayerId(0) action_type="PassPriority" event_count=1
2026-09-18T04:15:01.724084Z  INFO ws_message:game_session{game=H7K1MA player=PlayerId(0)}: phase_server: game submission processed (lock held) game=H7K1MA kind="action" lock_ms=3 ai_actions=0
2026-09-18T04:15:01.874006Z  INFO ws_message:game_session{game=H7K1MA player=PlayerId(1)}: server_core::session: action applied game=H7K1MA player=PlayerId(1) action_type="PassPriority" event_count=1
2026-09-18T04:15:01.882632Z  INFO ws_message:game_session{game=H7K1MA player=PlayerId(1)}: phase_server: game submission processed (lock held) game=H7K1MA kind="action" lock_ms=11 ai_actions=0
2026-09-18T04:15:02.024527Z  INFO ws_message:game_session{game=H7K1MA player=PlayerId(0)}: server_core::session: action applied game=H7K1MA player=PlayerId(0) action_type="PassPriority" event_count=1
2026-09-18T04:15:02.026113Z  INFO ws_message:game_session{game=H7K1MA player=PlayerId(0)}: phase_server: game submission processed (lock held) game=H7K1MA kind="action" lock_ms=3 ai_actions=0
2026-09-18T04:15:02.179760Z  INFO ws_message:game_session{game=H7K1MA player=PlayerId(1)}: server_core::session: action applied game=H7K1MA player=PlayerId(1) action_type="PassPriority" event_count=3
2026-09-18T04:15:02.189209Z  INFO ws_message:game_session{game=H7K1MA player=PlayerId(1)}: phase_server: game submission processed (lock held) game=H7K1MA kind="action" lock_ms=14 ai_actions=0
2026-09-18T04:15:02.327645Z  INFO ws_message:game_session{game=H7K1MA player=PlayerId(0)}: server_core::session: action applied game=H7K1MA player=PlayerId(0) action_type="PassPriority" event_count=1
2026-09-18T04:15:02.329829Z  INFO ws_message:game_session{game=H7K1MA player=PlayerId(0)}: phase_server: game submission processed (lock held) game=H7K1MA kind="action" lock_ms=4 ai_actions=0
2026-09-18T04:15:02.482498Z  INFO ws_message:game_session{game=H7K1MA player=PlayerId(1)}: server_core::session: action applied game=H7K1MA player=PlayerId(1) action_type="PassPriority" event_count=1
2026-09-18T04:15:02.515523Z  INFO ws_message:game_session{game=H7K1MA player=PlayerId(1)}: phase_server: game submission processed (lock held) game=H7K1MA kind="action" lock_ms=38 ai_actions=0
2026-09-18T04:15:02.630239Z  INFO ws_message:game_session{game=H7K1MA player=PlayerId(0)}: server_core::session: action applied game=H7K1MA player=PlayerId(0) action_type="PassPriority" event_count=1
2026-09-18T04:15:02.631706Z  INFO ws_message:game_session{game=H7K1MA player=PlayerId(0)}: phase_server: game submission processed (lock held) game=H7K1MA kind="action" lock_ms=3 ai_actions=0
2026-09-18T04:15:02.784151Z  INFO ws_message:game_session{game=H7K1MA player=PlayerId(1)}: server_core::session: action applied game=H7K1MA player=PlayerId(1) action_type="PassPriority" event_count=1
2026-09-18T04:15:02.793284Z  INFO ws_message:game_session{game=H7K1MA player=PlayerId(1)}: phase_server: game submission processed (lock held) game=H7K1MA kind="action" lock_ms=14 ai_actions=0
2026-09-18T04:15:02.931619Z  INFO ws_message:game_session{game=H7K1MA player=PlayerId(0)}: server_core::session: action applied game=H7K1MA player=PlayerId(0) action_type="PassPriority" event_count=1
2026-09-18T04:15:02.933321Z  INFO ws_message:game_session{game=H7K1MA player=PlayerId(0)}: phase_server: game submission processed (lock held) game=H7K1MA kind="action" lock_ms=3 ai_actions=0
2026-09-18T04:15:03.084811Z  INFO ws_message:game_session{game=H7K1MA player=PlayerId(1)}: server_core::session: action applied game=H7K1MA player=PlayerId(1) action_type="PassPriority" event_count=1
2026-09-18T04:15:03.121096Z  INFO ws_message:game_session{game=H7K1MA player=PlayerId(1)}: phase_server: game submission processed (lock held) game=H7K1MA kind="action" lock_ms=40 ai_actions=0
2026-09-18T04:15:03.241689Z  INFO ws_message:game_session{game=H7K1MA player=PlayerId(0)}: server_core::session: interaction applied game=H7K1MA player=PlayerId(0) action_type="SelectCards" event_count=9
2026-09-18T04:15:03.243455Z  INFO ws_message:game_session{game=H7K1MA player=PlayerId(0)}: phase_server: game submission processed (lock held) game=H7K1MA kind="interaction" lock_ms=12 ai_actions=0
2026-09-18T04:15:03.385502Z  INFO ws_message:game_session{game=H7K1MA player=PlayerId(1)}: server_core::session: action applied game=H7K1MA player=PlayerId(1) action_type="PassPriority" event_count=1
2026-09-18T04:15:03.395284Z  INFO ws_message:game_session{game=H7K1MA player=PlayerId(1)}: phase_server: game submission processed (lock held) game=H7K1MA kind="action" lock_ms=12 ai_actions=0
2026-09-18T04:15:03.539221Z  INFO ws_message:game_session{game=H7K1MA player=PlayerId(0)}: server_core::session: action applied game=H7K1MA player=PlayerId(0) action_type="PassPriority" event_count=4
2026-09-18T04:15:03.540121Z  INFO ws_message:game_session{game=H7K1MA player=PlayerId(0)}: phase_server: game submission processed (lock held) game=H7K1MA kind="action" lock_ms=6 ai_actions=0
2026-09-18T04:15:03.687468Z  INFO ws_message:game_session{game=H7K1MA player=PlayerId(1)}: server_core::session: action applied game=H7K1MA player=PlayerId(1) action_type="PassPriority" event_count=1
2026-09-18T04:15:03.696420Z  INFO ws_message:game_session{game=H7K1MA player=PlayerId(1)}: phase_server: game submission processed (lock held) game=H7K1MA kind="action" lock_ms=11 ai_actions=0
2026-09-18T04:15:03.838411Z  INFO ws_message:game_session{game=H7K1MA player=PlayerId(0)}: server_core::session: action applied game=H7K1MA player=PlayerId(0) action_type="PassPriority" event_count=1
2026-09-18T04:15:03.844376Z  INFO ws_message:game_session{game=H7K1MA player=PlayerId(0)}: phase_server: game submission processed (lock held) game=H7K1MA kind="action" lock_ms=8 ai_actions=0
2026-09-18T04:15:04.173935Z  INFO ws_message:game_session{game=H7K1MA player=PlayerId(1)}: server_core::session: action applied game=H7K1MA player=PlayerId(1) action_type="PlayLand" event_count=2
2026-09-18T04:15:04.180070Z  INFO ws_message:game_session{game=H7K1MA player=PlayerId(1)}: phase_server: game submission processed (lock held) game=H7K1MA kind="action" lock_ms=12 ai_actions=0
2026-09-18T04:15:04.321515Z  INFO ws_message:game_session{game=H7K1MA player=PlayerId(1)}: server_core::session: action applied game=H7K1MA player=PlayerId(1) action_type="PassPriority" event_count=1
2026-09-18T04:15:04.330360Z  INFO ws_message:game_session{game=H7K1MA player=PlayerId(1)}: phase_server: game submission processed (lock held) game=H7K1MA kind="action" lock_ms=11 ai_actions=0
2026-09-18T04:15:04.473206Z  INFO ws_message:game_session{game=H7K1MA player=PlayerId(0)}: server_core::session: action applied game=H7K1MA player=PlayerId(0) action_type="PassPriority" event_count=1
2026-09-18T04:15:04.478900Z  INFO ws_message:game_session{game=H7K1MA player=PlayerId(0)}: phase_server: game submission processed (lock held) game=H7K1MA kind="action" lock_ms=9 ai_actions=0
2026-09-18T04:15:04.624473Z  INFO ws_message:game_session{game=H7K1MA player=PlayerId(1)}: server_core::session: action applied game=H7K1MA player=PlayerId(1) action_type="PassPriority" event_count=1
2026-09-18T04:15:04.633022Z  INFO ws_message:game_session{game=H7K1MA player=PlayerId(1)}: phase_server: game submission processed (lock held) game=H7K1MA kind="action" lock_ms=11 ai_actions=0
2026-09-18T04:15:04.776363Z  INFO ws_message:game_session{game=H7K1MA player=PlayerId(0)}: server_core::session: action applied game=H7K1MA player=PlayerId(0) action_type="PassPriority" event_count=1
2026-09-18T04:15:04.800976Z  INFO ws_message:game_session{game=H7K1MA player=PlayerId(0)}: phase_server: game submission processed (lock held) game=H7K1MA kind="action" lock_ms=26 ai_actions=0
2026-09-18T04:15:04.931068Z  INFO ws_message:game_session{game=H7K1MA player=PlayerId(1)}: server_core::session: action applied game=H7K1MA player=PlayerId(1) action_type="DeclareAttackers" event_count=2
2026-09-18T04:15:04.937131Z  INFO ws_message:game_session{game=H7K1MA player=PlayerId(1)}: phase_server: game submission processed (lock held) game=H7K1MA kind="action" lock_ms=11 ai_actions=0
2026-09-18T04:15:05.079563Z  INFO ws_message:game_session{game=H7K1MA player=PlayerId(1)}: server_core::session: action applied game=H7K1MA player=PlayerId(1) action_type="PassPriority" event_count=1
2026-09-18T04:15:05.090346Z  INFO ws_message:game_session{game=H7K1MA player=PlayerId(1)}: phase_server: game submission processed (lock held) game=H7K1MA kind="action" lock_ms=13 ai_actions=0
2026-09-18T04:15:05.232991Z  INFO ws_message:game_session{game=H7K1MA player=PlayerId(0)}: server_core::session: action applied game=H7K1MA player=PlayerId(0) action_type="PassPriority" event_count=1
2026-09-18T04:15:05.238596Z  INFO ws_message:game_session{game=H7K1MA player=PlayerId(0)}: phase_server: game submission processed (lock held) game=H7K1MA kind="action" lock_ms=10 ai_actions=0
2026-09-18T04:15:05.381849Z  INFO ws_message:game_session{game=H7K1MA player=PlayerId(1)}: server_core::session: action applied game=H7K1MA player=PlayerId(1) action_type="PassPriority" event_count=1
2026-09-18T04:15:05.393111Z  INFO ws_message:game_session{game=H7K1MA player=PlayerId(1)}: phase_server: game submission processed (lock held) game=H7K1MA kind="action" lock_ms=13 ai_actions=0
2026-09-18T04:15:05.534883Z  INFO ws_message:game_session{game=H7K1MA player=PlayerId(0)}: server_core::session: action applied game=H7K1MA player=PlayerId(0) action_type="PassPriority" event_count=1
2026-09-18T04:15:05.540478Z  INFO ws_message:game_session{game=H7K1MA player=PlayerId(0)}: phase_server: game submission processed (lock held) game=H7K1MA kind="action" lock_ms=10 ai_actions=0
2026-09-18T04:15:05.683991Z  INFO ws_message:game_session{game=H7K1MA player=PlayerId(1)}: server_core::session: action applied game=H7K1MA player=PlayerId(1) action_type="PassPriority" event_count=1
2026-09-18T04:15:05.696832Z  INFO ws_message:game_session{game=H7K1MA player=PlayerId(1)}: phase_server: game submission processed (lock held) game=H7K1MA kind="action" lock_ms=15 ai_actions=0
2026-09-18T04:15:05.842321Z  INFO ws_message:game_session{game=H7K1MA player=PlayerId(0)}: server_core::session: action applied game=H7K1MA player=PlayerId(0) action_type="PassPriority" event_count=4
2026-09-18T04:15:05.851306Z  INFO ws_message:game_session{game=H7K1MA player=PlayerId(0)}: phase_server: game submission processed (lock held) game=H7K1MA kind="action" lock_ms=17 ai_actions=0
2026-09-18T04:15:05.987372Z  INFO ws_message:game_session{game=H7K1MA player=PlayerId(0)}: server_core::session: action applied game=H7K1MA player=PlayerId(0) action_type="PassPriority" event_count=1
2026-09-18T04:15:05.993223Z  INFO ws_message:game_session{game=H7K1MA player=PlayerId(0)}: phase_server: game submission processed (lock held) game=H7K1MA kind="action" lock_ms=8 ai_actions=0
2026-09-18T04:15:06.140873Z  INFO ws_message:game_session{game=H7K1MA player=PlayerId(1)}: server_core::session: action applied game=H7K1MA player=PlayerId(1) action_type="PassPriority" event_count=4
2026-09-18T04:15:06.148997Z  INFO ws_message:game_session{game=H7K1MA player=PlayerId(1)}: phase_server: game submission processed (lock held) game=H7K1MA kind="action" lock_ms=13 ai_actions=0
2026-09-18T04:15:06.290204Z  INFO ws_message:game_session{game=H7K1MA player=PlayerId(0)}: server_core::session: action applied game=H7K1MA player=PlayerId(0) action_type="PassPriority" event_count=1
2026-09-18T04:15:06.300284Z  INFO ws_message:game_session{game=H7K1MA player=PlayerId(0)}: phase_server: game submission processed (lock held) game=H7K1MA kind="action" lock_ms=13 ai_actions=0
2026-09-18T04:15:06.441705Z  INFO ws_message:game_session{game=H7K1MA player=PlayerId(1)}: server_core::session: action applied game=H7K1MA player=PlayerId(1) action_type="PassPriority" event_count=1
2026-09-18T04:15:06.471032Z  INFO ws_message:game_session{game=H7K1MA player=PlayerId(1)}: phase_server: game submission processed (lock held) game=H7K1MA kind="action" lock_ms=31 ai_actions=0
2026-09-18T04:15:06.594351Z  INFO ws_message:game_session{game=H7K1MA player=PlayerId(0)}: server_core::session: action applied game=H7K1MA player=PlayerId(0) action_type="PlayLand" event_count=2
2026-09-18T04:15:06.635798Z  INFO ws_message:game_session{game=H7K1MA player=PlayerId(0)}: phase_server: game submission processed (lock held) game=H7K1MA kind="action" lock_ms=46 ai_actions=0
2026-09-18T04:15:06.895747Z  INFO ws_message:game_session{game=H7K1MA player=PlayerId(0)}: server_core::session: action applied game=H7K1MA player=PlayerId(0) action_type="PassPriority" event_count=1
2026-09-18T04:15:06.903404Z  INFO ws_message:game_session{game=H7K1MA player=PlayerId(0)}: phase_server: game submission processed (lock held) game=H7K1MA kind="action" lock_ms=11 ai_actions=0
2026-09-18T04:15:07.045681Z  INFO ws_message:game_session{game=H7K1MA player=PlayerId(1)}: server_core::session: action applied game=H7K1MA player=PlayerId(1) action_type="PassPriority" event_count=1
2026-09-18T04:15:07.054380Z  INFO ws_message:game_session{game=H7K1MA player=PlayerId(1)}: phase_server: game submission processed (lock held) game=H7K1MA kind="action" lock_ms=11 ai_actions=0
2026-09-18T04:15:07.198012Z  INFO ws_message:game_session{game=H7K1MA player=PlayerId(0)}: server_core::session: action applied game=H7K1MA player=PlayerId(0) action_type="PassPriority" event_count=1
2026-09-18T04:15:07.212762Z  INFO ws_message:game_session{game=H7K1MA player=PlayerId(0)}: phase_server: game submission processed (lock held) game=H7K1MA kind="action" lock_ms=18 ai_actions=0
2026-09-18T04:15:07.351916Z  INFO ws_message:game_session{game=H7K1MA player=PlayerId(1)}: server_core::session: action applied game=H7K1MA player=PlayerId(1) action_type="PassPriority" event_count=3
2026-09-18T04:15:07.361206Z  INFO ws_message:game_session{game=H7K1MA player=PlayerId(1)}: phase_server: game submission processed (lock held) game=H7K1MA kind="action" lock_ms=14 ai_actions=0
2026-09-18T04:15:07.500262Z  INFO ws_message:game_session{game=H7K1MA player=PlayerId(0)}: server_core::session: action applied game=H7K1MA player=PlayerId(0) action_type="PassPriority" event_count=1
2026-09-18T04:15:07.507575Z  INFO ws_message:game_session{game=H7K1MA player=PlayerId(0)}: phase_server: game submission processed (lock held) game=H7K1MA kind="action" lock_ms=10 ai_actions=0
2026-09-18T04:15:07.652827Z  INFO ws_message:game_session{game=H7K1MA player=PlayerId(1)}: server_core::session: action applied game=H7K1MA player=PlayerId(1) action_type="PassPriority" event_count=1
2026-09-18T04:15:07.677073Z  INFO ws_message:game_session{game=H7K1MA player=PlayerId(1)}: phase_server: game submission processed (lock held) game=H7K1MA kind="action" lock_ms=29 ai_actions=0
2026-09-18T04:15:07.802943Z  INFO ws_message:game_session{game=H7K1MA player=PlayerId(0)}: server_core::session: action applied game=H7K1MA player=PlayerId(0) action_type="PassPriority" event_count=1
2026-09-18T04:15:07.809512Z  INFO ws_message:game_session{game=H7K1MA player=PlayerId(0)}: phase_server: game submission processed (lock held) game=H7K1MA kind="action" lock_ms=9 ai_actions=0
2026-09-18T04:15:07.955898Z  INFO ws_message:game_session{game=H7K1MA player=PlayerId(1)}: server_core::session: action applied game=H7K1MA player=PlayerId(1) action_type="PassPriority" event_count=1
2026-09-18T04:15:07.964463Z  INFO ws_message:game_session{game=H7K1MA player=PlayerId(1)}: phase_server: game submission processed (lock held) game=H7K1MA kind="action" lock_ms=12 ai_actions=0
2026-09-18T04:15:08.104575Z  INFO ws_message:game_session{game=H7K1MA player=PlayerId(0)}: server_core::session: action applied game=H7K1MA player=PlayerId(0) action_type="PassPriority" event_count=1
2026-09-18T04:15:08.110127Z  INFO ws_message:game_session{game=H7K1MA player=PlayerId(0)}: phase_server: game submission processed (lock held) game=H7K1MA kind="action" lock_ms=7 ai_actions=0
2026-09-18T04:15:08.263004Z  INFO ws_message:game_session{game=H7K1MA player=PlayerId(1)}: server_core::session: action applied game=H7K1MA player=PlayerId(1) action_type="PassPriority" event_count=4
2026-09-18T04:15:08.264803Z  INFO ws_message:game_session{game=H7K1MA player=PlayerId(1)}: phase_server: game submission processed (lock held) game=H7K1MA kind="action" lock_ms=11 ai_actions=0
2026-09-18T04:15:08.407480Z  INFO ws_message:game_session{game=H7K1MA player=PlayerId(1)}: server_core::session: action applied game=H7K1MA player=PlayerId(1) action_type="PassPriority" event_count=1
2026-09-18T04:15:08.417052Z  INFO ws_message:game_session{game=H7K1MA player=PlayerId(1)}: phase_server: game submission processed (lock held) game=H7K1MA kind="action" lock_ms=12 ai_actions=0
2026-09-18T04:15:08.561924Z  INFO ws_message:game_session{game=H7K1MA player=PlayerId(0)}: server_core::session: action applied game=H7K1MA player=PlayerId(0) action_type="PassPriority" event_count=4
2026-09-18T04:15:08.562814Z  INFO ws_message:game_session{game=H7K1MA player=PlayerId(0)}: phase_server: game submission processed (lock held) game=H7K1MA kind="action" lock_ms=7 ai_actions=0
2026-09-18T04:15:08.710336Z  INFO ws_message:game_session{game=H7K1MA player=PlayerId(1)}: server_core::session: action applied game=H7K1MA player=PlayerId(1) action_type="PassPriority" event_count=1
2026-09-18T04:15:08.719264Z  INFO ws_message:game_session{game=H7K1MA player=PlayerId(1)}: phase_server: game submission processed (lock held) game=H7K1MA kind="action" lock_ms=11 ai_actions=0
2026-09-18T04:15:08.861104Z  INFO ws_message:game_session{game=H7K1MA player=PlayerId(0)}: server_core::session: action applied game=H7K1MA player=PlayerId(0) action_type="PassPriority" event_count=1
2026-09-18T04:15:08.867453Z  INFO ws_message:game_session{game=H7K1MA player=PlayerId(0)}: phase_server: game submission processed (lock held) game=H7K1MA kind="action" lock_ms=8 ai_actions=0
2026-09-18T04:15:09.015551Z  INFO ws_message:game_session{game=H7K1MA player=PlayerId(1)}: server_core::session: action applied game=H7K1MA player=PlayerId(1) action_type="PlayLand" event_count=2
2026-09-18T04:15:09.022093Z  INFO ws_message:game_session{game=H7K1MA player=PlayerId(1)}: phase_server: game submission processed (lock held) game=H7K1MA kind="action" lock_ms=12 ai_actions=0
2026-09-18T04:15:09.166119Z  INFO ws_message:game_session{game=H7K1MA player=PlayerId(1)}: server_core::session: action applied game=H7K1MA player=PlayerId(1) action_type="PassPriority" event_count=1
2026-09-18T04:15:09.179486Z  INFO ws_message:game_session{game=H7K1MA player=PlayerId(1)}: phase_server: game submission processed (lock held) game=H7K1MA kind="action" lock_ms=18 ai_actions=0
2026-09-18T04:15:09.314948Z  INFO ws_message:game_session{game=H7K1MA player=PlayerId(0)}: server_core::session: action applied game=H7K1MA player=PlayerId(0) action_type="PassPriority" event_count=1
2026-09-18T04:15:09.322042Z  INFO ws_message:game_session{game=H7K1MA player=PlayerId(0)}: phase_server: game submission processed (lock held) game=H7K1MA kind="action" lock_ms=10 ai_actions=0
2026-09-18T04:15:09.467232Z  INFO ws_message:game_session{game=H7K1MA player=PlayerId(1)}: server_core::session: action applied game=H7K1MA player=PlayerId(1) action_type="PassPriority" event_count=1
2026-09-18T04:15:09.479535Z  INFO ws_message:game_session{game=H7K1MA player=PlayerId(1)}: phase_server: game submission processed (lock held) game=H7K1MA kind="action" lock_ms=16 ai_actions=0
2026-09-18T04:15:09.615999Z  INFO ws_message:game_session{game=H7K1MA player=PlayerId(0)}: server_core::session: action applied game=H7K1MA player=PlayerId(0) action_type="PassPriority" event_count=1
2026-09-18T04:15:09.641345Z  INFO ws_message:game_session{game=H7K1MA player=PlayerId(0)}: phase_server: game submission processed (lock held) game=H7K1MA kind="action" lock_ms=26 ai_actions=0
2026-09-18T04:15:09.771138Z  INFO ws_message:game_session{game=H7K1MA player=PlayerId(1)}: server_core::session: action applied game=H7K1MA player=PlayerId(1) action_type="DeclareAttackers" event_count=2
2026-09-18T04:15:09.777643Z  INFO ws_message:game_session{game=H7K1MA player=PlayerId(1)}: phase_server: game submission processed (lock held) game=H7K1MA kind="action" lock_ms=12 ai_actions=0
2026-09-18T04:15:09.918385Z  INFO ws_message:game_session{game=H7K1MA player=PlayerId(1)}: server_core::session: action applied game=H7K1MA player=PlayerId(1) action_type="PassPriority" event_count=1
2026-09-18T04:15:09.927347Z  INFO ws_message:game_session{game=H7K1MA player=PlayerId(1)}: phase_server: game submission processed (lock held) game=H7K1MA kind="action" lock_ms=11 ai_actions=0
2026-09-18T04:15:10.071909Z  INFO ws_message:game_session{game=H7K1MA player=PlayerId(0)}: server_core::session: action applied game=H7K1MA player=PlayerId(0) action_type="PassPriority" event_count=1
2026-09-18T04:15:10.079528Z  INFO ws_message:game_session{game=H7K1MA player=PlayerId(0)}: phase_server: game submission processed (lock held) game=H7K1MA kind="action" lock_ms=12 ai_actions=0
2026-09-18T04:15:10.219739Z  INFO ws_message:game_session{game=H7K1MA player=PlayerId(1)}: server_core::session: action applied game=H7K1MA player=PlayerId(1) action_type="PassPriority" event_count=1
2026-09-18T04:15:10.228952Z  INFO ws_message:game_session{game=H7K1MA player=PlayerId(1)}: phase_server: game submission processed (lock held) game=H7K1MA kind="action" lock_ms=11 ai_actions=0
2026-09-18T04:15:10.373057Z  INFO ws_message:game_session{game=H7K1MA player=PlayerId(0)}: server_core::session: action applied game=H7K1MA player=PlayerId(0) action_type="PassPriority" event_count=1
2026-09-18T04:15:10.380645Z  INFO ws_message:game_session{game=H7K1MA player=PlayerId(0)}: phase_server: game submission processed (lock held) game=H7K1MA kind="action" lock_ms=12 ai_actions=0
2026-09-18T04:15:10.521631Z  INFO ws_message:game_session{game=H7K1MA player=PlayerId(1)}: server_core::session: action applied game=H7K1MA player=PlayerId(1) action_type="PassPriority" event_count=1
2026-09-18T04:15:10.531112Z  INFO ws_message:game_session{game=H7K1MA player=PlayerId(1)}: phase_server: game submission processed (lock held) game=H7K1MA kind="action" lock_ms=12 ai_actions=0
2026-09-18T04:15:10.675405Z  INFO ws_message:game_session{game=H7K1MA player=PlayerId(0)}: server_core::session: action applied game=H7K1MA player=PlayerId(0) action_type="PassPriority" event_count=4
2026-09-18T04:15:10.684976Z  INFO ws_message:game_session{game=H7K1MA player=PlayerId(0)}: phase_server: game submission processed (lock held) game=H7K1MA kind="action" lock_ms=15 ai_actions=0
2026-09-18T04:15:10.826039Z  INFO ws_message:game_session{game=H7K1MA player=PlayerId(0)}: server_core::session: action applied game=H7K1MA player=PlayerId(0) action_type="PassPriority" event_count=1
2026-09-18T04:15:10.832536Z  INFO ws_message:game_session{game=H7K1MA player=PlayerId(0)}: phase_server: game submission processed (lock held) game=H7K1MA kind="action" lock_ms=9 ai_actions=0
2026-09-18T04:15:10.979446Z  INFO ws_message:game_session{game=H7K1MA player=PlayerId(1)}: server_core::session: action applied game=H7K1MA player=PlayerId(1) action_type="PassPriority" event_count=4
2026-09-18T04:15:10.989924Z  INFO ws_message:game_session{game=H7K1MA player=PlayerId(1)}: phase_server: game submission processed (lock held) game=H7K1MA kind="action" lock_ms=16 ai_actions=0
2026-09-18T04:15:11.127786Z  INFO ws_message:game_session{game=H7K1MA player=PlayerId(0)}: server_core::session: action applied game=H7K1MA player=PlayerId(0) action_type="PassPriority" event_count=1
2026-09-18T04:15:11.134375Z  INFO ws_message:game_session{game=H7K1MA player=PlayerId(0)}: phase_server: game submission processed (lock held) game=H7K1MA kind="action" lock_ms=9 ai_actions=0
2026-09-18T04:15:11.279250Z  INFO ws_message:game_session{game=H7K1MA player=PlayerId(1)}: server_core::session: action applied game=H7K1MA player=PlayerId(1) action_type="PassPriority" event_count=1
2026-09-18T04:15:11.306872Z  INFO ws_message:game_session{game=H7K1MA player=PlayerId(1)}: phase_server: game submission processed (lock held) game=H7K1MA kind="action" lock_ms=30 ai_actions=0
2026-09-18T04:15:11.428990Z  INFO ws_message:game_session{game=H7K1MA player=PlayerId(0)}: server_core::session: action applied game=H7K1MA player=PlayerId(0) action_type="PassPriority" event_count=1
2026-09-18T04:15:11.435742Z  INFO ws_message:game_session{game=H7K1MA player=PlayerId(0)}: phase_server: game submission processed (lock held) game=H7K1MA kind="action" lock_ms=8 ai_actions=0
2026-09-18T04:15:11.581036Z  INFO ws_message:game_session{game=H7K1MA player=PlayerId(1)}: server_core::session: action applied game=H7K1MA player=PlayerId(1) action_type="PassPriority" event_count=1
2026-09-18T04:15:11.591400Z  INFO ws_message:game_session{game=H7K1MA player=PlayerId(1)}: phase_server: game submission processed (lock held) game=H7K1MA kind="action" lock_ms=13 ai_actions=0
2026-09-18T04:15:11.731387Z  INFO ws_message:game_session{game=H7K1MA player=PlayerId(0)}: server_core::session: action applied game=H7K1MA player=PlayerId(0) action_type="PassPriority" event_count=1
2026-09-18T04:15:11.739427Z  INFO ws_message:game_session{game=H7K1MA player=PlayerId(0)}: phase_server: game submission processed (lock held) game=H7K1MA kind="action" lock_ms=10 ai_actions=0
2026-09-18T04:15:11.887345Z  INFO ws_message:game_session{game=H7K1MA player=PlayerId(1)}: server_core::session: action applied game=H7K1MA player=PlayerId(1) action_type="PassPriority" event_count=3
2026-09-18T04:15:11.897982Z  INFO ws_message:game_session{game=H7K1MA player=PlayerId(1)}: phase_server: game submission processed (lock held) game=H7K1MA kind="action" lock_ms=16 ai_actions=0
2026-09-18T04:15:12.035317Z  INFO ws_message:game_session{game=H7K1MA player=PlayerId(0)}: server_core::session: action applied game=H7K1MA player=PlayerId(0) action_type="PassPriority" event_count=1
2026-09-18T04:15:12.041643Z  INFO ws_message:game_session{game=H7K1MA player=PlayerId(0)}: phase_server: game submission processed (lock held) game=H7K1MA kind="action" lock_ms=8 ai_actions=0
2026-09-18T04:15:12.189801Z  INFO ws_message:game_session{game=H7K1MA player=PlayerId(1)}: server_core::session: action applied game=H7K1MA player=PlayerId(1) action_type="PassPriority" event_count=1
2026-09-18T04:15:12.216777Z  INFO ws_message:game_session{game=H7K1MA player=PlayerId(1)}: phase_server: game submission processed (lock held) game=H7K1MA kind="action" lock_ms=32 ai_actions=0
2026-09-18T04:15:12.337857Z  INFO ws_message:game_session{game=H7K1MA player=PlayerId(0)}: server_core::session: action applied game=H7K1MA player=PlayerId(0) action_type="PassPriority" event_count=1
2026-09-18T04:15:12.359699Z  INFO ws_message:game_session{game=H7K1MA player=PlayerId(0)}: phase_server: game submission processed (lock held) game=H7K1MA kind="action" lock_ms=24 ai_actions=0
2026-09-18T04:15:12.493058Z  INFO ws_message:game_session{game=H7K1MA player=PlayerId(1)}: server_core::session: action applied game=H7K1MA player=PlayerId(1) action_type="PassPriority" event_count=1
2026-09-18T04:15:12.503488Z  INFO ws_message:game_session{game=H7K1MA player=PlayerId(1)}: phase_server: game submission processed (lock held) game=H7K1MA kind="action" lock_ms=16 ai_actions=0
2026-09-18T04:15:12.642757Z  INFO ws_message:game_session{game=H7K1MA player=PlayerId(0)}: server_core::session: action applied game=H7K1MA player=PlayerId(0) action_type="PassPriority" event_count=1
2026-09-18T04:15:12.656648Z  INFO ws_message:game_session{game=H7K1MA player=PlayerId(0)}: phase_server: game submission processed (lock held) game=H7K1MA kind="action" lock_ms=16 ai_actions=0
2026-09-18T04:15:12.796320Z  INFO ws_message:game_session{game=H7K1MA player=PlayerId(1)}: server_core::session: action applied game=H7K1MA player=PlayerId(1) action_type="PassPriority" event_count=1
2026-09-18T04:15:12.834531Z  INFO ws_message:game_session{game=H7K1MA player=PlayerId(1)}: phase_server: game submission processed (lock held) game=H7K1MA kind="action" lock_ms=42 ai_actions=0
2026-09-18T04:15:12.953930Z  INFO ws_message:game_session{game=H7K1MA player=PlayerId(0)}: server_core::session: interaction applied game=H7K1MA player=PlayerId(0) action_type="SelectCards" event_count=5
2026-09-18T04:15:12.956105Z  INFO ws_message:game_session{game=H7K1MA player=PlayerId(0)}: phase_server: game submission processed (lock held) game=H7K1MA kind="interaction" lock_ms=13 ai_actions=0
2026-09-18T04:15:13.096922Z  INFO ws_message:game_session{game=H7K1MA player=PlayerId(1)}: server_core::session: action applied game=H7K1MA player=PlayerId(1) action_type="PassPriority" event_count=1
2026-09-18T04:15:13.106212Z  INFO ws_message:game_session{game=H7K1MA player=PlayerId(1)}: phase_server: game submission processed (lock held) game=H7K1MA kind="action" lock_ms=11 ai_actions=0
2026-09-18T04:15:13.249982Z  INFO ws_message:game_session{game=H7K1MA player=PlayerId(0)}: server_core::session: action applied game=H7K1MA player=PlayerId(0) action_type="PassPriority" event_count=4
2026-09-18T04:15:13.251005Z  INFO ws_message:game_session{game=H7K1MA player=PlayerId(0)}: phase_server: game submission processed (lock held) game=H7K1MA kind="action" lock_ms=6 ai_actions=0
2026-09-18T04:15:13.398195Z  INFO ws_message:game_session{game=H7K1MA player=PlayerId(1)}: server_core::session: action applied game=H7K1MA player=PlayerId(1) action_type="PassPriority" event_count=1
2026-09-18T04:15:13.407691Z  INFO ws_message:game_session{game=H7K1MA player=PlayerId(1)}: phase_server: game submission processed (lock held) game=H7K1MA kind="action" lock_ms=12 ai_actions=0
2026-09-18T04:15:13.552376Z  INFO ws_message:game_session{game=H7K1MA player=PlayerId(0)}: server_core::session: action applied game=H7K1MA player=PlayerId(0) action_type="PassPriority" event_count=1
2026-09-18T04:15:13.559702Z  INFO ws_message:game_session{game=H7K1MA player=PlayerId(0)}: phase_server: game submission processed (lock held) game=H7K1MA kind="action" lock_ms=12 ai_actions=0
2026-09-18T04:15:13.705892Z  INFO ws_message:game_session{game=H7K1MA player=PlayerId(1)}: server_core::session: action applied game=H7K1MA player=PlayerId(1) action_type="CastSpell" event_count=12
2026-09-18T04:15:13.706518Z  INFO ws_message:game_session{game=H7K1MA player=PlayerId(1)}: phase_server: game submission processed (lock held) game=H7K1MA kind="action" lock_ms=8 ai_actions=0
2026-09-18T04:15:13.852681Z  INFO ws_message:game_session{game=H7K1MA player=PlayerId(1)}: server_core::session: action applied game=H7K1MA player=PlayerId(1) action_type="PassPriority" event_count=1
2026-09-18T04:15:13.862347Z  INFO ws_message:game_session{game=H7K1MA player=PlayerId(1)}: phase_server: game submission processed (lock held) game=H7K1MA kind="action" lock_ms=12 ai_actions=0
2026-09-18T04:15:14.004042Z  INFO ws_message:game_session{game=H7K1MA player=PlayerId(0)}: server_core::session: action applied game=H7K1MA player=PlayerId(0) action_type="PassPriority" event_count=2
2026-09-18T04:15:14.011307Z  INFO ws_message:game_session{game=H7K1MA player=PlayerId(0)}: phase_server: game submission processed (lock held) game=H7K1MA kind="action" lock_ms=10 ai_actions=0
2026-09-18T04:15:14.154384Z  INFO ws_message:game_session{game=H7K1MA player=PlayerId(1)}: server_core::session: action applied game=H7K1MA player=PlayerId(1) action_type="PassPriority" event_count=1
2026-09-18T04:15:14.164208Z  INFO ws_message:game_session{game=H7K1MA player=PlayerId(1)}: phase_server: game submission processed (lock held) game=H7K1MA kind="action" lock_ms=12 ai_actions=0
2026-09-18T04:15:14.305712Z  INFO ws_message:game_session{game=H7K1MA player=PlayerId(0)}: server_core::session: action applied game=H7K1MA player=PlayerId(0) action_type="PassPriority" event_count=1
2026-09-18T04:15:14.310787Z  INFO ws_message:game_session{game=H7K1MA player=PlayerId(0)}: phase_server: game submission processed (lock held) game=H7K1MA kind="action" lock_ms=8 ai_actions=0
2026-09-18T04:15:14.933606Z  INFO ws_message:game_session{game=H7K1MA player=PlayerId(1)}: server_core::session: action applied game=H7K1MA player=PlayerId(1) action_type="PassPriority" event_count=1
2026-09-18T04:15:14.951673Z  INFO ws_message:game_session{game=H7K1MA player=PlayerId(1)}: phase_server: game submission processed (lock held) game=H7K1MA kind="action" lock_ms=20 ai_actions=0
2026-09-18T04:15:15.083254Z  INFO ws_message:game_session{game=H7K1MA player=PlayerId(0)}: server_core::session: action applied game=H7K1MA player=PlayerId(0) action_type="PassPriority" event_count=1
2026-09-18T04:15:15.110326Z  INFO ws_message:game_session{game=H7K1MA player=PlayerId(0)}: phase_server: game submission processed (lock held) game=H7K1MA kind="action" lock_ms=29 ai_actions=0
2026-09-18T04:15:15.237779Z  INFO ws_message:game_session{game=H7K1MA player=PlayerId(1)}: server_core::session: action applied game=H7K1MA player=PlayerId(1) action_type="DeclareAttackers" event_count=2
2026-09-18T04:15:15.243905Z  INFO ws_message:game_session{game=H7K1MA player=PlayerId(1)}: phase_server: game submission processed (lock held) game=H7K1MA kind="action" lock_ms=12 ai_actions=0
2026-09-18T04:15:15.388004Z  INFO ws_message:game_session{game=H7K1MA player=PlayerId(1)}: server_core::session: action applied game=H7K1MA player=PlayerId(1) action_type="PassPriority" event_count=1
2026-09-18T04:15:15.397946Z  INFO ws_message:game_session{game=H7K1MA player=PlayerId(1)}: phase_server: game submission processed (lock held) game=H7K1MA kind="action" lock_ms=12 ai_actions=0
2026-09-18T04:15:15.542012Z  INFO ws_message:game_session{game=H7K1MA player=PlayerId(0)}: server_core::session: action applied game=H7K1MA player=PlayerId(0) action_type="PassPriority" event_count=1
2026-09-18T04:15:15.547216Z  INFO ws_message:game_session{game=H7K1MA player=PlayerId(0)}: phase_server: game submission processed (lock held) game=H7K1MA kind="action" lock_ms=10 ai_actions=0
2026-09-18T04:15:15.691301Z  INFO ws_message:game_session{game=H7K1MA player=PlayerId(1)}: server_core::session: action applied game=H7K1MA player=PlayerId(1) action_type="PassPriority" event_count=1
2026-09-18T04:15:15.701413Z  INFO ws_message:game_session{game=H7K1MA player=PlayerId(1)}: phase_server: game submission processed (lock held) game=H7K1MA kind="action" lock_ms=12 ai_actions=0
2026-09-18T04:15:15.844559Z  INFO ws_message:game_session{game=H7K1MA player=PlayerId(0)}: server_core::session: action applied game=H7K1MA player=PlayerId(0) action_type="PassPriority" event_count=1
2026-09-18T04:15:15.850926Z  INFO ws_message:game_session{game=H7K1MA player=PlayerId(0)}: phase_server: game submission processed (lock held) game=H7K1MA kind="action" lock_ms=11 ai_actions=0
2026-09-18T04:15:15.993999Z  INFO ws_message:game_session{game=H7K1MA player=PlayerId(1)}: server_core::session: action applied game=H7K1MA player=PlayerId(1) action_type="PassPriority" event_count=1
2026-09-18T04:15:16.003941Z  INFO ws_message:game_session{game=H7K1MA player=PlayerId(1)}: phase_server: game submission processed (lock held) game=H7K1MA kind="action" lock_ms=13 ai_actions=0
2026-09-18T04:15:16.147078Z  INFO ws_message:game_session{game=H7K1MA player=PlayerId(0)}: server_core::session: action applied game=H7K1MA player=PlayerId(0) action_type="PassPriority" event_count=4
2026-09-18T04:15:16.158966Z  INFO ws_message:game_session{game=H7K1MA player=PlayerId(0)}: phase_server: game submission processed (lock held) game=H7K1MA kind="action" lock_ms=17 ai_actions=0
2026-09-18T04:15:16.294729Z  INFO ws_message:game_session{game=H7K1MA player=PlayerId(0)}: server_core::session: action applied game=H7K1MA player=PlayerId(0) action_type="PassPriority" event_count=1
2026-09-18T04:15:16.299888Z  INFO ws_message:game_session{game=H7K1MA player=PlayerId(0)}: phase_server: game submission processed (lock held) game=H7K1MA kind="action" lock_ms=7 ai_actions=0
2026-09-18T04:15:16.448892Z  INFO ws_message:game_session{game=H7K1MA player=PlayerId(1)}: server_core::session: action applied game=H7K1MA player=PlayerId(1) action_type="PassPriority" event_count=4
2026-09-18T04:15:16.458193Z  INFO ws_message:game_session{game=H7K1MA player=PlayerId(1)}: phase_server: game submission processed (lock held) game=H7K1MA kind="action" lock_ms=14 ai_actions=0
2026-09-18T04:15:16.597254Z  INFO ws_message:game_session{game=H7K1MA player=PlayerId(0)}: server_core::session: action applied game=H7K1MA player=PlayerId(0) action_type="PassPriority" event_count=1
2026-09-18T04:15:16.602001Z  INFO ws_message:game_session{game=H7K1MA player=PlayerId(0)}: phase_server: game submission processed (lock held) game=H7K1MA kind="action" lock_ms=7 ai_actions=0
2026-09-18T04:15:16.749316Z  INFO ws_message:game_session{game=H7K1MA player=PlayerId(1)}: server_core::session: action applied game=H7K1MA player=PlayerId(1) action_type="PassPriority" event_count=1
2026-09-18T04:15:16.792672Z  INFO ws_message:game_session{game=H7K1MA player=PlayerId(1)}: phase_server: game submission processed (lock held) game=H7K1MA kind="action" lock_ms=46 ai_actions=0
2026-09-18T04:15:17.054755Z  INFO ws_message:game_session{game=H7K1MA player=PlayerId(0)}: server_core::session: action applied game=H7K1MA player=PlayerId(0) action_type="PlayLand" event_count=2
2026-09-18T04:15:17.070003Z  INFO ws_message:game_session{game=H7K1MA player=PlayerId(0)}: phase_server: game submission processed (lock held) game=H7K1MA kind="action" lock_ms=20 ai_actions=0
2026-09-18T04:15:17.208642Z  INFO ws_message:game_session{game=H7K1MA player=PlayerId(0)}: server_core::session: action applied game=H7K1MA player=PlayerId(0) action_type="CastSpell" event_count=20
2026-09-18T04:15:17.211754Z  INFO ws_message:game_session{game=H7K1MA player=PlayerId(0)}: phase_server: game submission processed (lock held) game=H7K1MA kind="action" lock_ms=11 ai_actions=0
2026-09-18T04:15:20.439176Z  INFO ws_message:game_session{game=H7K1MA player=PlayerId(0)}: server_core::session: action applied game=H7K1MA player=PlayerId(0) action_type="PassPriority" event_count=1
2026-09-18T04:15:20.445386Z  INFO ws_message:game_session{game=H7K1MA player=PlayerId(0)}: phase_server: game submission processed (lock held) game=H7K1MA kind="action" lock_ms=9 ai_actions=0
2026-09-18T04:15:20.591374Z  INFO ws_message:game_session{game=H7K1MA player=PlayerId(1)}: server_core::session: action applied game=H7K1MA player=PlayerId(1) action_type="PassPriority" event_count=2
2026-09-18T04:15:20.597619Z  INFO ws_message:game_session{game=H7K1MA player=PlayerId(1)}: phase_server: game submission processed (lock held) game=H7K1MA kind="action" lock_ms=10 ai_actions=0
2026-09-18T04:15:20.741600Z  INFO ws_message:game_session{game=H7K1MA player=PlayerId(0)}: server_core::session: action applied game=H7K1MA player=PlayerId(0) action_type="PassPriority" event_count=1
2026-09-18T04:15:20.749705Z  INFO ws_message:game_session{game=H7K1MA player=PlayerId(0)}: phase_server: game submission processed (lock held) game=H7K1MA kind="action" lock_ms=11 ai_actions=0
2026-09-18T04:15:20.898571Z  INFO ws_message:game_session{game=H7K1MA player=PlayerId(1)}: server_core::session: action applied game=H7K1MA player=PlayerId(1) action_type="PassPriority" event_count=1
2026-09-18T04:15:20.904556Z  INFO ws_message:game_session{game=H7K1MA player=PlayerId(1)}: phase_server: game submission processed (lock held) game=H7K1MA kind="action" lock_ms=13 ai_actions=0
2026-09-18T04:15:21.048467Z  INFO ws_message:game_session{game=H7K1MA player=PlayerId(0)}: server_core::session: action applied game=H7K1MA player=PlayerId(0) action_type="PassPriority" event_count=1
2026-09-18T04:15:21.062560Z  INFO ws_message:game_session{game=H7K1MA player=PlayerId(0)}: phase_server: game submission processed (lock held) game=H7K1MA kind="action" lock_ms=17 ai_actions=0
2026-09-18T04:15:21.203057Z  INFO ws_message:game_session{game=H7K1MA player=PlayerId(1)}: server_core::session: action applied game=H7K1MA player=PlayerId(1) action_type="PassPriority" event_count=3
2026-09-18T04:15:21.208554Z  INFO ws_message:game_session{game=H7K1MA player=PlayerId(1)}: phase_server: game submission processed (lock held) game=H7K1MA kind="action" lock_ms=11 ai_actions=0
2026-09-18T04:15:21.350635Z  INFO ws_message:game_session{game=H7K1MA player=PlayerId(0)}: server_core::session: action applied game=H7K1MA player=PlayerId(0) action_type="PassPriority" event_count=1
2026-09-18T04:15:21.356285Z  INFO ws_message:game_session{game=H7K1MA player=PlayerId(0)}: phase_server: game submission processed (lock held) game=H7K1MA kind="action" lock_ms=8 ai_actions=0
2026-09-18T04:15:21.503494Z  INFO ws_message:game_session{game=H7K1MA player=PlayerId(1)}: server_core::session: action applied game=H7K1MA player=PlayerId(1) action_type="PassPriority" event_count=1
2026-09-18T04:15:21.510113Z  INFO ws_message:game_session{game=H7K1MA player=PlayerId(1)}: phase_server: game submission processed (lock held) game=H7K1MA kind="action" lock_ms=11 ai_actions=0
2026-09-18T04:15:21.652552Z  INFO ws_message:game_session{game=H7K1MA player=PlayerId(0)}: server_core::session: action applied game=H7K1MA player=PlayerId(0) action_type="PassPriority" event_count=1
2026-09-18T04:15:21.657749Z  INFO ws_message:game_session{game=H7K1MA player=PlayerId(0)}: phase_server: game submission processed (lock held) game=H7K1MA kind="action" lock_ms=8 ai_actions=0
2026-09-18T04:15:21.807057Z  INFO ws_message:game_session{game=H7K1MA player=PlayerId(1)}: server_core::session: action applied game=H7K1MA player=PlayerId(1) action_type="PassPriority" event_count=1
2026-09-18T04:15:21.812146Z  INFO ws_message:game_session{game=H7K1MA player=PlayerId(1)}: phase_server: game submission processed (lock held) game=H7K1MA kind="action" lock_ms=11 ai_actions=0
2026-09-18T04:15:21.956796Z  INFO ws_message:game_session{game=H7K1MA player=PlayerId(0)}: server_core::session: action applied game=H7K1MA player=PlayerId(0) action_type="PassPriority" event_count=1
2026-09-18T04:15:21.962320Z  INFO ws_message:game_session{game=H7K1MA player=PlayerId(0)}: phase_server: game submission processed (lock held) game=H7K1MA kind="action" lock_ms=9 ai_actions=0
2026-09-18T04:15:22.111862Z  INFO ws_message:game_session{game=H7K1MA player=PlayerId(1)}: server_core::session: action applied game=H7K1MA player=PlayerId(1) action_type="PassPriority" event_count=6
2026-09-18T04:15:22.113785Z  INFO ws_message:game_session{game=H7K1MA player=PlayerId(1)}: phase_server: game submission processed (lock held) game=H7K1MA kind="action" lock_ms=7 ai_actions=0
2026-09-18T04:15:22.260421Z  INFO ws_message:game_session{game=H7K1MA player=PlayerId(1)}: server_core::session: action applied game=H7K1MA player=PlayerId(1) action_type="PassPriority" event_count=1
2026-09-18T04:15:22.265713Z  INFO ws_message:game_session{game=H7K1MA player=PlayerId(1)}: phase_server: game submission processed (lock held) game=H7K1MA kind="action" lock_ms=8 ai_actions=0
2026-09-18T04:15:22.414079Z  INFO ws_message:game_session{game=H7K1MA player=PlayerId(0)}: server_core::session: action applied game=H7K1MA player=PlayerId(0) action_type="PassPriority" event_count=4
2026-09-18T04:15:22.414958Z  INFO ws_message:game_session{game=H7K1MA player=PlayerId(0)}: phase_server: game submission processed (lock held) game=H7K1MA kind="action" lock_ms=6 ai_actions=0
2026-09-18T04:15:22.562855Z  INFO ws_message:game_session{game=H7K1MA player=PlayerId(1)}: server_core::session: action applied game=H7K1MA player=PlayerId(1) action_type="PassPriority" event_count=1
2026-09-18T04:15:22.568252Z  INFO ws_message:game_session{game=H7K1MA player=PlayerId(1)}: phase_server: game submission processed (lock held) game=H7K1MA kind="action" lock_ms=8 ai_actions=0
2026-09-18T04:15:22.713475Z  INFO ws_message:game_session{game=H7K1MA player=PlayerId(0)}: server_core::session: action applied game=H7K1MA player=PlayerId(0) action_type="PassPriority" event_count=1
2026-09-18T04:15:22.721700Z  INFO ws_message:game_session{game=H7K1MA player=PlayerId(0)}: phase_server: game submission processed (lock held) game=H7K1MA kind="action" lock_ms=11 ai_actions=0
2026-09-18T04:15:22.866691Z  INFO ws_message:game_session{game=H7K1MA player=PlayerId(1)}: server_core::session: action applied game=H7K1MA player=PlayerId(1) action_type="PlayLand" event_count=2
2026-09-18T04:15:22.873907Z  INFO ws_message:game_session{game=H7K1MA player=PlayerId(1)}: phase_server: game submission processed (lock held) game=H7K1MA kind="action" lock_ms=12 ai_actions=0
2026-09-18T04:15:23.016349Z  INFO ws_message:game_session{game=H7K1MA player=PlayerId(1)}: server_core::session: action applied game=H7K1MA player=PlayerId(1) action_type="PassPriority" event_count=1
2026-09-18T04:15:23.021903Z  INFO ws_message:game_session{game=H7K1MA player=PlayerId(1)}: phase_server: game submission processed (lock held) game=H7K1MA kind="action" lock_ms=9 ai_actions=0
2026-09-18T04:15:23.166112Z  INFO ws_message:game_session{game=H7K1MA player=PlayerId(0)}: server_core::session: action applied game=H7K1MA player=PlayerId(0) action_type="PassPriority" event_count=1
2026-09-18T04:15:23.173729Z  INFO ws_message:game_session{game=H7K1MA player=PlayerId(0)}: phase_server: game submission processed (lock held) game=H7K1MA kind="action" lock_ms=10 ai_actions=0
2026-09-18T04:15:23.317050Z  INFO ws_message:game_session{game=H7K1MA player=PlayerId(1)}: server_core::session: action applied game=H7K1MA player=PlayerId(1) action_type="PassPriority" event_count=1
2026-09-18T04:15:23.322913Z  INFO ws_message:game_session{game=H7K1MA player=PlayerId(1)}: phase_server: game submission processed (lock held) game=H7K1MA kind="action" lock_ms=9 ai_actions=0
2026-09-18T04:15:23.470385Z  INFO ws_message:game_session{game=H7K1MA player=PlayerId(0)}: server_core::session: action applied game=H7K1MA player=PlayerId(0) action_type="PassPriority" event_count=1
2026-09-18T04:15:23.500687Z  INFO ws_message:game_session{game=H7K1MA player=PlayerId(0)}: phase_server: game submission processed (lock held) game=H7K1MA kind="action" lock_ms=32 ai_actions=0
2026-09-18T04:15:23.625866Z  INFO ws_message:game_session{game=H7K1MA player=PlayerId(1)}: server_core::session: action applied game=H7K1MA player=PlayerId(1) action_type="DeclareAttackers" event_count=2
2026-09-18T04:15:23.634585Z  INFO ws_message:game_session{game=H7K1MA player=PlayerId(1)}: phase_server: game submission processed (lock held) game=H7K1MA kind="action" lock_ms=14 ai_actions=0
2026-09-18T04:15:23.773967Z  INFO ws_message:game_session{game=H7K1MA player=PlayerId(1)}: server_core::session: action applied game=H7K1MA player=PlayerId(1) action_type="PassPriority" event_count=1
2026-09-18T04:15:23.778874Z  INFO ws_message:game_session{game=H7K1MA player=PlayerId(1)}: phase_server: game submission processed (lock held) game=H7K1MA kind="action" lock_ms=7 ai_actions=0
2026-09-18T04:15:23.928197Z  INFO ws_message:game_session{game=H7K1MA player=PlayerId(0)}: server_core::session: action applied game=H7K1MA player=PlayerId(0) action_type="PassPriority" event_count=1
2026-09-18T04:15:23.937826Z  INFO ws_message:game_session{game=H7K1MA player=PlayerId(0)}: phase_server: game submission processed (lock held) game=H7K1MA kind="action" lock_ms=16 ai_actions=0
2026-09-18T04:15:24.075436Z  INFO ws_message:game_session{game=H7K1MA player=PlayerId(1)}: server_core::session: action applied game=H7K1MA player=PlayerId(1) action_type="PassPriority" event_count=1
2026-09-18T04:15:24.080559Z  INFO ws_message:game_session{game=H7K1MA player=PlayerId(1)}: phase_server: game submission processed (lock held) game=H7K1MA kind="action" lock_ms=7 ai_actions=0
2026-09-18T04:15:24.231373Z  INFO ws_message:game_session{game=H7K1MA player=PlayerId(0)}: server_core::session: action applied game=H7K1MA player=PlayerId(0) action_type="PassPriority" event_count=1
2026-09-18T04:15:24.242725Z  INFO ws_message:game_session{game=H7K1MA player=PlayerId(0)}: phase_server: game submission processed (lock held) game=H7K1MA kind="action" lock_ms=18 ai_actions=0
2026-09-18T04:15:24.378461Z  INFO ws_message:game_session{game=H7K1MA player=PlayerId(1)}: server_core::session: action applied game=H7K1MA player=PlayerId(1) action_type="PassPriority" event_count=1
2026-09-18T04:15:24.383903Z  INFO ws_message:game_session{game=H7K1MA player=PlayerId(1)}: phase_server: game submission processed (lock held) game=H7K1MA kind="action" lock_ms=9 ai_actions=0
2026-09-18T04:15:24.533294Z  INFO ws_message:game_session{game=H7K1MA player=PlayerId(0)}: server_core::session: action applied game=H7K1MA player=PlayerId(0) action_type="PassPriority" event_count=8
2026-09-18T04:15:24.542470Z  INFO ws_message:game_session{game=H7K1MA player=PlayerId(0)}: phase_server: game submission processed (lock held) game=H7K1MA kind="action" lock_ms=15 ai_actions=0
2026-09-18T04:15:24.682222Z  INFO ws_message:game_session{game=H7K1MA player=PlayerId(0)}: server_core::session: action applied game=H7K1MA player=PlayerId(0) action_type="PassPriority" event_count=1
2026-09-18T04:15:24.689905Z  INFO ws_message:game_session{game=H7K1MA player=PlayerId(0)}: phase_server: game submission processed (lock held) game=H7K1MA kind="action" lock_ms=11 ai_actions=0
2026-09-18T04:15:24.836037Z  INFO ws_message:game_session{game=H7K1MA player=PlayerId(1)}: server_core::session: action applied game=H7K1MA player=PlayerId(1) action_type="PassPriority" event_count=4
2026-09-18T04:15:24.845958Z  INFO ws_message:game_session{game=H7K1MA player=PlayerId(1)}: phase_server: game submission processed (lock held) game=H7K1MA kind="action" lock_ms=15 ai_actions=0
2026-09-18T04:15:24.984372Z  INFO ws_message:game_session{game=H7K1MA player=PlayerId(0)}: server_core::session: action applied game=H7K1MA player=PlayerId(0) action_type="PassPriority" event_count=1
2026-09-18T04:15:24.992460Z  INFO ws_message:game_session{game=H7K1MA player=PlayerId(0)}: phase_server: game submission processed (lock held) game=H7K1MA kind="action" lock_ms=11 ai_actions=0
2026-09-18T04:15:25.137722Z  INFO ws_message:game_session{game=H7K1MA player=PlayerId(1)}: server_core::session: action applied game=H7K1MA player=PlayerId(1) action_type="PassPriority" event_count=2
2026-09-18T04:15:25.149043Z  INFO ws_message:game_session{game=H7K1MA player=PlayerId(1)}: phase_server: game submission processed (lock held) game=H7K1MA kind="action" lock_ms=16 ai_actions=0
2026-09-18T04:15:25.286734Z  INFO ws_message:game_session{game=H7K1MA player=PlayerId(0)}: server_core::session: action applied game=H7K1MA player=PlayerId(0) action_type="PassPriority" event_count=1
2026-09-18T04:15:25.294943Z  INFO ws_message:game_session{game=H7K1MA player=PlayerId(0)}: phase_server: game submission processed (lock held) game=H7K1MA kind="action" lock_ms=11 ai_actions=0
2026-09-18T04:15:25.438725Z  INFO ws_message:game_session{game=H7K1MA player=PlayerId(1)}: server_core::session: action applied game=H7K1MA player=PlayerId(1) action_type="PassPriority" event_count=3
2026-09-18T04:15:25.457136Z  INFO ws_message:game_session{game=H7K1MA player=PlayerId(1)}: phase_server: game submission processed (lock held) game=H7K1MA kind="action" lock_ms=22 ai_actions=0
2026-09-18T04:15:25.671166Z  INFO ws_message:game_session{game=H7K1MA player=PlayerId(0)}: server_core::session: interaction applied game=H7K1MA player=PlayerId(0) action_type="SelectCards" event_count=5
2026-09-18T04:15:25.698575Z  INFO ws_message:game_session{game=H7K1MA player=PlayerId(0)}: phase_server: game submission processed (lock held) game=H7K1MA kind="interaction" lock_ms=42 ai_actions=0
2026-09-18T04:15:33.722204Z  INFO ws_message:game_session{game=H7K1MA player=PlayerId(0)}: server_core::session: action applied game=H7K1MA player=PlayerId(0) action_type="PassPriority" event_count=1
2026-09-18T04:15:33.735158Z  INFO ws_message:game_session{game=H7K1MA player=PlayerId(0)}: phase_server: game submission processed (lock held) game=H7K1MA kind="action" lock_ms=17 ai_actions=0
2026-09-18T04:15:33.872317Z  INFO ws_message:game_session{game=H7K1MA player=PlayerId(1)}: server_core::session: action applied game=H7K1MA player=PlayerId(1) action_type="PassPriority" event_count=1
2026-09-18T04:15:33.889688Z  INFO ws_message:game_session{game=H7K1MA player=PlayerId(1)}: phase_server: game submission processed (lock held) game=H7K1MA kind="action" lock_ms=21 ai_actions=0
2026-09-18T04:15:34.023079Z  INFO ws_message:game_session{game=H7K1MA player=PlayerId(0)}: server_core::session: action applied game=H7K1MA player=PlayerId(0) action_type="PassPriority" event_count=1
2026-09-18T04:15:34.037377Z  INFO ws_message:game_session{game=H7K1MA player=PlayerId(0)}: phase_server: game submission processed (lock held) game=H7K1MA kind="action" lock_ms=18 ai_actions=0
2026-09-18T04:15:34.172292Z  INFO ws_message:game_session{game=H7K1MA player=PlayerId(1)}: server_core::session: action applied game=H7K1MA player=PlayerId(1) action_type="PassPriority" event_count=1
2026-09-18T04:15:34.186710Z  INFO ws_message:game_session{game=H7K1MA player=PlayerId(1)}: phase_server: game submission processed (lock held) game=H7K1MA kind="action" lock_ms=17 ai_actions=0
2026-09-18T04:15:34.329822Z  INFO ws_message:game_session{game=H7K1MA player=PlayerId(0)}: server_core::session: action applied game=H7K1MA player=PlayerId(0) action_type="DeclareAttackers" event_count=2
2026-09-18T04:15:34.347023Z  INFO ws_message:game_session{game=H7K1MA player=PlayerId(0)}: phase_server: game submission processed (lock held) game=H7K1MA kind="action" lock_ms=26 ai_actions=0
2026-09-18T04:15:34.474683Z  INFO ws_message:game_session{game=H7K1MA player=PlayerId(0)}: server_core::session: action applied game=H7K1MA player=PlayerId(0) action_type="PassPriority" event_count=1
2026-09-18T04:15:34.487632Z  INFO ws_message:game_session{game=H7K1MA player=PlayerId(0)}: phase_server: game submission processed (lock held) game=H7K1MA kind="action" lock_ms=16 ai_actions=0
2026-09-18T04:15:34.628251Z  INFO ws_message:game_session{game=H7K1MA player=PlayerId(1)}: server_core::session: action applied game=H7K1MA player=PlayerId(1) action_type="PassPriority" event_count=1
2026-09-18T04:15:34.656870Z  INFO ws_message:game_session{game=H7K1MA player=PlayerId(1)}: phase_server: game submission processed (lock held) game=H7K1MA kind="action" lock_ms=34 ai_actions=0
2026-09-18T04:15:34.928849Z  INFO ws_message:game_session{game=H7K1MA player=PlayerId(0)}: server_core::session: action applied game=H7K1MA player=PlayerId(0) action_type="PassPriority" event_count=1
2026-09-18T04:15:34.941749Z  INFO ws_message:game_session{game=H7K1MA player=PlayerId(0)}: phase_server: game submission processed (lock held) game=H7K1MA kind="action" lock_ms=16 ai_actions=0
2026-09-18T04:15:35.082310Z  INFO ws_message:game_session{game=H7K1MA player=PlayerId(1)}: server_core::session: action applied game=H7K1MA player=PlayerId(1) action_type="PassPriority" event_count=1
2026-09-18T04:15:35.096988Z  INFO ws_message:game_session{game=H7K1MA player=PlayerId(1)}: phase_server: game submission processed (lock held) game=H7K1MA kind="action" lock_ms=20 ai_actions=0
2026-09-18T04:15:35.231844Z  INFO ws_message:game_session{game=H7K1MA player=PlayerId(0)}: server_core::session: action applied game=H7K1MA player=PlayerId(0) action_type="PassPriority" event_count=1
2026-09-18T04:15:35.244152Z  INFO ws_message:game_session{game=H7K1MA player=PlayerId(0)}: phase_server: game submission processed (lock held) game=H7K1MA kind="action" lock_ms=16 ai_actions=0
2026-09-18T04:15:35.384708Z  INFO ws_message:game_session{game=H7K1MA player=PlayerId(1)}: server_core::session: action applied game=H7K1MA player=PlayerId(1) action_type="PassPriority" event_count=4
2026-09-18T04:15:35.386376Z  INFO ws_message:game_session{game=H7K1MA player=PlayerId(1)}: phase_server: game submission processed (lock held) game=H7K1MA kind="action" lock_ms=8 ai_actions=0
2026-09-18T04:15:35.533463Z  INFO ws_message:game_session{game=H7K1MA player=PlayerId(1)}: server_core::session: action applied game=H7K1MA player=PlayerId(1) action_type="PassPriority" event_count=1
2026-09-18T04:15:35.543055Z  INFO ws_message:game_session{game=H7K1MA player=PlayerId(1)}: phase_server: game submission processed (lock held) game=H7K1MA kind="action" lock_ms=14 ai_actions=0
2026-09-18T04:15:35.690594Z  INFO ws_message:game_session{game=H7K1MA player=PlayerId(0)}: server_core::session: action applied game=H7K1MA player=PlayerId(0) action_type="PassPriority" event_count=4
2026-09-18T04:15:35.692151Z  INFO ws_message:game_session{game=H7K1MA player=PlayerId(0)}: phase_server: game submission processed (lock held) game=H7K1MA kind="action" lock_ms=11 ai_actions=0
2026-09-18T04:15:35.840118Z  INFO ws_message:game_session{game=H7K1MA player=PlayerId(1)}: server_core::session: action applied game=H7K1MA player=PlayerId(1) action_type="PassPriority" event_count=1
2026-09-18T04:15:35.849939Z  INFO ws_message:game_session{game=H7K1MA player=PlayerId(1)}: phase_server: game submission processed (lock held) game=H7K1MA kind="action" lock_ms=13 ai_actions=0
2026-09-18T04:15:35.991134Z  INFO ws_message:game_session{game=H7K1MA player=PlayerId(0)}: server_core::session: action applied game=H7K1MA player=PlayerId(0) action_type="PassPriority" event_count=1
2026-09-18T04:15:35.997964Z  INFO ws_message:game_session{game=H7K1MA player=PlayerId(0)}: phase_server: game submission processed (lock held) game=H7K1MA kind="action" lock_ms=10 ai_actions=0
2026-09-18T04:15:36.171360Z  INFO ws_message:game_session{game=H7K1MA player=PlayerId(1)}: server_core::session: action applied game=H7K1MA player=PlayerId(1) action_type="PlayLand" event_count=2
2026-09-18T04:15:36.192541Z  INFO ws_message:game_session{game=H7K1MA player=PlayerId(1)}: phase_server: game submission processed (lock held) game=H7K1MA kind="action" lock_ms=47 ai_actions=0
2026-09-18T04:15:36.727343Z  INFO ws_message:game_session{game=H7K1MA player=PlayerId(1)}: server_core::session: action applied game=H7K1MA player=PlayerId(1) action_type="PassPriority" event_count=1
2026-09-18T04:15:36.736947Z  INFO ws_message:game_session{game=H7K1MA player=PlayerId(1)}: phase_server: game submission processed (lock held) game=H7K1MA kind="action" lock_ms=14 ai_actions=0
2026-09-18T04:15:36.880442Z  INFO ws_message:game_session{game=H7K1MA player=PlayerId(0)}: server_core::session: action applied game=H7K1MA player=PlayerId(0) action_type="PassPriority" event_count=1
2026-09-18T04:15:36.894780Z  INFO ws_message:game_session{game=H7K1MA player=PlayerId(0)}: phase_server: game submission processed (lock held) game=H7K1MA kind="action" lock_ms=20 ai_actions=0
2026-09-18T04:15:37.032312Z  INFO ws_message:game_session{game=H7K1MA player=PlayerId(1)}: server_core::session: action applied game=H7K1MA player=PlayerId(1) action_type="PassPriority" event_count=1
2026-09-18T04:15:37.042420Z  INFO ws_message:game_session{game=H7K1MA player=PlayerId(1)}: phase_server: game submission processed (lock held) game=H7K1MA kind="action" lock_ms=14 ai_actions=0
2026-09-18T04:15:37.181925Z  INFO ws_message:game_session{game=H7K1MA player=PlayerId(0)}: server_core::session: action applied game=H7K1MA player=PlayerId(0) action_type="PassPriority" event_count=1
2026-09-18T04:15:37.215694Z  INFO ws_message:game_session{game=H7K1MA player=PlayerId(0)}: phase_server: game submission processed (lock held) game=H7K1MA kind="action" lock_ms=35 ai_actions=0
2026-09-18T04:15:37.339441Z  INFO ws_message:game_session{game=H7K1MA player=PlayerId(1)}: server_core::session: action applied game=H7K1MA player=PlayerId(1) action_type="DeclareAttackers" event_count=2
2026-09-18T04:15:37.349482Z  INFO ws_message:game_session{game=H7K1MA player=PlayerId(1)}: phase_server: game submission processed (lock held) game=H7K1MA kind="action" lock_ms=17 ai_actions=0
2026-09-18T04:15:37.503245Z  INFO ws_message:game_session{game=H7K1MA player=PlayerId(1)}: server_core::session: action applied game=H7K1MA player=PlayerId(1) action_type="PassPriority" event_count=1
2026-09-18T04:15:37.536388Z  INFO ws_message:game_session{game=H7K1MA player=PlayerId(1)}: phase_server: game submission processed (lock held) game=H7K1MA kind="action" lock_ms=51 ai_actions=0
2026-09-18T04:15:37.641268Z  INFO ws_message:game_session{game=H7K1MA player=PlayerId(0)}: server_core::session: action applied game=H7K1MA player=PlayerId(0) action_type="PassPriority" event_count=1
2026-09-18T04:15:37.652919Z  INFO ws_message:game_session{game=H7K1MA player=PlayerId(0)}: phase_server: game submission processed (lock held) game=H7K1MA kind="action" lock_ms=17 ai_actions=0
2026-09-18T04:15:37.789772Z  INFO ws_message:game_session{game=H7K1MA player=PlayerId(1)}: server_core::session: action applied game=H7K1MA player=PlayerId(1) action_type="PassPriority" event_count=1
2026-09-18T04:15:37.800122Z  INFO ws_message:game_session{game=H7K1MA player=PlayerId(1)}: phase_server: game submission processed (lock held) game=H7K1MA kind="action" lock_ms=13 ai_actions=0
2026-09-18T04:15:37.943214Z  INFO ws_message:game_session{game=H7K1MA player=PlayerId(0)}: server_core::session: action applied game=H7K1MA player=PlayerId(0) action_type="PassPriority" event_count=1
2026-09-18T04:15:37.953285Z  INFO ws_message:game_session{game=H7K1MA player=PlayerId(0)}: phase_server: game submission processed (lock held) game=H7K1MA kind="action" lock_ms=15 ai_actions=0
2026-09-18T04:15:38.092582Z  INFO ws_message:game_session{game=H7K1MA player=PlayerId(1)}: server_core::session: action applied game=H7K1MA player=PlayerId(1) action_type="PassPriority" event_count=1
2026-09-18T04:15:38.101984Z  INFO ws_message:game_session{game=H7K1MA player=PlayerId(1)}: phase_server: game submission processed (lock held) game=H7K1MA kind="action" lock_ms=13 ai_actions=0
2026-09-18T04:15:38.246033Z  INFO ws_message:game_session{game=H7K1MA player=PlayerId(0)}: server_core::session: action applied game=H7K1MA player=PlayerId(0) action_type="PassPriority" event_count=4
2026-09-18T04:15:38.255466Z  INFO ws_message:game_session{game=H7K1MA player=PlayerId(0)}: phase_server: game submission processed (lock held) game=H7K1MA kind="action" lock_ms=15 ai_actions=0
2026-09-18T04:15:38.398591Z  INFO ws_message:game_session{game=H7K1MA player=PlayerId(0)}: server_core::session: action applied game=H7K1MA player=PlayerId(0) action_type="PassPriority" event_count=1
2026-09-18T04:15:38.417929Z  INFO ws_message:game_session{game=H7K1MA player=PlayerId(0)}: phase_server: game submission processed (lock held) game=H7K1MA kind="action" lock_ms=26 ai_actions=0
2026-09-18T04:15:38.548276Z  INFO ws_message:game_session{game=H7K1MA player=PlayerId(1)}: server_core::session: action applied game=H7K1MA player=PlayerId(1) action_type="PassPriority" event_count=4
2026-09-18T04:15:38.556717Z  INFO ws_message:game_session{game=H7K1MA player=PlayerId(1)}: phase_server: game submission processed (lock held) game=H7K1MA kind="action" lock_ms=14 ai_actions=0
2026-09-18T04:15:38.697197Z  INFO ws_message:game_session{game=H7K1MA player=PlayerId(0)}: server_core::session: action applied game=H7K1MA player=PlayerId(0) action_type="PassPriority" event_count=1
2026-09-18T04:15:38.707992Z  INFO ws_message:game_session{game=H7K1MA player=PlayerId(0)}: phase_server: game submission processed (lock held) game=H7K1MA kind="action" lock_ms=14 ai_actions=0
2026-09-18T04:15:38.850107Z  INFO ws_message:game_session{game=H7K1MA player=PlayerId(1)}: server_core::session: action applied game=H7K1MA player=PlayerId(1) action_type="PassPriority" event_count=2
2026-09-18T04:15:38.859436Z  INFO ws_message:game_session{game=H7K1MA player=PlayerId(1)}: phase_server: game submission processed (lock held) game=H7K1MA kind="action" lock_ms=15 ai_actions=0
2026-09-18T04:15:38.998369Z  INFO ws_message:game_session{game=H7K1MA player=PlayerId(0)}: server_core::session: action applied game=H7K1MA player=PlayerId(0) action_type="PassPriority" event_count=1
2026-09-18T04:15:39.008925Z  INFO ws_message:game_session{game=H7K1MA player=PlayerId(0)}: phase_server: game submission processed (lock held) game=H7K1MA kind="action" lock_ms=13 ai_actions=0
2026-09-18T04:15:39.151378Z  INFO ws_message:game_session{game=H7K1MA player=PlayerId(1)}: server_core::session: action applied game=H7K1MA player=PlayerId(1) action_type="PassPriority" event_count=3
2026-09-18T04:15:39.163090Z  INFO ws_message:game_session{game=H7K1MA player=PlayerId(1)}: phase_server: game submission processed (lock held) game=H7K1MA kind="action" lock_ms=15 ai_actions=0
2026-09-18T04:15:39.318403Z  INFO ws_message:game_session{game=H7K1MA player=PlayerId(0)}: server_core::session: interaction applied game=H7K1MA player=PlayerId(0) action_type="SelectCards" event_count=1
2026-09-18T04:15:39.326973Z  INFO ws_message:game_session{game=H7K1MA player=PlayerId(0)}: phase_server: game submission processed (lock held) game=H7K1MA kind="interaction" lock_ms=26 ai_actions=0
2026-09-18T04:15:42.387417Z  INFO ws_message:game_session{game=H7K1MA player=PlayerId(0)}: server_core::session: interaction applied game=H7K1MA player=PlayerId(0) action_type="SelectCards" event_count=5
2026-09-18T04:15:42.419374Z  INFO ws_message:game_session{game=H7K1MA player=PlayerId(0)}: phase_server: game submission processed (lock held) game=H7K1MA kind="interaction" lock_ms=46 ai_actions=0
2026-09-18T04:15:50.547332Z  INFO ws_message:game_session{game=H7K1MA player=PlayerId(0)}: server_core::session: action applied game=H7K1MA player=PlayerId(0) action_type="PlayLand" event_count=2
2026-09-18T04:15:50.572361Z  INFO ws_message:game_session{game=H7K1MA player=PlayerId(0)}: phase_server: game submission processed (lock held) game=H7K1MA kind="action" lock_ms=31 ai_actions=0
2026-09-18T04:15:50.696139Z  INFO ws_message:game_session{game=H7K1MA player=PlayerId(0)}: server_core::session: action applied game=H7K1MA player=PlayerId(0) action_type="PassPriority" event_count=1
2026-09-18T04:15:50.715702Z  INFO ws_message:game_session{game=H7K1MA player=PlayerId(0)}: phase_server: game submission processed (lock held) game=H7K1MA kind="action" lock_ms=24 ai_actions=0
2026-09-18T04:15:50.847503Z  INFO ws_message:game_session{game=H7K1MA player=PlayerId(1)}: server_core::session: action applied game=H7K1MA player=PlayerId(1) action_type="PassPriority" event_count=1
2026-09-18T04:15:50.861848Z  INFO ws_message:game_session{game=H7K1MA player=PlayerId(1)}: phase_server: game submission processed (lock held) game=H7K1MA kind="action" lock_ms=18 ai_actions=0
2026-09-18T04:15:50.999202Z  INFO ws_message:game_session{game=H7K1MA player=PlayerId(0)}: server_core::session: action applied game=H7K1MA player=PlayerId(0) action_type="PassPriority" event_count=1
2026-09-18T04:15:51.014325Z  INFO ws_message:game_session{game=H7K1MA player=PlayerId(0)}: phase_server: game submission processed (lock held) game=H7K1MA kind="action" lock_ms=19 ai_actions=0
2026-09-18T04:15:51.147922Z  INFO ws_message:game_session{game=H7K1MA player=PlayerId(1)}: server_core::session: action applied game=H7K1MA player=PlayerId(1) action_type="PassPriority" event_count=1
2026-09-18T04:15:51.160123Z  INFO ws_message:game_session{game=H7K1MA player=PlayerId(1)}: phase_server: game submission processed (lock held) game=H7K1MA kind="action" lock_ms=14 ai_actions=0
2026-09-18T04:15:51.303567Z  INFO ws_message:game_session{game=H7K1MA player=PlayerId(0)}: server_core::session: action applied game=H7K1MA player=PlayerId(0) action_type="DeclareAttackers" event_count=2
2026-09-18T04:15:51.318015Z  INFO ws_message:game_session{game=H7K1MA player=PlayerId(0)}: phase_server: game submission processed (lock held) game=H7K1MA kind="action" lock_ms=21 ai_actions=0
2026-09-18T04:15:51.451422Z  INFO ws_message:game_session{game=H7K1MA player=PlayerId(0)}: server_core::session: action applied game=H7K1MA player=PlayerId(0) action_type="PassPriority" event_count=1
2026-09-18T04:15:51.483111Z  INFO ws_message:game_session{game=H7K1MA player=PlayerId(0)}: phase_server: game submission processed (lock held) game=H7K1MA kind="action" lock_ms=35 ai_actions=0
2026-09-18T04:15:51.785572Z  INFO ws_message:game_session{game=H7K1MA player=PlayerId(1)}: server_core::session: action applied game=H7K1MA player=PlayerId(1) action_type="PassPriority" event_count=1
2026-09-18T04:15:51.826401Z  INFO ws_message:game_session{game=H7K1MA player=PlayerId(1)}: phase_server: game submission processed (lock held) game=H7K1MA kind="action" lock_ms=73 ai_actions=0
2026-09-18T04:15:52.059165Z  INFO ws_message:game_session{game=H7K1MA player=PlayerId(0)}: server_core::session: action applied game=H7K1MA player=PlayerId(0) action_type="PassPriority" event_count=1
2026-09-18T04:15:52.075408Z  INFO ws_message:game_session{game=H7K1MA player=PlayerId(0)}: phase_server: game submission processed (lock held) game=H7K1MA kind="action" lock_ms=20 ai_actions=0
2026-09-18T04:15:52.212951Z  INFO ws_message:game_session{game=H7K1MA player=PlayerId(1)}: server_core::session: action applied game=H7K1MA player=PlayerId(1) action_type="PassPriority" event_count=1
2026-09-18T04:15:52.239565Z  INFO ws_message:game_session{game=H7K1MA player=PlayerId(1)}: phase_server: game submission processed (lock held) game=H7K1MA kind="action" lock_ms=33 ai_actions=0
2026-09-18T04:15:52.368310Z  INFO ws_message:game_session{game=H7K1MA player=PlayerId(0)}: server_core::session: action applied game=H7K1MA player=PlayerId(0) action_type="PassPriority" event_count=1
2026-09-18T04:15:52.386020Z  INFO ws_message:game_session{game=H7K1MA player=PlayerId(0)}: phase_server: game submission processed (lock held) game=H7K1MA kind="action" lock_ms=24 ai_actions=0
2026-09-18T04:15:52.525403Z  INFO ws_message:game_session{game=H7K1MA player=PlayerId(1)}: server_core::session: action applied game=H7K1MA player=PlayerId(1) action_type="PassPriority" event_count=4
2026-09-18T04:15:52.528495Z  INFO ws_message:game_session{game=H7K1MA player=PlayerId(1)}: phase_server: game submission processed (lock held) game=H7K1MA kind="action" lock_ms=14 ai_actions=0
2026-09-18T04:15:52.681897Z  INFO ws_message:game_session{game=H7K1MA player=PlayerId(1)}: server_core::session: action applied game=H7K1MA player=PlayerId(1) action_type="PassPriority" event_count=1
2026-09-18T04:15:52.715683Z  INFO ws_message:game_session{game=H7K1MA player=PlayerId(1)}: phase_server: game submission processed (lock held) game=H7K1MA kind="action" lock_ms=50 ai_actions=0
2026-09-18T04:15:52.972145Z  INFO ws_message:game_session{game=H7K1MA player=PlayerId(0)}: server_core::session: action applied game=H7K1MA player=PlayerId(0) action_type="PassPriority" event_count=4
2026-09-18T04:15:52.973151Z  INFO ws_message:game_session{game=H7K1MA player=PlayerId(0)}: phase_server: game submission processed (lock held) game=H7K1MA kind="action" lock_ms=7 ai_actions=0
2026-09-18T04:15:53.121001Z  INFO ws_message:game_session{game=H7K1MA player=PlayerId(1)}: server_core::session: action applied game=H7K1MA player=PlayerId(1) action_type="PassPriority" event_count=1
2026-09-18T04:15:53.131196Z  INFO ws_message:game_session{game=H7K1MA player=PlayerId(1)}: phase_server: game submission processed (lock held) game=H7K1MA kind="action" lock_ms=14 ai_actions=0
2026-09-18T04:15:53.272819Z  INFO ws_message:game_session{game=H7K1MA player=PlayerId(0)}: server_core::session: action applied game=H7K1MA player=PlayerId(0) action_type="PassPriority" event_count=1
2026-09-18T04:15:53.280457Z  INFO ws_message:game_session{game=H7K1MA player=PlayerId(0)}: phase_server: game submission processed (lock held) game=H7K1MA kind="action" lock_ms=12 ai_actions=0
2026-09-18T04:15:53.425061Z  INFO ws_message:game_session{game=H7K1MA player=PlayerId(1)}: server_core::session: action applied game=H7K1MA player=PlayerId(1) action_type="PlayLand" event_count=2
2026-09-18T04:15:53.438393Z  INFO ws_message:game_session{game=H7K1MA player=PlayerId(1)}: phase_server: game submission processed (lock held) game=H7K1MA kind="action" lock_ms=18 ai_actions=0
2026-09-18T04:15:53.725709Z  INFO ws_message:game_session{game=H7K1MA player=PlayerId(1)}: server_core::session: action applied game=H7K1MA player=PlayerId(1) action_type="PassPriority" event_count=1
2026-09-18T04:15:53.737913Z  INFO ws_message:game_session{game=H7K1MA player=PlayerId(1)}: phase_server: game submission processed (lock held) game=H7K1MA kind="action" lock_ms=16 ai_actions=0
2026-09-18T04:15:53.876725Z  INFO ws_message:game_session{game=H7K1MA player=PlayerId(0)}: server_core::session: action applied game=H7K1MA player=PlayerId(0) action_type="PassPriority" event_count=1
2026-09-18T04:15:53.902130Z  INFO ws_message:game_session{game=H7K1MA player=PlayerId(0)}: phase_server: game submission processed (lock held) game=H7K1MA kind="action" lock_ms=29 ai_actions=0
2026-09-18T04:15:54.039486Z  INFO ws_message:game_session{game=H7K1MA player=PlayerId(1)}: server_core::session: action applied game=H7K1MA player=PlayerId(1) action_type="PassPriority" event_count=1
2026-09-18T04:15:54.064618Z  INFO ws_message:game_session{game=H7K1MA player=PlayerId(1)}: phase_server: game submission processed (lock held) game=H7K1MA kind="action" lock_ms=40 ai_actions=0
2026-09-18T04:15:54.185287Z  INFO ws_message:game_session{game=H7K1MA player=PlayerId(0)}: server_core::session: action applied game=H7K1MA player=PlayerId(0) action_type="PassPriority" event_count=1
2026-09-18T04:15:54.230426Z  INFO ws_message:game_session{game=H7K1MA player=PlayerId(0)}: phase_server: game submission processed (lock held) game=H7K1MA kind="action" lock_ms=47 ai_actions=0
2026-09-18T04:15:54.341543Z  INFO ws_message:game_session{game=H7K1MA player=PlayerId(1)}: server_core::session: action applied game=H7K1MA player=PlayerId(1) action_type="DeclareAttackers" event_count=2
2026-09-18T04:15:54.355161Z  INFO ws_message:game_session{game=H7K1MA player=PlayerId(1)}: phase_server: game submission processed (lock held) game=H7K1MA kind="action" lock_ms=20 ai_actions=0
2026-09-18T04:15:54.489848Z  INFO ws_message:game_session{game=H7K1MA player=PlayerId(1)}: server_core::session: action applied game=H7K1MA player=PlayerId(1) action_type="PassPriority" event_count=1
2026-09-18T04:15:54.501054Z  INFO ws_message:game_session{game=H7K1MA player=PlayerId(1)}: phase_server: game submission processed (lock held) game=H7K1MA kind="action" lock_ms=15 ai_actions=0
2026-09-18T04:15:54.643579Z  INFO ws_message:game_session{game=H7K1MA player=PlayerId(0)}: server_core::session: action applied game=H7K1MA player=PlayerId(0) action_type="PassPriority" event_count=1
2026-09-18T04:15:54.657382Z  INFO ws_message:game_session{game=H7K1MA player=PlayerId(0)}: phase_server: game submission processed (lock held) game=H7K1MA kind="action" lock_ms=19 ai_actions=0
2026-09-18T04:15:54.793454Z  INFO ws_message:game_session{game=H7K1MA player=PlayerId(1)}: server_core::session: action applied game=H7K1MA player=PlayerId(1) action_type="PassPriority" event_count=1
2026-09-18T04:15:54.805760Z  INFO ws_message:game_session{game=H7K1MA player=PlayerId(1)}: phase_server: game submission processed (lock held) game=H7K1MA kind="action" lock_ms=17 ai_actions=0
2026-09-18T04:15:54.944834Z  INFO ws_message:game_session{game=H7K1MA player=PlayerId(0)}: server_core::session: action applied game=H7K1MA player=PlayerId(0) action_type="PassPriority" event_count=1
2026-09-18T04:15:54.958028Z  INFO ws_message:game_session{game=H7K1MA player=PlayerId(0)}: phase_server: game submission processed (lock held) game=H7K1MA kind="action" lock_ms=18 ai_actions=0
2026-09-18T04:15:55.094521Z  INFO ws_message:game_session{game=H7K1MA player=PlayerId(1)}: server_core::session: action applied game=H7K1MA player=PlayerId(1) action_type="PassPriority" event_count=1
2026-09-18T04:15:55.103565Z  INFO ws_message:game_session{game=H7K1MA player=PlayerId(1)}: phase_server: game submission processed (lock held) game=H7K1MA kind="action" lock_ms=13 ai_actions=0
2026-09-18T04:15:55.249028Z  INFO ws_message:game_session{game=H7K1MA player=PlayerId(0)}: server_core::session: action applied game=H7K1MA player=PlayerId(0) action_type="PassPriority" event_count=4
2026-09-18T04:15:55.259720Z  INFO ws_message:game_session{game=H7K1MA player=PlayerId(0)}: phase_server: game submission processed (lock held) game=H7K1MA kind="action" lock_ms=18 ai_actions=0
2026-09-18T04:15:55.403123Z  INFO ws_message:game_session{game=H7K1MA player=PlayerId(0)}: server_core::session: action applied game=H7K1MA player=PlayerId(0) action_type="PassPriority" event_count=1
2026-09-18T04:15:55.417085Z  INFO ws_message:game_session{game=H7K1MA player=PlayerId(0)}: phase_server: game submission processed (lock held) game=H7K1MA kind="action" lock_ms=22 ai_actions=0
2026-09-18T04:15:55.554550Z  INFO ws_message:game_session{game=H7K1MA player=PlayerId(1)}: server_core::session: action applied game=H7K1MA player=PlayerId(1) action_type="PassPriority" event_count=4
2026-09-18T04:15:55.563217Z  INFO ws_message:game_session{game=H7K1MA player=PlayerId(1)}: phase_server: game submission processed (lock held) game=H7K1MA kind="action" lock_ms=15 ai_actions=0
2026-09-18T04:15:55.703027Z  INFO ws_message:game_session{game=H7K1MA player=PlayerId(0)}: server_core::session: action applied game=H7K1MA player=PlayerId(0) action_type="PassPriority" event_count=1
2026-09-18T04:15:55.718613Z  INFO ws_message:game_session{game=H7K1MA player=PlayerId(0)}: phase_server: game submission processed (lock held) game=H7K1MA kind="action" lock_ms=19 ai_actions=0
2026-09-18T04:15:55.857059Z  INFO ws_message:game_session{game=H7K1MA player=PlayerId(1)}: server_core::session: action applied game=H7K1MA player=PlayerId(1) action_type="PassPriority" event_count=2
2026-09-18T04:15:55.866849Z  INFO ws_message:game_session{game=H7K1MA player=PlayerId(1)}: phase_server: game submission processed (lock held) game=H7K1MA kind="action" lock_ms=16 ai_actions=0
2026-09-18T04:15:56.004799Z  INFO ws_message:game_session{game=H7K1MA player=PlayerId(0)}: server_core::session: action applied game=H7K1MA player=PlayerId(0) action_type="PassPriority" event_count=1
2026-09-18T04:15:56.020086Z  INFO ws_message:game_session{game=H7K1MA player=PlayerId(0)}: phase_server: game submission processed (lock held) game=H7K1MA kind="action" lock_ms=19 ai_actions=0
2026-09-18T04:15:56.158610Z  INFO ws_message:game_session{game=H7K1MA player=PlayerId(1)}: server_core::session: action applied game=H7K1MA player=PlayerId(1) action_type="PassPriority" event_count=3
2026-09-18T04:15:56.174393Z  INFO ws_message:game_session{game=H7K1MA player=PlayerId(1)}: phase_server: game submission processed (lock held) game=H7K1MA kind="action" lock_ms=19 ai_actions=0
2026-09-18T04:15:56.320541Z  INFO ws_message:game_session{game=H7K1MA player=PlayerId(0)}: server_core::session: interaction applied game=H7K1MA player=PlayerId(0) action_type="SelectCards" event_count=5
2026-09-18T04:15:56.348256Z  INFO ws_message:game_session{game=H7K1MA player=PlayerId(0)}: phase_server: game submission processed (lock held) game=H7K1MA kind="interaction" lock_ms=41 ai_actions=0
2026-09-18T04:16:04.514782Z  INFO ws_message:game_session{game=H7K1MA player=PlayerId(0)}: server_core::session: action applied game=H7K1MA player=PlayerId(0) action_type="PlayLand" event_count=2
2026-09-18T04:16:04.547704Z  INFO ws_message:game_session{game=H7K1MA player=PlayerId(0)}: phase_server: game submission processed (lock held) game=H7K1MA kind="action" lock_ms=48 ai_actions=0
2026-09-18T04:16:04.805186Z  INFO ws_message:game_session{game=H7K1MA player=PlayerId(0)}: server_core::session: action applied game=H7K1MA player=PlayerId(0) action_type="PassPriority" event_count=1
2026-09-18T04:16:04.823146Z  INFO ws_message:game_session{game=H7K1MA player=PlayerId(0)}: phase_server: game submission processed (lock held) game=H7K1MA kind="action" lock_ms=22 ai_actions=0
2026-09-18T04:16:04.957552Z  INFO ws_message:game_session{game=H7K1MA player=PlayerId(1)}: server_core::session: action applied game=H7K1MA player=PlayerId(1) action_type="PassPriority" event_count=1
2026-09-18T04:16:04.974280Z  INFO ws_message:game_session{game=H7K1MA player=PlayerId(1)}: phase_server: game submission processed (lock held) game=H7K1MA kind="action" lock_ms=22 ai_actions=0
2026-09-18T04:16:05.109322Z  INFO ws_message:game_session{game=H7K1MA player=PlayerId(0)}: server_core::session: action applied game=H7K1MA player=PlayerId(0) action_type="PassPriority" event_count=1
2026-09-18T04:16:05.127892Z  INFO ws_message:game_session{game=H7K1MA player=PlayerId(0)}: phase_server: game submission processed (lock held) game=H7K1MA kind="action" lock_ms=23 ai_actions=0
2026-09-18T04:16:05.262768Z  INFO ws_message:game_session{game=H7K1MA player=PlayerId(1)}: server_core::session: action applied game=H7K1MA player=PlayerId(1) action_type="PassPriority" event_count=1
2026-09-18T04:16:05.278187Z  INFO ws_message:game_session{game=H7K1MA player=PlayerId(1)}: phase_server: game submission processed (lock held) game=H7K1MA kind="action" lock_ms=20 ai_actions=0
2026-09-18T04:16:05.413369Z  INFO ws_message:game_session{game=H7K1MA player=PlayerId(0)}: server_core::session: action applied game=H7K1MA player=PlayerId(0) action_type="DeclareAttackers" event_count=2
2026-09-18T04:16:05.426807Z  INFO ws_message:game_session{game=H7K1MA player=PlayerId(0)}: phase_server: game submission processed (lock held) game=H7K1MA kind="action" lock_ms=19 ai_actions=0
2026-09-18T04:16:05.565527Z  INFO ws_message:game_session{game=H7K1MA player=PlayerId(0)}: server_core::session: action applied game=H7K1MA player=PlayerId(0) action_type="PassPriority" event_count=1
2026-09-18T04:16:05.585326Z  INFO ws_message:game_session{game=H7K1MA player=PlayerId(0)}: phase_server: game submission processed (lock held) game=H7K1MA kind="action" lock_ms=24 ai_actions=0
2026-09-18T04:16:05.870718Z  INFO ws_message:game_session{game=H7K1MA player=PlayerId(1)}: server_core::session: action applied game=H7K1MA player=PlayerId(1) action_type="PassPriority" event_count=1
2026-09-18T04:16:05.893351Z  INFO ws_message:game_session{game=H7K1MA player=PlayerId(1)}: phase_server: game submission processed (lock held) game=H7K1MA kind="action" lock_ms=28 ai_actions=0
2026-09-18T04:16:06.170915Z  INFO ws_message:game_session{game=H7K1MA player=PlayerId(0)}: server_core::session: action applied game=H7K1MA player=PlayerId(0) action_type="PassPriority" event_count=1
2026-09-18T04:16:06.189613Z  INFO ws_message:game_session{game=H7K1MA player=PlayerId(0)}: phase_server: game submission processed (lock held) game=H7K1MA kind="action" lock_ms=23 ai_actions=0
2026-09-18T04:16:06.324377Z  INFO ws_message:game_session{game=H7K1MA player=PlayerId(1)}: server_core::session: action applied game=H7K1MA player=PlayerId(1) action_type="PassPriority" event_count=1
2026-09-18T04:16:06.339711Z  INFO ws_message:game_session{game=H7K1MA player=PlayerId(1)}: phase_server: game submission processed (lock held) game=H7K1MA kind="action" lock_ms=21 ai_actions=0
2026-09-18T04:16:06.473373Z  INFO ws_message:game_session{game=H7K1MA player=PlayerId(0)}: server_core::session: action applied game=H7K1MA player=PlayerId(0) action_type="PassPriority" event_count=1
2026-09-18T04:16:06.492477Z  INFO ws_message:game_session{game=H7K1MA player=PlayerId(0)}: phase_server: game submission processed (lock held) game=H7K1MA kind="action" lock_ms=23 ai_actions=0
2026-09-18T04:16:06.627631Z  INFO ws_message:game_session{game=H7K1MA player=PlayerId(1)}: server_core::session: action applied game=H7K1MA player=PlayerId(1) action_type="PassPriority" event_count=4
2026-09-18T04:16:06.630586Z  INFO ws_message:game_session{game=H7K1MA player=PlayerId(1)}: phase_server: game submission processed (lock held) game=H7K1MA kind="action" lock_ms=11 ai_actions=0
2026-09-18T04:16:06.775604Z  INFO ws_message:game_session{game=H7K1MA player=PlayerId(1)}: server_core::session: action applied game=H7K1MA player=PlayerId(1) action_type="PassPriority" event_count=1
2026-09-18T04:16:06.786605Z  INFO ws_message:game_session{game=H7K1MA player=PlayerId(1)}: phase_server: game submission processed (lock held) game=H7K1MA kind="action" lock_ms=16 ai_actions=0
2026-09-18T04:16:07.418342Z  INFO ws_message:game_session{game=H7K1MA player=PlayerId(0)}: server_core::session: action applied game=H7K1MA player=PlayerId(0) action_type="PassPriority" event_count=4
2026-09-18T04:16:07.420206Z  INFO ws_message:game_session{game=H7K1MA player=PlayerId(0)}: phase_server: game submission processed (lock held) game=H7K1MA kind="action" lock_ms=9 ai_actions=0
2026-09-18T04:16:07.567526Z  INFO ws_message:game_session{game=H7K1MA player=PlayerId(1)}: server_core::session: action applied game=H7K1MA player=PlayerId(1) action_type="PassPriority" event_count=1
2026-09-18T04:16:07.576805Z  INFO ws_message:game_session{game=H7K1MA player=PlayerId(1)}: phase_server: game submission processed (lock held) game=H7K1MA kind="action" lock_ms=13 ai_actions=0
2026-09-18T04:16:07.718338Z  INFO ws_message:game_session{game=H7K1MA player=PlayerId(0)}: server_core::session: action applied game=H7K1MA player=PlayerId(0) action_type="PassPriority" event_count=1
2026-09-18T04:16:07.722437Z  INFO ws_message:game_session{game=H7K1MA player=PlayerId(0)}: phase_server: game submission processed (lock held) game=H7K1MA kind="action" lock_ms=8 ai_actions=0
2026-09-18T04:16:07.873975Z  INFO ws_message:game_session{game=H7K1MA player=PlayerId(1)}: server_core::session: action applied game=H7K1MA player=PlayerId(1) action_type="CastSpell" event_count=12
2026-09-18T04:16:07.875705Z  INFO ws_message:game_session{game=H7K1MA player=PlayerId(1)}: phase_server: game submission processed (lock held) game=H7K1MA kind="action" lock_ms=9 ai_actions=0
2026-09-18T04:16:08.025428Z  INFO ws_message:game_session{game=H7K1MA player=PlayerId(1)}: server_core::session: action applied game=H7K1MA player=PlayerId(1) action_type="PassPriority" event_count=1
2026-09-18T04:16:08.042110Z  INFO ws_message:game_session{game=H7K1MA player=PlayerId(1)}: phase_server: game submission processed (lock held) game=H7K1MA kind="action" lock_ms=22 ai_actions=0
2026-09-18T04:16:08.179365Z  INFO ws_message:game_session{game=H7K1MA player=PlayerId(0)}: server_core::session: action applied game=H7K1MA player=PlayerId(0) action_type="PassPriority" event_count=2
2026-09-18T04:16:08.196979Z  INFO ws_message:game_session{game=H7K1MA player=PlayerId(0)}: phase_server: game submission processed (lock held) game=H7K1MA kind="action" lock_ms=24 ai_actions=0
2026-09-18T04:16:08.329504Z  INFO ws_message:game_session{game=H7K1MA player=PlayerId(1)}: server_core::session: action applied game=H7K1MA player=PlayerId(1) action_type="PassPriority" event_count=1
2026-09-18T04:16:08.339257Z  INFO ws_message:game_session{game=H7K1MA player=PlayerId(1)}: phase_server: game submission processed (lock held) game=H7K1MA kind="action" lock_ms=14 ai_actions=0
2026-09-18T04:16:08.481342Z  INFO ws_message:game_session{game=H7K1MA player=PlayerId(0)}: server_core::session: action applied game=H7K1MA player=PlayerId(0) action_type="PassPriority" event_count=1
2026-09-18T04:16:08.495483Z  INFO ws_message:game_session{game=H7K1MA player=PlayerId(0)}: phase_server: game submission processed (lock held) game=H7K1MA kind="action" lock_ms=19 ai_actions=0
2026-09-18T04:16:08.641963Z  INFO ws_message:game_session{game=H7K1MA player=PlayerId(1)}: server_core::session: action applied game=H7K1MA player=PlayerId(1) action_type="PassPriority" event_count=1
2026-09-18T04:16:08.656684Z  INFO ws_message:game_session{game=H7K1MA player=PlayerId(1)}: phase_server: game submission processed (lock held) game=H7K1MA kind="action" lock_ms=27 ai_actions=0
2026-09-18T04:16:08.782770Z  INFO ws_message:game_session{game=H7K1MA player=PlayerId(0)}: server_core::session: action applied game=H7K1MA player=PlayerId(0) action_type="PassPriority" event_count=1
2026-09-18T04:16:08.817832Z  INFO ws_message:game_session{game=H7K1MA player=PlayerId(0)}: phase_server: game submission processed (lock held) game=H7K1MA kind="action" lock_ms=37 ai_actions=0
2026-09-18T04:16:08.942155Z  INFO ws_message:game_session{game=H7K1MA player=PlayerId(1)}: server_core::session: action applied game=H7K1MA player=PlayerId(1) action_type="DeclareAttackers" event_count=2
2026-09-18T04:16:08.959467Z  INFO ws_message:game_session{game=H7K1MA player=PlayerId(1)}: phase_server: game submission processed (lock held) game=H7K1MA kind="action" lock_ms=27 ai_actions=0
2026-09-18T04:16:09.086713Z  INFO ws_message:game_session{game=H7K1MA player=PlayerId(1)}: server_core::session: action applied game=H7K1MA player=PlayerId(1) action_type="PassPriority" event_count=1
2026-09-18T04:16:09.114753Z  INFO ws_message:game_session{game=H7K1MA player=PlayerId(1)}: phase_server: game submission processed (lock held) game=H7K1MA kind="action" lock_ms=31 ai_actions=0
2026-09-18T04:16:09.404224Z  INFO ws_message:game_session{game=H7K1MA player=PlayerId(0)}: server_core::session: action applied game=H7K1MA player=PlayerId(0) action_type="PassPriority" event_count=1
2026-09-18T04:16:09.416706Z  INFO ws_message:game_session{game=H7K1MA player=PlayerId(0)}: phase_server: game submission processed (lock held) game=H7K1MA kind="action" lock_ms=18 ai_actions=0
2026-09-18T04:16:09.554254Z  INFO ws_message:game_session{game=H7K1MA player=PlayerId(1)}: server_core::session: action applied game=H7K1MA player=PlayerId(1) action_type="PassPriority" event_count=1
2026-09-18T04:16:09.563995Z  INFO ws_message:game_session{game=H7K1MA player=PlayerId(1)}: phase_server: game submission processed (lock held) game=H7K1MA kind="action" lock_ms=13 ai_actions=0
2026-09-18T04:16:09.708436Z  INFO ws_message:game_session{game=H7K1MA player=PlayerId(0)}: server_core::session: action applied game=H7K1MA player=PlayerId(0) action_type="PassPriority" event_count=1
2026-09-18T04:16:09.720304Z  INFO ws_message:game_session{game=H7K1MA player=PlayerId(0)}: phase_server: game submission processed (lock held) game=H7K1MA kind="action" lock_ms=18 ai_actions=0
2026-09-18T04:16:09.857454Z  INFO ws_message:game_session{game=H7K1MA player=PlayerId(1)}: server_core::session: action applied game=H7K1MA player=PlayerId(1) action_type="PassPriority" event_count=1
2026-09-18T04:16:09.867307Z  INFO ws_message:game_session{game=H7K1MA player=PlayerId(1)}: phase_server: game submission processed (lock held) game=H7K1MA kind="action" lock_ms=14 ai_actions=0
2026-09-18T04:16:10.009643Z  INFO ws_message:game_session{game=H7K1MA player=PlayerId(0)}: server_core::session: action applied game=H7K1MA player=PlayerId(0) action_type="PassPriority" event_count=4
2026-09-18T04:16:10.019255Z  INFO ws_message:game_session{game=H7K1MA player=PlayerId(0)}: phase_server: game submission processed (lock held) game=H7K1MA kind="action" lock_ms=15 ai_actions=0
2026-09-18T04:16:10.164157Z  INFO ws_message:game_session{game=H7K1MA player=PlayerId(0)}: server_core::session: action applied game=H7K1MA player=PlayerId(0) action_type="PassPriority" event_count=1
2026-09-18T04:16:10.178533Z  INFO ws_message:game_session{game=H7K1MA player=PlayerId(0)}: phase_server: game submission processed (lock held) game=H7K1MA kind="action" lock_ms=23 ai_actions=0
2026-09-18T04:16:10.314281Z  INFO ws_message:game_session{game=H7K1MA player=PlayerId(1)}: server_core::session: action applied game=H7K1MA player=PlayerId(1) action_type="PassPriority" event_count=4
2026-09-18T04:16:10.325696Z  INFO ws_message:game_session{game=H7K1MA player=PlayerId(1)}: phase_server: game submission processed (lock held) game=H7K1MA kind="action" lock_ms=19 ai_actions=0
2026-09-18T04:16:10.460156Z  INFO ws_message:game_session{game=H7K1MA player=PlayerId(0)}: server_core::session: action applied game=H7K1MA player=PlayerId(0) action_type="PassPriority" event_count=1
2026-09-18T04:16:10.471108Z  INFO ws_message:game_session{game=H7K1MA player=PlayerId(0)}: phase_server: game submission processed (lock held) game=H7K1MA kind="action" lock_ms=14 ai_actions=0
2026-09-18T04:16:10.614181Z  INFO ws_message:game_session{game=H7K1MA player=PlayerId(1)}: server_core::session: action applied game=H7K1MA player=PlayerId(1) action_type="PassPriority" event_count=2
2026-09-18T04:16:10.623459Z  INFO ws_message:game_session{game=H7K1MA player=PlayerId(1)}: phase_server: game submission processed (lock held) game=H7K1MA kind="action" lock_ms=15 ai_actions=0
2026-09-18T04:16:10.764219Z  INFO ws_message:game_session{game=H7K1MA player=PlayerId(0)}: server_core::session: action applied game=H7K1MA player=PlayerId(0) action_type="PassPriority" event_count=1
2026-09-18T04:16:10.776142Z  INFO ws_message:game_session{game=H7K1MA player=PlayerId(0)}: phase_server: game submission processed (lock held) game=H7K1MA kind="action" lock_ms=15 ai_actions=0
2026-09-18T04:16:10.915452Z  INFO ws_message:game_session{game=H7K1MA player=PlayerId(1)}: server_core::session: action applied game=H7K1MA player=PlayerId(1) action_type="PassPriority" event_count=3
2026-09-18T04:16:10.921444Z  INFO ws_message:game_session{game=H7K1MA player=PlayerId(1)}: phase_server: game submission processed (lock held) game=H7K1MA kind="action" lock_ms=9 ai_actions=0
2026-09-18T04:16:11.074917Z  INFO ws_message:game_session{game=H7K1MA player=PlayerId(0)}: server_core::session: interaction applied game=H7K1MA player=PlayerId(0) action_type="SelectCards" event_count=1
2026-09-18T04:16:11.082886Z  INFO ws_message:game_session{game=H7K1MA player=PlayerId(0)}: phase_server: game submission processed (lock held) game=H7K1MA kind="interaction" lock_ms=19 ai_actions=0
2026-09-18T04:16:14.151018Z  INFO ws_message:game_session{game=H7K1MA player=PlayerId(0)}: server_core::session: interaction applied game=H7K1MA player=PlayerId(0) action_type="SelectCards" event_count=5
2026-09-18T04:16:14.175848Z  INFO ws_message:game_session{game=H7K1MA player=PlayerId(0)}: phase_server: game submission processed (lock held) game=H7K1MA kind="interaction" lock_ms=38 ai_actions=0
2026-09-18T04:16:22.314551Z  INFO ws_message:game_session{game=H7K1MA player=PlayerId(0)}: server_core::session: action applied game=H7K1MA player=PlayerId(0) action_type="CastSpell" event_count=1
2026-09-18T04:16:22.398645Z  INFO ws_message:game_session{game=H7K1MA player=PlayerId(0)}: phase_server: game submission processed (lock held) game=H7K1MA kind="action" lock_ms=86 ai_actions=0
2026-09-18T04:16:25.482986Z  INFO ws_message:game_session{game=H7K1MA player=PlayerId(0)}: server_core::session: interaction applied game=H7K1MA player=PlayerId(0) action_type="ChooseTarget" event_count=9
2026-09-18T04:16:25.495533Z  INFO ws_message:game_session{game=H7K1MA player=PlayerId(0)}: phase_server: game submission processed (lock held) game=H7K1MA kind="interaction" lock_ms=26 ai_actions=0
2026-09-18T04:16:26.430059Z  INFO ws_message:game_session{game=H7K1MA player=PlayerId(0)}: server_core::session: action applied game=H7K1MA player=PlayerId(0) action_type="PassPriority" event_count=1
2026-09-18T04:16:26.454097Z  INFO ws_message:game_session{game=H7K1MA player=PlayerId(0)}: phase_server: game submission processed (lock held) game=H7K1MA kind="action" lock_ms=31 ai_actions=0
2026-09-18T04:16:26.735286Z  INFO ws_message:game_session{game=H7K1MA player=PlayerId(1)}: server_core::session: action applied game=H7K1MA player=PlayerId(1) action_type="PassPriority" event_count=5
2026-09-18T04:16:26.803141Z  INFO ws_message:game_session{game=H7K1MA player=PlayerId(1)}: phase_server: game submission processed (lock held) game=H7K1MA kind="action" lock_ms=75 ai_actions=0
2026-09-18T04:16:27.393672Z  INFO phase_server: client disconnected game=Some("H7K1MA") player=Some(PlayerId(0))
2026-09-18T04:16:27.393767Z  INFO server_core::session: player disconnected game=H7K1MA player=PlayerId(0)
2026-09-18T04:16:27.394307Z  INFO phase_server: client disconnected game=Some("H7K1MA") player=Some(PlayerId(1))
2026-09-18T04:16:27.394328Z  INFO server_core::session: player disconnected game=H7K1MA player=PlayerId(1)
