2026-09-16T00:27:54.896700Z  INFO ws_message: server_core::session: game session created game=5W86WB player_count=2
2026-09-16T00:27:54.916268Z  INFO ws_message: phase_server: game created via lobby game=5W86WB host=P0-rite players=2
2026-09-16T00:27:54.976735Z  INFO ws_message: phase_server: JoinGameWithPassword game=5W86WB joiner=P1-bears
2026-09-16T00:27:54.976909Z  INFO ws_message: server_core::session: player joined session game=5W86WB player=PlayerId(1) seat=1
2026-09-16T00:27:54.996701Z  INFO ws_message: phase_server: player joined via lobby game=5W86WB player=PlayerId(1)
2026-09-16T00:27:55.190685Z  WARN phase_server: Full snapshot was no longer current game=5W86WB disposition=SupersededOrRetired
2026-09-16T00:27:55.433207Z  INFO ws_message:game_session{game=5W86WB player=PlayerId(0)}: server_core::session: action applied game=5W86WB player=PlayerId(0) action_type="MulliganDecision" event_count=0
2026-09-16T00:27:55.448237Z  INFO ws_message:game_session{game=5W86WB player=PlayerId(0)}: phase_server: game submission processed (lock held) game=5W86WB kind="action" lock_ms=15 ai_actions=0
2026-09-16T00:27:55.534648Z  INFO ws_message:game_session{game=5W86WB player=PlayerId(1)}: server_core::session: action applied game=5W86WB player=PlayerId(1) action_type="MulliganDecision" event_count=1
2026-09-16T00:27:55.537253Z  INFO ws_message:game_session{game=5W86WB player=PlayerId(1)}: phase_server: game submission processed (lock held) game=5W86WB kind="action" lock_ms=6 ai_actions=0
2026-09-16T00:27:55.684341Z  INFO ws_message:game_session{game=5W86WB player=PlayerId(0)}: server_core::session: action applied game=5W86WB player=PlayerId(0) action_type="PassPriority" event_count=1
2026-09-16T00:27:55.688109Z  INFO ws_message:game_session{game=5W86WB player=PlayerId(0)}: phase_server: game submission processed (lock held) game=5W86WB kind="action" lock_ms=4 ai_actions=0
2026-09-16T00:27:55.936483Z  INFO ws_message:game_session{game=5W86WB player=PlayerId(1)}: server_core::session: action applied game=5W86WB player=PlayerId(1) action_type="PassPriority" event_count=2
2026-09-16T00:27:55.963946Z  INFO ws_message:game_session{game=5W86WB player=PlayerId(1)}: phase_server: game submission processed (lock held) game=5W86WB kind="action" lock_ms=28 ai_actions=0
2026-09-16T00:27:56.191605Z  INFO ws_message:game_session{game=5W86WB player=PlayerId(0)}: server_core::session: action applied game=5W86WB player=PlayerId(0) action_type="PlayLand" event_count=2
2026-09-16T00:27:56.201617Z  INFO ws_message:game_session{game=5W86WB player=PlayerId(0)}: phase_server: game submission processed (lock held) game=5W86WB kind="action" lock_ms=14 ai_actions=0
2026-09-16T00:27:56.438755Z  INFO ws_message:game_session{game=5W86WB player=PlayerId(0)}: server_core::session: action applied game=5W86WB player=PlayerId(0) action_type="PassPriority" event_count=1
2026-09-16T00:27:56.441897Z  INFO ws_message:game_session{game=5W86WB player=PlayerId(0)}: phase_server: game submission processed (lock held) game=5W86WB kind="action" lock_ms=4 ai_actions=0
2026-09-16T00:27:56.690218Z  INFO ws_message:game_session{game=5W86WB player=PlayerId(1)}: server_core::session: action applied game=5W86WB player=PlayerId(1) action_type="PassPriority" event_count=1
2026-09-16T00:27:56.693334Z  INFO ws_message:game_session{game=5W86WB player=PlayerId(1)}: phase_server: game submission processed (lock held) game=5W86WB kind="action" lock_ms=4 ai_actions=0
2026-09-16T00:27:56.941110Z  INFO ws_message:game_session{game=5W86WB player=PlayerId(0)}: server_core::session: action applied game=5W86WB player=PlayerId(0) action_type="PassPriority" event_count=1
2026-09-16T00:27:56.943627Z  INFO ws_message:game_session{game=5W86WB player=PlayerId(0)}: phase_server: game submission processed (lock held) game=5W86WB kind="action" lock_ms=3 ai_actions=0
2026-09-16T00:27:57.196126Z  INFO ws_message:game_session{game=5W86WB player=PlayerId(1)}: server_core::session: action applied game=5W86WB player=PlayerId(1) action_type="PassPriority" event_count=3
2026-09-16T00:27:57.200516Z  INFO ws_message:game_session{game=5W86WB player=PlayerId(1)}: phase_server: game submission processed (lock held) game=5W86WB kind="action" lock_ms=9 ai_actions=0
2026-09-16T00:27:57.442996Z  INFO ws_message:game_session{game=5W86WB player=PlayerId(0)}: server_core::session: action applied game=5W86WB player=PlayerId(0) action_type="PassPriority" event_count=1
2026-09-16T00:27:57.445684Z  INFO ws_message:game_session{game=5W86WB player=PlayerId(0)}: phase_server: game submission processed (lock held) game=5W86WB kind="action" lock_ms=3 ai_actions=0
2026-09-16T00:27:57.697741Z  INFO ws_message:game_session{game=5W86WB player=PlayerId(1)}: server_core::session: action applied game=5W86WB player=PlayerId(1) action_type="PassPriority" event_count=1
2026-09-16T00:27:57.707830Z  INFO ws_message:game_session{game=5W86WB player=PlayerId(1)}: phase_server: game submission processed (lock held) game=5W86WB kind="action" lock_ms=14 ai_actions=0
2026-09-16T00:27:57.946128Z  INFO ws_message:game_session{game=5W86WB player=PlayerId(0)}: server_core::session: action applied game=5W86WB player=PlayerId(0) action_type="PassPriority" event_count=1
2026-09-16T00:27:57.948268Z  INFO ws_message:game_session{game=5W86WB player=PlayerId(0)}: phase_server: game submission processed (lock held) game=5W86WB kind="action" lock_ms=3 ai_actions=0
2026-09-16T00:27:58.201175Z  INFO ws_message:game_session{game=5W86WB player=PlayerId(1)}: server_core::session: action applied game=5W86WB player=PlayerId(1) action_type="PassPriority" event_count=1
2026-09-16T00:27:58.204421Z  INFO ws_message:game_session{game=5W86WB player=PlayerId(1)}: phase_server: game submission processed (lock held) game=5W86WB kind="action" lock_ms=7 ai_actions=0
2026-09-16T00:27:58.449446Z  INFO ws_message:game_session{game=5W86WB player=PlayerId(0)}: server_core::session: action applied game=5W86WB player=PlayerId(0) action_type="PassPriority" event_count=1
2026-09-16T00:27:58.451614Z  INFO ws_message:game_session{game=5W86WB player=PlayerId(0)}: phase_server: game submission processed (lock held) game=5W86WB kind="action" lock_ms=4 ai_actions=0
2026-09-16T00:27:58.704116Z  INFO ws_message:game_session{game=5W86WB player=PlayerId(1)}: server_core::session: action applied game=5W86WB player=PlayerId(1) action_type="PassPriority" event_count=4
2026-09-16T00:27:58.705698Z  INFO ws_message:game_session{game=5W86WB player=PlayerId(1)}: phase_server: game submission processed (lock held) game=5W86WB kind="action" lock_ms=6 ai_actions=0
2026-09-16T00:27:58.951220Z  INFO ws_message:game_session{game=5W86WB player=PlayerId(1)}: server_core::session: action applied game=5W86WB player=PlayerId(1) action_type="PassPriority" event_count=1
2026-09-16T00:27:58.954375Z  INFO ws_message:game_session{game=5W86WB player=PlayerId(1)}: phase_server: game submission processed (lock held) game=5W86WB kind="action" lock_ms=4 ai_actions=0
2026-09-16T00:27:59.206789Z  INFO ws_message:game_session{game=5W86WB player=PlayerId(0)}: server_core::session: action applied game=5W86WB player=PlayerId(0) action_type="PassPriority" event_count=4
2026-09-16T00:27:59.209162Z  INFO ws_message:game_session{game=5W86WB player=PlayerId(0)}: phase_server: game submission processed (lock held) game=5W86WB kind="action" lock_ms=7 ai_actions=0
2026-09-16T00:27:59.453824Z  INFO ws_message:game_session{game=5W86WB player=PlayerId(1)}: server_core::session: action applied game=5W86WB player=PlayerId(1) action_type="PassPriority" event_count=1
2026-09-16T00:27:59.457082Z  INFO ws_message:game_session{game=5W86WB player=PlayerId(1)}: phase_server: game submission processed (lock held) game=5W86WB kind="action" lock_ms=4 ai_actions=0
2026-09-16T00:27:59.705442Z  INFO ws_message:game_session{game=5W86WB player=PlayerId(0)}: server_core::session: action applied game=5W86WB player=PlayerId(0) action_type="PassPriority" event_count=1
2026-09-16T00:27:59.733980Z  INFO ws_message:game_session{game=5W86WB player=PlayerId(0)}: phase_server: game submission processed (lock held) game=5W86WB kind="action" lock_ms=29 ai_actions=0
2026-09-16T00:27:59.963144Z  INFO ws_message:game_session{game=5W86WB player=PlayerId(1)}: server_core::session: action applied game=5W86WB player=PlayerId(1) action_type="PlayLand" event_count=2
2026-09-16T00:27:59.971908Z  INFO ws_message:game_session{game=5W86WB player=PlayerId(1)}: phase_server: game submission processed (lock held) game=5W86WB kind="action" lock_ms=15 ai_actions=0
2026-09-16T00:28:00.210731Z  INFO ws_message:game_session{game=5W86WB player=PlayerId(1)}: server_core::session: action applied game=5W86WB player=PlayerId(1) action_type="PassPriority" event_count=1
2026-09-16T00:28:00.213784Z  INFO ws_message:game_session{game=5W86WB player=PlayerId(1)}: phase_server: game submission processed (lock held) game=5W86WB kind="action" lock_ms=5 ai_actions=0
2026-09-16T00:28:00.459341Z  INFO ws_message:game_session{game=5W86WB player=PlayerId(0)}: server_core::session: action applied game=5W86WB player=PlayerId(0) action_type="PassPriority" event_count=1
2026-09-16T00:28:00.462958Z  INFO ws_message:game_session{game=5W86WB player=PlayerId(0)}: phase_server: game submission processed (lock held) game=5W86WB kind="action" lock_ms=4 ai_actions=0
2026-09-16T00:28:00.711703Z  INFO ws_message:game_session{game=5W86WB player=PlayerId(1)}: server_core::session: action applied game=5W86WB player=PlayerId(1) action_type="PassPriority" event_count=1
2026-09-16T00:28:00.716177Z  INFO ws_message:game_session{game=5W86WB player=PlayerId(1)}: phase_server: game submission processed (lock held) game=5W86WB kind="action" lock_ms=6 ai_actions=0
2026-09-16T00:28:00.965904Z  INFO ws_message:game_session{game=5W86WB player=PlayerId(0)}: server_core::session: action applied game=5W86WB player=PlayerId(0) action_type="PassPriority" event_count=3
2026-09-16T00:28:00.969988Z  INFO ws_message:game_session{game=5W86WB player=PlayerId(0)}: phase_server: game submission processed (lock held) game=5W86WB kind="action" lock_ms=9 ai_actions=0
2026-09-16T00:28:01.214650Z  INFO ws_message:game_session{game=5W86WB player=PlayerId(1)}: server_core::session: action applied game=5W86WB player=PlayerId(1) action_type="PassPriority" event_count=1
2026-09-16T00:28:01.217865Z  INFO ws_message:game_session{game=5W86WB player=PlayerId(1)}: phase_server: game submission processed (lock held) game=5W86WB kind="action" lock_ms=5 ai_actions=0
2026-09-16T00:28:01.468050Z  INFO ws_message:game_session{game=5W86WB player=PlayerId(0)}: server_core::session: action applied game=5W86WB player=PlayerId(0) action_type="PassPriority" event_count=1
2026-09-16T00:28:01.475312Z  INFO ws_message:game_session{game=5W86WB player=PlayerId(0)}: phase_server: game submission processed (lock held) game=5W86WB kind="action" lock_ms=11 ai_actions=0
2026-09-16T00:28:01.717642Z  INFO ws_message:game_session{game=5W86WB player=PlayerId(1)}: server_core::session: action applied game=5W86WB player=PlayerId(1) action_type="PassPriority" event_count=1
2026-09-16T00:28:01.720500Z  INFO ws_message:game_session{game=5W86WB player=PlayerId(1)}: phase_server: game submission processed (lock held) game=5W86WB kind="action" lock_ms=4 ai_actions=0
2026-09-16T00:28:01.971276Z  INFO ws_message:game_session{game=5W86WB player=PlayerId(0)}: server_core::session: action applied game=5W86WB player=PlayerId(0) action_type="PassPriority" event_count=1
2026-09-16T00:28:01.974570Z  INFO ws_message:game_session{game=5W86WB player=PlayerId(0)}: phase_server: game submission processed (lock held) game=5W86WB kind="action" lock_ms=7 ai_actions=0
2026-09-16T00:28:02.219686Z  INFO ws_message:game_session{game=5W86WB player=PlayerId(1)}: server_core::session: action applied game=5W86WB player=PlayerId(1) action_type="PassPriority" event_count=1
2026-09-16T00:28:02.222726Z  INFO ws_message:game_session{game=5W86WB player=PlayerId(1)}: phase_server: game submission processed (lock held) game=5W86WB kind="action" lock_ms=4 ai_actions=0
2026-09-16T00:28:02.474422Z  INFO ws_message:game_session{game=5W86WB player=PlayerId(0)}: server_core::session: action applied game=5W86WB player=PlayerId(0) action_type="PassPriority" event_count=4
2026-09-16T00:28:02.476599Z  INFO ws_message:game_session{game=5W86WB player=PlayerId(0)}: phase_server: game submission processed (lock held) game=5W86WB kind="action" lock_ms=6 ai_actions=0
2026-09-16T00:28:02.722874Z  INFO ws_message:game_session{game=5W86WB player=PlayerId(0)}: server_core::session: action applied game=5W86WB player=PlayerId(0) action_type="PassPriority" event_count=1
2026-09-16T00:28:02.725631Z  INFO ws_message:game_session{game=5W86WB player=PlayerId(0)}: phase_server: game submission processed (lock held) game=5W86WB kind="action" lock_ms=3 ai_actions=0
2026-09-16T00:28:02.978894Z  INFO ws_message:game_session{game=5W86WB player=PlayerId(1)}: server_core::session: action applied game=5W86WB player=PlayerId(1) action_type="PassPriority" event_count=4
2026-09-16T00:28:02.980825Z  INFO ws_message:game_session{game=5W86WB player=PlayerId(1)}: phase_server: game submission processed (lock held) game=5W86WB kind="action" lock_ms=7 ai_actions=0
2026-09-16T00:28:03.226210Z  INFO ws_message:game_session{game=5W86WB player=PlayerId(0)}: server_core::session: action applied game=5W86WB player=PlayerId(0) action_type="PassPriority" event_count=1
2026-09-16T00:28:03.229179Z  INFO ws_message:game_session{game=5W86WB player=PlayerId(0)}: phase_server: game submission processed (lock held) game=5W86WB kind="action" lock_ms=4 ai_actions=0
2026-09-16T00:28:03.477588Z  INFO ws_message:game_session{game=5W86WB player=PlayerId(1)}: server_core::session: action applied game=5W86WB player=PlayerId(1) action_type="PassPriority" event_count=1
2026-09-16T00:28:03.503288Z  INFO ws_message:game_session{game=5W86WB player=PlayerId(1)}: phase_server: game submission processed (lock held) game=5W86WB kind="action" lock_ms=26 ai_actions=0
2026-09-16T00:28:03.732416Z  INFO ws_message:game_session{game=5W86WB player=PlayerId(0)}: server_core::session: action applied game=5W86WB player=PlayerId(0) action_type="PlayLand" event_count=2
2026-09-16T00:28:03.748153Z  INFO ws_message:game_session{game=5W86WB player=PlayerId(0)}: phase_server: game submission processed (lock held) game=5W86WB kind="action" lock_ms=20 ai_actions=0
2026-09-16T00:28:03.985992Z  INFO ws_message:game_session{game=5W86WB player=PlayerId(0)}: server_core::session: action applied game=5W86WB player=PlayerId(0) action_type="CastSpell" event_count=12
2026-09-16T00:28:03.987421Z  INFO ws_message:game_session{game=5W86WB player=PlayerId(0)}: phase_server: game submission processed (lock held) game=5W86WB kind="action" lock_ms=8 ai_actions=0
2026-09-16T00:28:04.232432Z  INFO ws_message:game_session{game=5W86WB player=PlayerId(0)}: server_core::session: action applied game=5W86WB player=PlayerId(0) action_type="PassPriority" event_count=1
2026-09-16T00:28:04.237325Z  INFO ws_message:game_session{game=5W86WB player=PlayerId(0)}: phase_server: game submission processed (lock held) game=5W86WB kind="action" lock_ms=6 ai_actions=0
2026-09-16T00:28:04.485342Z  INFO ws_message:game_session{game=5W86WB player=PlayerId(1)}: server_core::session: action applied game=5W86WB player=PlayerId(1) action_type="PassPriority" event_count=2
2026-09-16T00:28:04.489300Z  INFO ws_message:game_session{game=5W86WB player=PlayerId(1)}: phase_server: game submission processed (lock held) game=5W86WB kind="action" lock_ms=6 ai_actions=0
2026-09-16T00:28:04.735685Z  INFO ws_message:game_session{game=5W86WB player=PlayerId(0)}: server_core::session: action applied game=5W86WB player=PlayerId(0) action_type="PassPriority" event_count=1
2026-09-16T00:28:04.739215Z  INFO ws_message:game_session{game=5W86WB player=PlayerId(0)}: phase_server: game submission processed (lock held) game=5W86WB kind="action" lock_ms=5 ai_actions=0
2026-09-16T00:28:04.987899Z  INFO ws_message:game_session{game=5W86WB player=PlayerId(1)}: server_core::session: action applied game=5W86WB player=PlayerId(1) action_type="PassPriority" event_count=1
2026-09-16T00:28:04.990690Z  INFO ws_message:game_session{game=5W86WB player=PlayerId(1)}: phase_server: game submission processed (lock held) game=5W86WB kind="action" lock_ms=5 ai_actions=0
2026-09-16T00:28:05.238573Z  INFO ws_message:game_session{game=5W86WB player=PlayerId(0)}: server_core::session: action applied game=5W86WB player=PlayerId(0) action_type="PassPriority" event_count=1
2026-09-16T00:28:05.241503Z  INFO ws_message:game_session{game=5W86WB player=PlayerId(0)}: phase_server: game submission processed (lock held) game=5W86WB kind="action" lock_ms=4 ai_actions=0
2026-09-16T00:28:05.493629Z  INFO ws_message:game_session{game=5W86WB player=PlayerId(1)}: server_core::session: action applied game=5W86WB player=PlayerId(1) action_type="PassPriority" event_count=3
2026-09-16T00:28:05.496472Z  INFO ws_message:game_session{game=5W86WB player=PlayerId(1)}: phase_server: game submission processed (lock held) game=5W86WB kind="action" lock_ms=8 ai_actions=0
2026-09-16T00:28:05.740448Z  INFO ws_message:game_session{game=5W86WB player=PlayerId(0)}: server_core::session: action applied game=5W86WB player=PlayerId(0) action_type="PassPriority" event_count=1
2026-09-16T00:28:05.743431Z  INFO ws_message:game_session{game=5W86WB player=PlayerId(0)}: phase_server: game submission processed (lock held) game=5W86WB kind="action" lock_ms=4 ai_actions=0
2026-09-16T00:28:05.995358Z  INFO ws_message:game_session{game=5W86WB player=PlayerId(1)}: server_core::session: action applied game=5W86WB player=PlayerId(1) action_type="PassPriority" event_count=1
2026-09-16T00:28:05.998595Z  INFO ws_message:game_session{game=5W86WB player=PlayerId(1)}: phase_server: game submission processed (lock held) game=5W86WB kind="action" lock_ms=8 ai_actions=0
2026-09-16T00:28:06.242993Z  INFO ws_message:game_session{game=5W86WB player=PlayerId(0)}: server_core::session: action applied game=5W86WB player=PlayerId(0) action_type="PassPriority" event_count=1
2026-09-16T00:28:06.246171Z  INFO ws_message:game_session{game=5W86WB player=PlayerId(0)}: phase_server: game submission processed (lock held) game=5W86WB kind="action" lock_ms=4 ai_actions=0
2026-09-16T00:28:06.497612Z  INFO ws_message:game_session{game=5W86WB player=PlayerId(1)}: server_core::session: action applied game=5W86WB player=PlayerId(1) action_type="PassPriority" event_count=1
2026-09-16T00:28:06.499781Z  INFO ws_message:game_session{game=5W86WB player=PlayerId(1)}: phase_server: game submission processed (lock held) game=5W86WB kind="action" lock_ms=6 ai_actions=0
2026-09-16T00:28:06.746437Z  INFO ws_message:game_session{game=5W86WB player=PlayerId(0)}: server_core::session: action applied game=5W86WB player=PlayerId(0) action_type="PassPriority" event_count=1
2026-09-16T00:28:06.750220Z  INFO ws_message:game_session{game=5W86WB player=PlayerId(0)}: phase_server: game submission processed (lock held) game=5W86WB kind="action" lock_ms=6 ai_actions=0
2026-09-16T00:28:07.001034Z  INFO ws_message:game_session{game=5W86WB player=PlayerId(1)}: server_core::session: action applied game=5W86WB player=PlayerId(1) action_type="PassPriority" event_count=4
2026-09-16T00:28:07.003028Z  INFO ws_message:game_session{game=5W86WB player=PlayerId(1)}: phase_server: game submission processed (lock held) game=5W86WB kind="action" lock_ms=7 ai_actions=0
2026-09-16T00:28:07.248116Z  INFO ws_message:game_session{game=5W86WB player=PlayerId(1)}: server_core::session: action applied game=5W86WB player=PlayerId(1) action_type="PassPriority" event_count=1
2026-09-16T00:28:07.250397Z  INFO ws_message:game_session{game=5W86WB player=PlayerId(1)}: phase_server: game submission processed (lock held) game=5W86WB kind="action" lock_ms=3 ai_actions=0
2026-09-16T00:28:07.502511Z  INFO ws_message:game_session{game=5W86WB player=PlayerId(0)}: server_core::session: action applied game=5W86WB player=PlayerId(0) action_type="PassPriority" event_count=4
2026-09-16T00:28:07.504026Z  INFO ws_message:game_session{game=5W86WB player=PlayerId(0)}: phase_server: game submission processed (lock held) game=5W86WB kind="action" lock_ms=6 ai_actions=0
2026-09-16T00:28:07.750783Z  INFO ws_message:game_session{game=5W86WB player=PlayerId(1)}: server_core::session: action applied game=5W86WB player=PlayerId(1) action_type="PassPriority" event_count=1
2026-09-16T00:28:07.753053Z  INFO ws_message:game_session{game=5W86WB player=PlayerId(1)}: phase_server: game submission processed (lock held) game=5W86WB kind="action" lock_ms=3 ai_actions=0
2026-09-16T00:28:08.001969Z  INFO ws_message:game_session{game=5W86WB player=PlayerId(0)}: server_core::session: action applied game=5W86WB player=PlayerId(0) action_type="PassPriority" event_count=1
2026-09-16T00:28:08.037245Z  INFO ws_message:game_session{game=5W86WB player=PlayerId(0)}: phase_server: game submission processed (lock held) game=5W86WB kind="action" lock_ms=36 ai_actions=0
2026-09-16T00:28:08.256450Z  INFO ws_message:game_session{game=5W86WB player=PlayerId(1)}: server_core::session: action applied game=5W86WB player=PlayerId(1) action_type="PlayLand" event_count=2
2026-09-16T00:28:08.262447Z  INFO ws_message:game_session{game=5W86WB player=PlayerId(1)}: phase_server: game submission processed (lock held) game=5W86WB kind="action" lock_ms=10 ai_actions=0
2026-09-16T00:28:08.510713Z  INFO ws_message:game_session{game=5W86WB player=PlayerId(1)}: server_core::session: action applied game=5W86WB player=PlayerId(1) action_type="CastSpell" event_count=12
2026-09-16T00:28:08.511963Z  INFO ws_message:game_session{game=5W86WB player=PlayerId(1)}: phase_server: game submission processed (lock held) game=5W86WB kind="action" lock_ms=8 ai_actions=0
2026-09-16T00:28:08.755556Z  INFO ws_message:game_session{game=5W86WB player=PlayerId(1)}: server_core::session: action applied game=5W86WB player=PlayerId(1) action_type="PassPriority" event_count=1
2026-09-16T00:28:08.757762Z  INFO ws_message:game_session{game=5W86WB player=PlayerId(1)}: phase_server: game submission processed (lock held) game=5W86WB kind="action" lock_ms=3 ai_actions=0
2026-09-16T00:28:09.009096Z  INFO ws_message:game_session{game=5W86WB player=PlayerId(0)}: server_core::session: action applied game=5W86WB player=PlayerId(0) action_type="PassPriority" event_count=2
2026-09-16T00:28:09.011275Z  INFO ws_message:game_session{game=5W86WB player=PlayerId(0)}: phase_server: game submission processed (lock held) game=5W86WB kind="action" lock_ms=5 ai_actions=0
2026-09-16T00:28:09.260752Z  INFO ws_message:game_session{game=5W86WB player=PlayerId(1)}: server_core::session: action applied game=5W86WB player=PlayerId(1) action_type="PassPriority" event_count=1
2026-09-16T00:28:09.263551Z  INFO ws_message:game_session{game=5W86WB player=PlayerId(1)}: phase_server: game submission processed (lock held) game=5W86WB kind="action" lock_ms=4 ai_actions=0
2026-09-16T00:28:09.511887Z  INFO ws_message:game_session{game=5W86WB player=PlayerId(0)}: server_core::session: action applied game=5W86WB player=PlayerId(0) action_type="PassPriority" event_count=1
2026-09-16T00:28:09.514079Z  INFO ws_message:game_session{game=5W86WB player=PlayerId(0)}: phase_server: game submission processed (lock held) game=5W86WB kind="action" lock_ms=4 ai_actions=0
2026-09-16T00:28:09.762515Z  INFO ws_message:game_session{game=5W86WB player=PlayerId(1)}: server_core::session: action applied game=5W86WB player=PlayerId(1) action_type="PassPriority" event_count=1
2026-09-16T00:28:09.764986Z  INFO ws_message:game_session{game=5W86WB player=PlayerId(1)}: phase_server: game submission processed (lock held) game=5W86WB kind="action" lock_ms=4 ai_actions=0
2026-09-16T00:28:10.017577Z  INFO ws_message:game_session{game=5W86WB player=PlayerId(0)}: server_core::session: action applied game=5W86WB player=PlayerId(0) action_type="PassPriority" event_count=3
2026-09-16T00:28:10.019452Z  INFO ws_message:game_session{game=5W86WB player=PlayerId(0)}: phase_server: game submission processed (lock held) game=5W86WB kind="action" lock_ms=7 ai_actions=0
2026-09-16T00:28:10.265341Z  INFO ws_message:game_session{game=5W86WB player=PlayerId(1)}: server_core::session: action applied game=5W86WB player=PlayerId(1) action_type="PassPriority" event_count=1
2026-09-16T00:28:10.267938Z  INFO ws_message:game_session{game=5W86WB player=PlayerId(1)}: phase_server: game submission processed (lock held) game=5W86WB kind="action" lock_ms=4 ai_actions=0
2026-09-16T00:28:10.519507Z  INFO ws_message:game_session{game=5W86WB player=PlayerId(0)}: server_core::session: action applied game=5W86WB player=PlayerId(0) action_type="PassPriority" event_count=1
2026-09-16T00:28:10.522862Z  INFO ws_message:game_session{game=5W86WB player=PlayerId(0)}: phase_server: game submission processed (lock held) game=5W86WB kind="action" lock_ms=7 ai_actions=0
2026-09-16T00:28:10.767926Z  INFO ws_message:game_session{game=5W86WB player=PlayerId(1)}: server_core::session: action applied game=5W86WB player=PlayerId(1) action_type="PassPriority" event_count=1
2026-09-16T00:28:10.772349Z  INFO ws_message:game_session{game=5W86WB player=PlayerId(1)}: phase_server: game submission processed (lock held) game=5W86WB kind="action" lock_ms=6 ai_actions=0
2026-09-16T00:28:11.021321Z  INFO ws_message:game_session{game=5W86WB player=PlayerId(0)}: server_core::session: action applied game=5W86WB player=PlayerId(0) action_type="PassPriority" event_count=1
2026-09-16T00:28:11.023199Z  INFO ws_message:game_session{game=5W86WB player=PlayerId(0)}: phase_server: game submission processed (lock held) game=5W86WB kind="action" lock_ms=6 ai_actions=0
2026-09-16T00:28:11.271485Z  INFO ws_message:game_session{game=5W86WB player=PlayerId(1)}: server_core::session: action applied game=5W86WB player=PlayerId(1) action_type="PassPriority" event_count=1
2026-09-16T00:28:11.273749Z  INFO ws_message:game_session{game=5W86WB player=PlayerId(1)}: phase_server: game submission processed (lock held) game=5W86WB kind="action" lock_ms=4 ai_actions=0
2026-09-16T00:28:11.526230Z  INFO ws_message:game_session{game=5W86WB player=PlayerId(0)}: server_core::session: action applied game=5W86WB player=PlayerId(0) action_type="PassPriority" event_count=6
2026-09-16T00:28:11.530126Z  INFO ws_message:game_session{game=5W86WB player=PlayerId(0)}: phase_server: game submission processed (lock held) game=5W86WB kind="action" lock_ms=9 ai_actions=0
2026-09-16T00:28:11.773896Z  INFO ws_message:game_session{game=5W86WB player=PlayerId(0)}: server_core::session: action applied game=5W86WB player=PlayerId(0) action_type="PassPriority" event_count=1
2026-09-16T00:28:11.776033Z  INFO ws_message:game_session{game=5W86WB player=PlayerId(0)}: phase_server: game submission processed (lock held) game=5W86WB kind="action" lock_ms=4 ai_actions=0
2026-09-16T00:28:12.028144Z  INFO ws_message:game_session{game=5W86WB player=PlayerId(1)}: server_core::session: action applied game=5W86WB player=PlayerId(1) action_type="PassPriority" event_count=4
2026-09-16T00:28:12.030061Z  INFO ws_message:game_session{game=5W86WB player=PlayerId(1)}: phase_server: game submission processed (lock held) game=5W86WB kind="action" lock_ms=7 ai_actions=0
2026-09-16T00:28:12.276375Z  INFO ws_message:game_session{game=5W86WB player=PlayerId(0)}: server_core::session: action applied game=5W86WB player=PlayerId(0) action_type="PassPriority" event_count=1
2026-09-16T00:28:12.278222Z  INFO ws_message:game_session{game=5W86WB player=PlayerId(0)}: phase_server: game submission processed (lock held) game=5W86WB kind="action" lock_ms=3 ai_actions=0
2026-09-16T00:28:12.527781Z  INFO ws_message:game_session{game=5W86WB player=PlayerId(1)}: server_core::session: action applied game=5W86WB player=PlayerId(1) action_type="PassPriority" event_count=1
2026-09-16T00:28:12.562838Z  INFO ws_message:game_session{game=5W86WB player=PlayerId(1)}: phase_server: game submission processed (lock held) game=5W86WB kind="action" lock_ms=36 ai_actions=0
2026-09-16T00:28:12.781857Z  INFO ws_message:game_session{game=5W86WB player=PlayerId(0)}: server_core::session: action applied game=5W86WB player=PlayerId(0) action_type="PlayLand" event_count=2
2026-09-16T00:28:12.821518Z  INFO ws_message:game_session{game=5W86WB player=PlayerId(0)}: phase_server: game submission processed (lock held) game=5W86WB kind="action" lock_ms=44 ai_actions=0
2026-09-16T00:28:13.031330Z  INFO ws_message:game_session{game=5W86WB player=PlayerId(0)}: server_core::session: action applied game=5W86WB player=PlayerId(0) action_type="PassPriority" event_count=1
2026-09-16T00:28:13.033512Z  INFO ws_message:game_session{game=5W86WB player=PlayerId(0)}: phase_server: game submission processed (lock held) game=5W86WB kind="action" lock_ms=4 ai_actions=0
2026-09-16T00:28:13.282480Z  INFO ws_message:game_session{game=5W86WB player=PlayerId(1)}: server_core::session: action applied game=5W86WB player=PlayerId(1) action_type="PassPriority" event_count=1
2026-09-16T00:28:13.286488Z  INFO ws_message:game_session{game=5W86WB player=PlayerId(1)}: phase_server: game submission processed (lock held) game=5W86WB kind="action" lock_ms=5 ai_actions=0
2026-09-16T00:28:13.534210Z  INFO ws_message:game_session{game=5W86WB player=PlayerId(0)}: server_core::session: action applied game=5W86WB player=PlayerId(0) action_type="PassPriority" event_count=1
2026-09-16T00:28:13.536118Z  INFO ws_message:game_session{game=5W86WB player=PlayerId(0)}: phase_server: game submission processed (lock held) game=5W86WB kind="action" lock_ms=4 ai_actions=0
2026-09-16T00:28:13.784169Z  INFO ws_message:game_session{game=5W86WB player=PlayerId(1)}: server_core::session: action applied game=5W86WB player=PlayerId(1) action_type="PassPriority" event_count=1
2026-09-16T00:28:13.793176Z  INFO ws_message:game_session{game=5W86WB player=PlayerId(1)}: phase_server: game submission processed (lock held) game=5W86WB kind="action" lock_ms=9 ai_actions=0
2026-09-16T00:28:14.040434Z  INFO ws_message:game_session{game=5W86WB player=PlayerId(0)}: server_core::session: action applied game=5W86WB player=PlayerId(0) action_type="DeclareAttackers" event_count=2
2026-09-16T00:28:14.044388Z  INFO ws_message:game_session{game=5W86WB player=PlayerId(0)}: phase_server: game submission processed (lock held) game=5W86WB kind="action" lock_ms=9 ai_actions=0
2026-09-16T00:28:14.287769Z  INFO ws_message:game_session{game=5W86WB player=PlayerId(0)}: server_core::session: action applied game=5W86WB player=PlayerId(0) action_type="PassPriority" event_count=1
2026-09-16T00:28:14.289964Z  INFO ws_message:game_session{game=5W86WB player=PlayerId(0)}: phase_server: game submission processed (lock held) game=5W86WB kind="action" lock_ms=4 ai_actions=0
2026-09-16T00:28:14.543725Z  INFO ws_message:game_session{game=5W86WB player=PlayerId(1)}: server_core::session: action applied game=5W86WB player=PlayerId(1) action_type="PassPriority" event_count=1
2026-09-16T00:28:14.584206Z  INFO ws_message:game_session{game=5W86WB player=PlayerId(1)}: phase_server: game submission processed (lock held) game=5W86WB kind="action" lock_ms=46 ai_actions=0
2026-09-16T00:28:14.791477Z  INFO ws_message:game_session{game=5W86WB player=PlayerId(0)}: server_core::session: action applied game=5W86WB player=PlayerId(0) action_type="PassPriority" event_count=1
2026-09-16T00:28:14.793489Z  INFO ws_message:game_session{game=5W86WB player=PlayerId(0)}: phase_server: game submission processed (lock held) game=5W86WB kind="action" lock_ms=3 ai_actions=0
2026-09-16T00:28:15.046623Z  INFO ws_message:game_session{game=5W86WB player=PlayerId(1)}: server_core::session: action applied game=5W86WB player=PlayerId(1) action_type="PassPriority" event_count=1
2026-09-16T00:28:15.050659Z  INFO ws_message:game_session{game=5W86WB player=PlayerId(1)}: phase_server: game submission processed (lock held) game=5W86WB kind="action" lock_ms=8 ai_actions=0
2026-09-16T00:28:15.294985Z  INFO ws_message:game_session{game=5W86WB player=PlayerId(0)}: server_core::session: action applied game=5W86WB player=PlayerId(0) action_type="PassPriority" event_count=1
2026-09-16T00:28:15.296864Z  INFO ws_message:game_session{game=5W86WB player=PlayerId(0)}: phase_server: game submission processed (lock held) game=5W86WB kind="action" lock_ms=3 ai_actions=0
2026-09-16T00:28:15.550887Z  INFO ws_message:game_session{game=5W86WB player=PlayerId(1)}: server_core::session: action applied game=5W86WB player=PlayerId(1) action_type="PassPriority" event_count=6
2026-09-16T00:28:15.552524Z  INFO ws_message:game_session{game=5W86WB player=PlayerId(1)}: phase_server: game submission processed (lock held) game=5W86WB kind="action" lock_ms=6 ai_actions=0
2026-09-16T00:28:15.800102Z  INFO ws_message:game_session{game=5W86WB player=PlayerId(1)}: server_core::session: action applied game=5W86WB player=PlayerId(1) action_type="PassPriority" event_count=1
2026-09-16T00:28:15.804096Z  INFO ws_message:game_session{game=5W86WB player=PlayerId(1)}: phase_server: game submission processed (lock held) game=5W86WB kind="action" lock_ms=6 ai_actions=0
2026-09-16T00:28:16.054420Z  INFO ws_message:game_session{game=5W86WB player=PlayerId(0)}: server_core::session: action applied game=5W86WB player=PlayerId(0) action_type="PassPriority" event_count=4
2026-09-16T00:28:16.055994Z  INFO ws_message:game_session{game=5W86WB player=PlayerId(0)}: phase_server: game submission processed (lock held) game=5W86WB kind="action" lock_ms=6 ai_actions=0
2026-09-16T00:28:16.302249Z  INFO ws_message:game_session{game=5W86WB player=PlayerId(1)}: server_core::session: action applied game=5W86WB player=PlayerId(1) action_type="PassPriority" event_count=1
2026-09-16T00:28:16.306281Z  INFO ws_message:game_session{game=5W86WB player=PlayerId(1)}: phase_server: game submission processed (lock held) game=5W86WB kind="action" lock_ms=5 ai_actions=0
2026-09-16T00:28:16.552763Z  INFO ws_message:game_session{game=5W86WB player=PlayerId(0)}: server_core::session: action applied game=5W86WB player=PlayerId(0) action_type="PassPriority" event_count=1
2026-09-16T00:28:16.580019Z  INFO ws_message:game_session{game=5W86WB player=PlayerId(0)}: phase_server: game submission processed (lock held) game=5W86WB kind="action" lock_ms=29 ai_actions=0
2026-09-16T00:28:16.807621Z  INFO ws_message:game_session{game=5W86WB player=PlayerId(1)}: server_core::session: action applied game=5W86WB player=PlayerId(1) action_type="PlayLand" event_count=2
2026-09-16T00:28:16.813607Z  INFO ws_message:game_session{game=5W86WB player=PlayerId(1)}: phase_server: game submission processed (lock held) game=5W86WB kind="action" lock_ms=10 ai_actions=0
2026-09-16T00:28:17.061723Z  INFO ws_message:game_session{game=5W86WB player=PlayerId(1)}: server_core::session: action applied game=5W86WB player=PlayerId(1) action_type="CastSpell" event_count=12
2026-09-16T00:28:17.062903Z  INFO ws_message:game_session{game=5W86WB player=PlayerId(1)}: phase_server: game submission processed (lock held) game=5W86WB kind="action" lock_ms=8 ai_actions=0
2026-09-16T00:28:17.307758Z  INFO ws_message:game_session{game=5W86WB player=PlayerId(1)}: server_core::session: action applied game=5W86WB player=PlayerId(1) action_type="PassPriority" event_count=1
2026-09-16T00:28:17.312160Z  INFO ws_message:game_session{game=5W86WB player=PlayerId(1)}: phase_server: game submission processed (lock held) game=5W86WB kind="action" lock_ms=6 ai_actions=0
2026-09-16T00:28:17.560617Z  INFO ws_message:game_session{game=5W86WB player=PlayerId(0)}: server_core::session: action applied game=5W86WB player=PlayerId(0) action_type="PassPriority" event_count=2
2026-09-16T00:28:17.567548Z  INFO ws_message:game_session{game=5W86WB player=PlayerId(0)}: phase_server: game submission processed (lock held) game=5W86WB kind="action" lock_ms=10 ai_actions=0
2026-09-16T00:28:17.810774Z  INFO ws_message:game_session{game=5W86WB player=PlayerId(1)}: server_core::session: action applied game=5W86WB player=PlayerId(1) action_type="PassPriority" event_count=1
2026-09-16T00:28:17.815604Z  INFO ws_message:game_session{game=5W86WB player=PlayerId(1)}: phase_server: game submission processed (lock held) game=5W86WB kind="action" lock_ms=6 ai_actions=0
2026-09-16T00:28:18.062801Z  INFO ws_message:game_session{game=5W86WB player=PlayerId(0)}: server_core::session: action applied game=5W86WB player=PlayerId(0) action_type="PassPriority" event_count=1
2026-09-16T00:28:18.065947Z  INFO ws_message:game_session{game=5W86WB player=PlayerId(0)}: phase_server: game submission processed (lock held) game=5W86WB kind="action" lock_ms=6 ai_actions=0
2026-09-16T00:28:18.314938Z  INFO ws_message:game_session{game=5W86WB player=PlayerId(1)}: server_core::session: action applied game=5W86WB player=PlayerId(1) action_type="PassPriority" event_count=1
2026-09-16T00:28:18.319327Z  INFO ws_message:game_session{game=5W86WB player=PlayerId(1)}: phase_server: game submission processed (lock held) game=5W86WB kind="action" lock_ms=6 ai_actions=0
2026-09-16T00:28:18.565456Z  INFO ws_message:game_session{game=5W86WB player=PlayerId(0)}: server_core::session: action applied game=5W86WB player=PlayerId(0) action_type="PassPriority" event_count=1
2026-09-16T00:28:18.574989Z  INFO ws_message:game_session{game=5W86WB player=PlayerId(0)}: phase_server: game submission processed (lock held) game=5W86WB kind="action" lock_ms=11 ai_actions=0
2026-09-16T00:28:18.820857Z  INFO ws_message:game_session{game=5W86WB player=PlayerId(1)}: server_core::session: action applied game=5W86WB player=PlayerId(1) action_type="DeclareAttackers" event_count=2
2026-09-16T00:28:18.823510Z  INFO ws_message:game_session{game=5W86WB player=PlayerId(1)}: phase_server: game submission processed (lock held) game=5W86WB kind="action" lock_ms=7 ai_actions=0
2026-09-16T00:28:19.070169Z  INFO ws_message:game_session{game=5W86WB player=PlayerId(1)}: server_core::session: action applied game=5W86WB player=PlayerId(1) action_type="PassPriority" event_count=1
2026-09-16T00:28:19.074169Z  INFO ws_message:game_session{game=5W86WB player=PlayerId(1)}: phase_server: game submission processed (lock held) game=5W86WB kind="action" lock_ms=6 ai_actions=0
2026-09-16T00:28:19.323454Z  INFO ws_message:game_session{game=5W86WB player=PlayerId(0)}: server_core::session: action applied game=5W86WB player=PlayerId(0) action_type="PassPriority" event_count=1
2026-09-16T00:28:19.329912Z  INFO ws_message:game_session{game=5W86WB player=PlayerId(0)}: phase_server: game submission processed (lock held) game=5W86WB kind="action" lock_ms=11 ai_actions=0
2026-09-16T00:28:19.572902Z  INFO ws_message:game_session{game=5W86WB player=PlayerId(1)}: server_core::session: action applied game=5W86WB player=PlayerId(1) action_type="PassPriority" event_count=1
2026-09-16T00:28:19.577289Z  INFO ws_message:game_session{game=5W86WB player=PlayerId(1)}: phase_server: game submission processed (lock held) game=5W86WB kind="action" lock_ms=6 ai_actions=0
2026-09-16T00:28:19.830040Z  INFO ws_message:game_session{game=5W86WB player=PlayerId(0)}: server_core::session: action applied game=5W86WB player=PlayerId(0) action_type="PassPriority" event_count=1
2026-09-16T00:28:19.832844Z  INFO ws_message:game_session{game=5W86WB player=PlayerId(0)}: phase_server: game submission processed (lock held) game=5W86WB kind="action" lock_ms=10 ai_actions=0
2026-09-16T00:28:20.076135Z  INFO ws_message:game_session{game=5W86WB player=PlayerId(1)}: server_core::session: action applied game=5W86WB player=PlayerId(1) action_type="PassPriority" event_count=1
2026-09-16T00:28:20.080712Z  INFO ws_message:game_session{game=5W86WB player=PlayerId(1)}: phase_server: game submission processed (lock held) game=5W86WB kind="action" lock_ms=7 ai_actions=0
2026-09-16T00:28:20.330302Z  INFO ws_message:game_session{game=5W86WB player=PlayerId(0)}: server_core::session: action applied game=5W86WB player=PlayerId(0) action_type="PassPriority" event_count=4
2026-09-16T00:28:20.334145Z  INFO ws_message:game_session{game=5W86WB player=PlayerId(0)}: phase_server: game submission processed (lock held) game=5W86WB kind="action" lock_ms=9 ai_actions=0
2026-09-16T00:28:20.578429Z  INFO ws_message:game_session{game=5W86WB player=PlayerId(0)}: server_core::session: action applied game=5W86WB player=PlayerId(0) action_type="PassPriority" event_count=1
2026-09-16T00:28:20.580875Z  INFO ws_message:game_session{game=5W86WB player=PlayerId(0)}: phase_server: game submission processed (lock held) game=5W86WB kind="action" lock_ms=5 ai_actions=0
2026-09-16T00:28:20.833144Z  INFO ws_message:game_session{game=5W86WB player=PlayerId(1)}: server_core::session: action applied game=5W86WB player=PlayerId(1) action_type="PassPriority" event_count=4
2026-09-16T00:28:20.835097Z  INFO ws_message:game_session{game=5W86WB player=PlayerId(1)}: phase_server: game submission processed (lock held) game=5W86WB kind="action" lock_ms=7 ai_actions=0
2026-09-16T00:28:21.081127Z  INFO ws_message:game_session{game=5W86WB player=PlayerId(0)}: server_core::session: action applied game=5W86WB player=PlayerId(0) action_type="PassPriority" event_count=1
2026-09-16T00:28:21.083948Z  INFO ws_message:game_session{game=5W86WB player=PlayerId(0)}: phase_server: game submission processed (lock held) game=5W86WB kind="action" lock_ms=5 ai_actions=0
2026-09-16T00:28:21.332253Z  INFO ws_message:game_session{game=5W86WB player=PlayerId(1)}: server_core::session: action applied game=5W86WB player=PlayerId(1) action_type="PassPriority" event_count=1
2026-09-16T00:28:21.383353Z  INFO ws_message:game_session{game=5W86WB player=PlayerId(1)}: phase_server: game submission processed (lock held) game=5W86WB kind="action" lock_ms=53 ai_actions=0
2026-09-16T00:28:21.584801Z  INFO ws_message:game_session{game=5W86WB player=PlayerId(0)}: server_core::session: action applied game=5W86WB player=PlayerId(0) action_type="PlayLand" event_count=2
2026-09-16T00:28:21.652212Z  INFO ws_message:game_session{game=5W86WB player=PlayerId(0)}: phase_server: game submission processed (lock held) game=5W86WB kind="action" lock_ms=72 ai_actions=0
2026-09-16T00:28:21.840393Z  INFO ws_message:game_session{game=5W86WB player=PlayerId(0)}: server_core::session: action applied game=5W86WB player=PlayerId(0) action_type="CastSpell" event_count=16
2026-09-16T00:28:21.842059Z  INFO ws_message:game_session{game=5W86WB player=PlayerId(0)}: phase_server: game submission processed (lock held) game=5W86WB kind="action" lock_ms=9 ai_actions=0
2026-09-16T00:28:22.087366Z  INFO ws_message:game_session{game=5W86WB player=PlayerId(0)}: server_core::session: action applied game=5W86WB player=PlayerId(0) action_type="PassPriority" event_count=1
2026-09-16T00:28:22.089908Z  INFO ws_message:game_session{game=5W86WB player=PlayerId(0)}: phase_server: game submission processed (lock held) game=5W86WB kind="action" lock_ms=4 ai_actions=0
2026-09-16T00:28:22.340617Z  INFO ws_message:game_session{game=5W86WB player=PlayerId(1)}: server_core::session: action applied game=5W86WB player=PlayerId(1) action_type="PassPriority" event_count=2
2026-09-16T00:28:22.361624Z  INFO ws_message:game_session{game=5W86WB player=PlayerId(1)}: phase_server: game submission processed (lock held) game=5W86WB kind="action" lock_ms=24 ai_actions=0
2026-09-16T00:28:22.591917Z  INFO ws_message:game_session{game=5W86WB player=PlayerId(0)}: server_core::session: action applied game=5W86WB player=PlayerId(0) action_type="PassPriority" event_count=1
2026-09-16T00:28:22.595671Z  INFO ws_message:game_session{game=5W86WB player=PlayerId(0)}: phase_server: game submission processed (lock held) game=5W86WB kind="action" lock_ms=6 ai_actions=0
2026-09-16T00:28:22.848165Z  INFO ws_message:game_session{game=5W86WB player=PlayerId(1)}: server_core::session: action applied game=5W86WB player=PlayerId(1) action_type="PassPriority" event_count=1
2026-09-16T00:28:22.853228Z  INFO ws_message:game_session{game=5W86WB player=PlayerId(1)}: phase_server: game submission processed (lock held) game=5W86WB kind="action" lock_ms=10 ai_actions=0
2026-09-16T00:28:23.095453Z  INFO ws_message:game_session{game=5W86WB player=PlayerId(0)}: server_core::session: action applied game=5W86WB player=PlayerId(0) action_type="PassPriority" event_count=1
2026-09-16T00:28:23.097996Z  INFO ws_message:game_session{game=5W86WB player=PlayerId(0)}: phase_server: game submission processed (lock held) game=5W86WB kind="action" lock_ms=4 ai_actions=0
2026-09-16T00:28:23.348509Z  INFO ws_message:game_session{game=5W86WB player=PlayerId(1)}: server_core::session: action applied game=5W86WB player=PlayerId(1) action_type="PassPriority" event_count=1
2026-09-16T00:28:23.357732Z  INFO ws_message:game_session{game=5W86WB player=PlayerId(1)}: phase_server: game submission processed (lock held) game=5W86WB kind="action" lock_ms=11 ai_actions=0
2026-09-16T00:28:23.599979Z  INFO ws_message:game_session{game=5W86WB player=PlayerId(0)}: server_core::session: action applied game=5W86WB player=PlayerId(0) action_type="DeclareAttackers" event_count=2
2026-09-16T00:28:23.602898Z  INFO ws_message:game_session{game=5W86WB player=PlayerId(0)}: phase_server: game submission processed (lock held) game=5W86WB kind="action" lock_ms=7 ai_actions=0
2026-09-16T00:28:23.848659Z  INFO ws_message:game_session{game=5W86WB player=PlayerId(0)}: server_core::session: action applied game=5W86WB player=PlayerId(0) action_type="PassPriority" event_count=1
2026-09-16T00:28:23.851379Z  INFO ws_message:game_session{game=5W86WB player=PlayerId(0)}: phase_server: game submission processed (lock held) game=5W86WB kind="action" lock_ms=4 ai_actions=0
2026-09-16T00:28:24.104866Z  INFO ws_message:game_session{game=5W86WB player=PlayerId(1)}: server_core::session: action applied game=5W86WB player=PlayerId(1) action_type="PassPriority" event_count=1
2026-09-16T00:28:24.126095Z  INFO ws_message:game_session{game=5W86WB player=PlayerId(1)}: phase_server: game submission processed (lock held) game=5W86WB kind="action" lock_ms=26 ai_actions=0
2026-09-16T00:28:24.351197Z  INFO ws_message:game_session{game=5W86WB player=PlayerId(0)}: server_core::session: action applied game=5W86WB player=PlayerId(0) action_type="PassPriority" event_count=1
2026-09-16T00:28:24.353787Z  INFO ws_message:game_session{game=5W86WB player=PlayerId(0)}: phase_server: game submission processed (lock held) game=5W86WB kind="action" lock_ms=5 ai_actions=0
2026-09-16T00:28:24.607349Z  INFO ws_message:game_session{game=5W86WB player=PlayerId(1)}: server_core::session: action applied game=5W86WB player=PlayerId(1) action_type="PassPriority" event_count=1
2026-09-16T00:28:24.610438Z  INFO ws_message:game_session{game=5W86WB player=PlayerId(1)}: phase_server: game submission processed (lock held) game=5W86WB kind="action" lock_ms=8 ai_actions=0
2026-09-16T00:28:24.854198Z  INFO ws_message:game_session{game=5W86WB player=PlayerId(0)}: server_core::session: action applied game=5W86WB player=PlayerId(0) action_type="PassPriority" event_count=1
2026-09-16T00:28:24.857207Z  INFO ws_message:game_session{game=5W86WB player=PlayerId(0)}: phase_server: game submission processed (lock held) game=5W86WB kind="action" lock_ms=6 ai_actions=0
2026-09-16T00:28:25.109002Z  INFO ws_message:game_session{game=5W86WB player=PlayerId(1)}: server_core::session: action applied game=5W86WB player=PlayerId(1) action_type="PassPriority" event_count=6
2026-09-16T00:28:25.111606Z  INFO ws_message:game_session{game=5W86WB player=PlayerId(1)}: phase_server: game submission processed (lock held) game=5W86WB kind="action" lock_ms=8 ai_actions=0
2026-09-16T00:28:25.356676Z  INFO ws_message:game_session{game=5W86WB player=PlayerId(1)}: server_core::session: action applied game=5W86WB player=PlayerId(1) action_type="PassPriority" event_count=1
2026-09-16T00:28:25.360324Z  INFO ws_message:game_session{game=5W86WB player=PlayerId(1)}: phase_server: game submission processed (lock held) game=5W86WB kind="action" lock_ms=5 ai_actions=0
2026-09-16T00:28:25.609492Z  INFO ws_message:game_session{game=5W86WB player=PlayerId(0)}: server_core::session: action applied game=5W86WB player=PlayerId(0) action_type="PassPriority" event_count=4
2026-09-16T00:28:25.610926Z  INFO ws_message:game_session{game=5W86WB player=PlayerId(0)}: phase_server: game submission processed (lock held) game=5W86WB kind="action" lock_ms=6 ai_actions=0
2026-09-16T00:28:25.858395Z  INFO ws_message:game_session{game=5W86WB player=PlayerId(1)}: server_core::session: action applied game=5W86WB player=PlayerId(1) action_type="PassPriority" event_count=1
2026-09-16T00:28:25.861709Z  INFO ws_message:game_session{game=5W86WB player=PlayerId(1)}: phase_server: game submission processed (lock held) game=5W86WB kind="action" lock_ms=5 ai_actions=0
2026-09-16T00:28:26.109520Z  INFO ws_message:game_session{game=5W86WB player=PlayerId(0)}: server_core::session: action applied game=5W86WB player=PlayerId(0) action_type="PassPriority" event_count=1
2026-09-16T00:28:26.136489Z  INFO ws_message:game_session{game=5W86WB player=PlayerId(0)}: phase_server: game submission processed (lock held) game=5W86WB kind="action" lock_ms=29 ai_actions=0
2026-09-16T00:28:26.366554Z  INFO ws_message:game_session{game=5W86WB player=PlayerId(1)}: server_core::session: action applied game=5W86WB player=PlayerId(1) action_type="PlayLand" event_count=2
2026-09-16T00:28:26.371936Z  INFO ws_message:game_session{game=5W86WB player=PlayerId(1)}: phase_server: game submission processed (lock held) game=5W86WB kind="action" lock_ms=13 ai_actions=0
2026-09-16T00:28:26.617144Z  INFO ws_message:game_session{game=5W86WB player=PlayerId(1)}: server_core::session: action applied game=5W86WB player=PlayerId(1) action_type="CastSpell" event_count=12
2026-09-16T00:28:26.618183Z  INFO ws_message:game_session{game=5W86WB player=PlayerId(1)}: phase_server: game submission processed (lock held) game=5W86WB kind="action" lock_ms=8 ai_actions=0
2026-09-16T00:28:26.864197Z  INFO ws_message:game_session{game=5W86WB player=PlayerId(1)}: server_core::session: action applied game=5W86WB player=PlayerId(1) action_type="PassPriority" event_count=1
2026-09-16T00:28:26.867318Z  INFO ws_message:game_session{game=5W86WB player=PlayerId(1)}: phase_server: game submission processed (lock held) game=5W86WB kind="action" lock_ms=5 ai_actions=0
2026-09-16T00:28:27.116640Z  INFO ws_message:game_session{game=5W86WB player=PlayerId(0)}: server_core::session: action applied game=5W86WB player=PlayerId(0) action_type="PassPriority" event_count=2
2026-09-16T00:28:27.120458Z  INFO ws_message:game_session{game=5W86WB player=PlayerId(0)}: phase_server: game submission processed (lock held) game=5W86WB kind="action" lock_ms=7 ai_actions=0
2026-09-16T00:28:27.368060Z  INFO ws_message:game_session{game=5W86WB player=PlayerId(1)}: server_core::session: action applied game=5W86WB player=PlayerId(1) action_type="PassPriority" event_count=1
2026-09-16T00:28:27.371625Z  INFO ws_message:game_session{game=5W86WB player=PlayerId(1)}: phase_server: game submission processed (lock held) game=5W86WB kind="action" lock_ms=6 ai_actions=0
2026-09-16T00:28:27.619632Z  INFO ws_message:game_session{game=5W86WB player=PlayerId(0)}: server_core::session: action applied game=5W86WB player=PlayerId(0) action_type="PassPriority" event_count=1
2026-09-16T00:28:27.623641Z  INFO ws_message:game_session{game=5W86WB player=PlayerId(0)}: phase_server: game submission processed (lock held) game=5W86WB kind="action" lock_ms=7 ai_actions=0
2026-09-16T00:28:27.870406Z  INFO ws_message:game_session{game=5W86WB player=PlayerId(1)}: server_core::session: action applied game=5W86WB player=PlayerId(1) action_type="PassPriority" event_count=1
2026-09-16T00:28:27.876092Z  INFO ws_message:game_session{game=5W86WB player=PlayerId(1)}: phase_server: game submission processed (lock held) game=5W86WB kind="action" lock_ms=9 ai_actions=0
2026-09-16T00:28:28.119940Z  INFO ws_message:game_session{game=5W86WB player=PlayerId(0)}: server_core::session: action applied game=5W86WB player=PlayerId(0) action_type="PassPriority" event_count=1
2026-09-16T00:28:28.137753Z  INFO ws_message:game_session{game=5W86WB player=PlayerId(0)}: phase_server: game submission processed (lock held) game=5W86WB kind="action" lock_ms=19 ai_actions=0
2026-09-16T00:28:28.375449Z  INFO ws_message:game_session{game=5W86WB player=PlayerId(1)}: server_core::session: action applied game=5W86WB player=PlayerId(1) action_type="DeclareAttackers" event_count=2
2026-09-16T00:28:28.378060Z  INFO ws_message:game_session{game=5W86WB player=PlayerId(1)}: phase_server: game submission processed (lock held) game=5W86WB kind="action" lock_ms=8 ai_actions=0
2026-09-16T00:28:28.623683Z  INFO ws_message:game_session{game=5W86WB player=PlayerId(1)}: server_core::session: action applied game=5W86WB player=PlayerId(1) action_type="PassPriority" event_count=1
2026-09-16T00:28:28.626855Z  INFO ws_message:game_session{game=5W86WB player=PlayerId(1)}: phase_server: game submission processed (lock held) game=5W86WB kind="action" lock_ms=6 ai_actions=0
2026-09-16T00:28:28.877245Z  INFO ws_message:game_session{game=5W86WB player=PlayerId(0)}: server_core::session: action applied game=5W86WB player=PlayerId(0) action_type="PassPriority" event_count=1
2026-09-16T00:28:28.880014Z  INFO ws_message:game_session{game=5W86WB player=PlayerId(0)}: phase_server: game submission processed (lock held) game=5W86WB kind="action" lock_ms=8 ai_actions=0
2026-09-16T00:28:29.125995Z  INFO ws_message:game_session{game=5W86WB player=PlayerId(1)}: server_core::session: action applied game=5W86WB player=PlayerId(1) action_type="PassPriority" event_count=1
2026-09-16T00:28:29.130220Z  INFO ws_message:game_session{game=5W86WB player=PlayerId(1)}: phase_server: game submission processed (lock held) game=5W86WB kind="action" lock_ms=6 ai_actions=0
2026-09-16T00:28:29.380295Z  INFO ws_message:game_session{game=5W86WB player=PlayerId(0)}: server_core::session: action applied game=5W86WB player=PlayerId(0) action_type="PassPriority" event_count=1
2026-09-16T00:28:29.382895Z  INFO ws_message:game_session{game=5W86WB player=PlayerId(0)}: phase_server: game submission processed (lock held) game=5W86WB kind="action" lock_ms=8 ai_actions=0
2026-09-16T00:28:29.629830Z  INFO ws_message:game_session{game=5W86WB player=PlayerId(1)}: server_core::session: action applied game=5W86WB player=PlayerId(1) action_type="PassPriority" event_count=1
2026-09-16T00:28:29.632953Z  INFO ws_message:game_session{game=5W86WB player=PlayerId(1)}: phase_server: game submission processed (lock held) game=5W86WB kind="action" lock_ms=6 ai_actions=0
2026-09-16T00:28:29.884883Z  INFO ws_message:game_session{game=5W86WB player=PlayerId(0)}: server_core::session: action applied game=5W86WB player=PlayerId(0) action_type="PassPriority" event_count=7
2026-09-16T00:28:29.893492Z  INFO ws_message:game_session{game=5W86WB player=PlayerId(0)}: phase_server: game submission processed (lock held) game=5W86WB kind="action" lock_ms=15 ai_actions=0
2026-09-16T00:28:30.132611Z  INFO ws_message:game_session{game=5W86WB player=PlayerId(0)}: server_core::session: action applied game=5W86WB player=PlayerId(0) action_type="PassPriority" event_count=1
2026-09-16T00:28:30.135195Z  INFO ws_message:game_session{game=5W86WB player=PlayerId(0)}: phase_server: game submission processed (lock held) game=5W86WB kind="action" lock_ms=5 ai_actions=0
2026-09-16T00:28:30.387392Z  INFO ws_message:game_session{game=5W86WB player=PlayerId(1)}: server_core::session: action applied game=5W86WB player=PlayerId(1) action_type="PassPriority" event_count=4
2026-09-16T00:28:30.389308Z  INFO ws_message:game_session{game=5W86WB player=PlayerId(1)}: phase_server: game submission processed (lock held) game=5W86WB kind="action" lock_ms=7 ai_actions=0
2026-09-16T00:28:30.636163Z  INFO ws_message:game_session{game=5W86WB player=PlayerId(0)}: server_core::session: action applied game=5W86WB player=PlayerId(0) action_type="PassPriority" event_count=1
2026-09-16T00:28:30.639417Z  INFO ws_message:game_session{game=5W86WB player=PlayerId(0)}: phase_server: game submission processed (lock held) game=5W86WB kind="action" lock_ms=6 ai_actions=0
2026-09-16T00:28:30.889188Z  INFO ws_message:game_session{game=5W86WB player=PlayerId(1)}: server_core::session: action applied game=5W86WB player=PlayerId(1) action_type="PassPriority" event_count=1
2026-09-16T00:28:30.960094Z  INFO ws_message:game_session{game=5W86WB player=PlayerId(1)}: phase_server: game submission processed (lock held) game=5W86WB kind="action" lock_ms=73 ai_actions=0
2026-09-16T00:28:31.143797Z  INFO ws_message:game_session{game=5W86WB player=PlayerId(0)}: server_core::session: action applied game=5W86WB player=PlayerId(0) action_type="CastSpell" event_count=12
2026-09-16T00:28:31.145559Z  INFO ws_message:game_session{game=5W86WB player=PlayerId(0)}: phase_server: game submission processed (lock held) game=5W86WB kind="action" lock_ms=8 ai_actions=0
2026-09-16T00:28:31.393211Z  INFO ws_message:game_session{game=5W86WB player=PlayerId(0)}: server_core::session: action applied game=5W86WB player=PlayerId(0) action_type="PassPriority" event_count=1
2026-09-16T00:28:31.397034Z  INFO ws_message:game_session{game=5W86WB player=PlayerId(0)}: phase_server: game submission processed (lock held) game=5W86WB kind="action" lock_ms=7 ai_actions=0
2026-09-16T00:28:31.645117Z  INFO ws_message:game_session{game=5W86WB player=PlayerId(1)}: server_core::session: action applied game=5W86WB player=PlayerId(1) action_type="PassPriority" event_count=2
2026-09-16T00:28:31.685445Z  INFO ws_message:game_session{game=5W86WB player=PlayerId(1)}: phase_server: game submission processed (lock held) game=5W86WB kind="action" lock_ms=43 ai_actions=0
2026-09-16T00:28:31.896518Z  INFO ws_message:game_session{game=5W86WB player=PlayerId(0)}: server_core::session: action applied game=5W86WB player=PlayerId(0) action_type="PassPriority" event_count=1
2026-09-16T00:28:31.899246Z  INFO ws_message:game_session{game=5W86WB player=PlayerId(0)}: phase_server: game submission processed (lock held) game=5W86WB kind="action" lock_ms=6 ai_actions=0
2026-09-16T00:28:32.147937Z  INFO ws_message:game_session{game=5W86WB player=PlayerId(1)}: server_core::session: action applied game=5W86WB player=PlayerId(1) action_type="PassPriority" event_count=1
2026-09-16T00:28:32.151407Z  INFO ws_message:game_session{game=5W86WB player=PlayerId(1)}: phase_server: game submission processed (lock held) game=5W86WB kind="action" lock_ms=6 ai_actions=0
2026-09-16T00:28:32.399088Z  INFO ws_message:game_session{game=5W86WB player=PlayerId(0)}: server_core::session: action applied game=5W86WB player=PlayerId(0) action_type="PassPriority" event_count=1
2026-09-16T00:28:32.402696Z  INFO ws_message:game_session{game=5W86WB player=PlayerId(0)}: phase_server: game submission processed (lock held) game=5W86WB kind="action" lock_ms=6 ai_actions=0
2026-09-16T00:28:32.648245Z  INFO ws_message:game_session{game=5W86WB player=PlayerId(1)}: server_core::session: action applied game=5W86WB player=PlayerId(1) action_type="PassPriority" event_count=1
2026-09-16T00:28:32.658804Z  INFO ws_message:game_session{game=5W86WB player=PlayerId(1)}: phase_server: game submission processed (lock held) game=5W86WB kind="action" lock_ms=11 ai_actions=0
2026-09-16T00:28:32.905394Z  INFO ws_message:game_session{game=5W86WB player=PlayerId(0)}: server_core::session: action applied game=5W86WB player=PlayerId(0) action_type="DeclareAttackers" event_count=2
2026-09-16T00:28:32.908783Z  INFO ws_message:game_session{game=5W86WB player=PlayerId(0)}: phase_server: game submission processed (lock held) game=5W86WB kind="action" lock_ms=9 ai_actions=0
2026-09-16T00:28:33.153145Z  INFO ws_message:game_session{game=5W86WB player=PlayerId(0)}: server_core::session: action applied game=5W86WB player=PlayerId(0) action_type="PassPriority" event_count=1
2026-09-16T00:28:33.156167Z  INFO ws_message:game_session{game=5W86WB player=PlayerId(0)}: phase_server: game submission processed (lock held) game=5W86WB kind="action" lock_ms=5 ai_actions=0
2026-09-16T00:28:33.408477Z  INFO ws_message:game_session{game=5W86WB player=PlayerId(1)}: server_core::session: action applied game=5W86WB player=PlayerId(1) action_type="PassPriority" event_count=1
2026-09-16T00:28:33.453174Z  INFO ws_message:game_session{game=5W86WB player=PlayerId(1)}: phase_server: game submission processed (lock held) game=5W86WB kind="action" lock_ms=50 ai_actions=0
2026-09-16T00:28:33.661512Z  INFO ws_message:game_session{game=5W86WB player=PlayerId(0)}: server_core::session: action applied game=5W86WB player=PlayerId(0) action_type="PassPriority" event_count=1
2026-09-16T00:28:33.668003Z  INFO ws_message:game_session{game=5W86WB player=PlayerId(0)}: phase_server: game submission processed (lock held) game=5W86WB kind="action" lock_ms=13 ai_actions=0
2026-09-16T00:28:33.913355Z  INFO ws_message:game_session{game=5W86WB player=PlayerId(1)}: server_core::session: action applied game=5W86WB player=PlayerId(1) action_type="PassPriority" event_count=1
2026-09-16T00:28:33.917179Z  INFO ws_message:game_session{game=5W86WB player=PlayerId(1)}: phase_server: game submission processed (lock held) game=5W86WB kind="action" lock_ms=10 ai_actions=0
2026-09-16T00:28:34.160774Z  INFO ws_message:game_session{game=5W86WB player=PlayerId(0)}: server_core::session: action applied game=5W86WB player=PlayerId(0) action_type="PassPriority" event_count=1
2026-09-16T00:28:34.163599Z  INFO ws_message:game_session{game=5W86WB player=PlayerId(0)}: phase_server: game submission processed (lock held) game=5W86WB kind="action" lock_ms=6 ai_actions=0
2026-09-16T00:28:34.414172Z  INFO ws_message:game_session{game=5W86WB player=PlayerId(1)}: server_core::session: action applied game=5W86WB player=PlayerId(1) action_type="PassPriority" event_count=6
2026-09-16T00:28:34.417162Z  INFO ws_message:game_session{game=5W86WB player=PlayerId(1)}: phase_server: game submission processed (lock held) game=5W86WB kind="action" lock_ms=8 ai_actions=0
2026-09-16T00:28:34.662943Z  INFO ws_message:game_session{game=5W86WB player=PlayerId(1)}: server_core::session: action applied game=5W86WB player=PlayerId(1) action_type="PassPriority" event_count=1
2026-09-16T00:28:34.667113Z  INFO ws_message:game_session{game=5W86WB player=PlayerId(1)}: phase_server: game submission processed (lock held) game=5W86WB kind="action" lock_ms=7 ai_actions=0
2026-09-16T00:28:34.917411Z  INFO ws_message:game_session{game=5W86WB player=PlayerId(0)}: server_core::session: action applied game=5W86WB player=PlayerId(0) action_type="PassPriority" event_count=4
2026-09-16T00:28:34.919266Z  INFO ws_message:game_session{game=5W86WB player=PlayerId(0)}: phase_server: game submission processed (lock held) game=5W86WB kind="action" lock_ms=7 ai_actions=0
2026-09-16T00:28:35.166002Z  INFO ws_message:game_session{game=5W86WB player=PlayerId(1)}: server_core::session: action applied game=5W86WB player=PlayerId(1) action_type="PassPriority" event_count=1
2026-09-16T00:28:35.169652Z  INFO ws_message:game_session{game=5W86WB player=PlayerId(1)}: phase_server: game submission processed (lock held) game=5W86WB kind="action" lock_ms=6 ai_actions=0
2026-09-16T00:28:35.417569Z  INFO ws_message:game_session{game=5W86WB player=PlayerId(0)}: server_core::session: action applied game=5W86WB player=PlayerId(0) action_type="PassPriority" event_count=1
2026-09-16T00:28:35.442267Z  INFO ws_message:game_session{game=5W86WB player=PlayerId(0)}: phase_server: game submission processed (lock held) game=5W86WB kind="action" lock_ms=27 ai_actions=0
2026-09-16T00:28:35.672265Z  INFO ws_message:game_session{game=5W86WB player=PlayerId(1)}: server_core::session: action applied game=5W86WB player=PlayerId(1) action_type="PlayLand" event_count=2
2026-09-16T00:28:35.676211Z  INFO ws_message:game_session{game=5W86WB player=PlayerId(1)}: phase_server: game submission processed (lock held) game=5W86WB kind="action" lock_ms=8 ai_actions=0
2026-09-16T00:28:35.921532Z  INFO ws_message:game_session{game=5W86WB player=PlayerId(1)}: server_core::session: action applied game=5W86WB player=PlayerId(1) action_type="PassPriority" event_count=1
2026-09-16T00:28:35.926095Z  INFO ws_message:game_session{game=5W86WB player=PlayerId(1)}: phase_server: game submission processed (lock held) game=5W86WB kind="action" lock_ms=7 ai_actions=0
2026-09-16T00:28:36.172798Z  INFO ws_message:game_session{game=5W86WB player=PlayerId(0)}: server_core::session: action applied game=5W86WB player=PlayerId(0) action_type="PassPriority" event_count=1
2026-09-16T00:28:36.176939Z  INFO ws_message:game_session{game=5W86WB player=PlayerId(0)}: phase_server: game submission processed (lock held) game=5W86WB kind="action" lock_ms=7 ai_actions=0
2026-09-16T00:28:36.424860Z  INFO ws_message:game_session{game=5W86WB player=PlayerId(1)}: server_core::session: action applied game=5W86WB player=PlayerId(1) action_type="PassPriority" event_count=1
2026-09-16T00:28:36.431087Z  INFO ws_message:game_session{game=5W86WB player=PlayerId(1)}: phase_server: game submission processed (lock held) game=5W86WB kind="action" lock_ms=9 ai_actions=0
2026-09-16T00:28:36.673518Z  INFO ws_message:game_session{game=5W86WB player=PlayerId(0)}: server_core::session: action applied game=5W86WB player=PlayerId(0) action_type="PassPriority" event_count=1
2026-09-16T00:28:36.695712Z  INFO ws_message:game_session{game=5W86WB player=PlayerId(0)}: phase_server: game submission processed (lock held) game=5W86WB kind="action" lock_ms=23 ai_actions=0
2026-09-16T00:28:36.929676Z  INFO ws_message:game_session{game=5W86WB player=PlayerId(1)}: server_core::session: action applied game=5W86WB player=PlayerId(1) action_type="DeclareAttackers" event_count=2
2026-09-16T00:28:36.933506Z  INFO ws_message:game_session{game=5W86WB player=PlayerId(1)}: phase_server: game submission processed (lock held) game=5W86WB kind="action" lock_ms=9 ai_actions=0
2026-09-16T00:28:37.178445Z  INFO ws_message:game_session{game=5W86WB player=PlayerId(1)}: server_core::session: action applied game=5W86WB player=PlayerId(1) action_type="PassPriority" event_count=1
2026-09-16T00:28:37.181870Z  INFO ws_message:game_session{game=5W86WB player=PlayerId(1)}: phase_server: game submission processed (lock held) game=5W86WB kind="action" lock_ms=6 ai_actions=0
2026-09-16T00:28:37.431733Z  INFO ws_message:game_session{game=5W86WB player=PlayerId(0)}: server_core::session: action applied game=5W86WB player=PlayerId(0) action_type="PassPriority" event_count=1
2026-09-16T00:28:37.435806Z  INFO ws_message:game_session{game=5W86WB player=PlayerId(0)}: phase_server: game submission processed (lock held) game=5W86WB kind="action" lock_ms=9 ai_actions=0
2026-09-16T00:28:37.686948Z  INFO ws_message:game_session{game=5W86WB player=PlayerId(1)}: server_core::session: action applied game=5W86WB player=PlayerId(1) action_type="PassPriority" event_count=1
2026-09-16T00:28:37.696189Z  INFO ws_message:game_session{game=5W86WB player=PlayerId(1)}: phase_server: game submission processed (lock held) game=5W86WB kind="action" lock_ms=12 ai_actions=0
2026-09-16T00:28:37.934491Z  INFO ws_message:game_session{game=5W86WB player=PlayerId(0)}: server_core::session: action applied game=5W86WB player=PlayerId(0) action_type="PassPriority" event_count=1
2026-09-16T00:28:37.938510Z  INFO ws_message:game_session{game=5W86WB player=PlayerId(0)}: phase_server: game submission processed (lock held) game=5W86WB kind="action" lock_ms=8 ai_actions=0
2026-09-16T00:28:38.188641Z  INFO ws_message:game_session{game=5W86WB player=PlayerId(1)}: server_core::session: action applied game=5W86WB player=PlayerId(1) action_type="PassPriority" event_count=1
2026-09-16T00:28:38.194087Z  INFO ws_message:game_session{game=5W86WB player=PlayerId(1)}: phase_server: game submission processed (lock held) game=5W86WB kind="action" lock_ms=8 ai_actions=0
2026-09-16T00:28:38.438288Z  INFO ws_message:game_session{game=5W86WB player=PlayerId(0)}: server_core::session: action applied game=5W86WB player=PlayerId(0) action_type="PassPriority" event_count=6
2026-09-16T00:28:38.441094Z  INFO ws_message:game_session{game=5W86WB player=PlayerId(0)}: phase_server: game submission processed (lock held) game=5W86WB kind="action" lock_ms=8 ai_actions=0
2026-09-16T00:28:38.687619Z  INFO ws_message:game_session{game=5W86WB player=PlayerId(0)}: server_core::session: action applied game=5W86WB player=PlayerId(0) action_type="PassPriority" event_count=1
2026-09-16T00:28:38.691424Z  INFO ws_message:game_session{game=5W86WB player=PlayerId(0)}: phase_server: game submission processed (lock held) game=5W86WB kind="action" lock_ms=7 ai_actions=0
2026-09-16T00:28:38.944366Z  INFO ws_message:game_session{game=5W86WB player=PlayerId(1)}: server_core::session: action applied game=5W86WB player=PlayerId(1) action_type="PassPriority" event_count=4
2026-09-16T00:28:38.946707Z  INFO ws_message:game_session{game=5W86WB player=PlayerId(1)}: phase_server: game submission processed (lock held) game=5W86WB kind="action" lock_ms=8 ai_actions=0
2026-09-16T00:28:39.189603Z  INFO ws_message:game_session{game=5W86WB player=PlayerId(0)}: server_core::session: action applied game=5W86WB player=PlayerId(0) action_type="PassPriority" event_count=1
2026-09-16T00:28:39.193411Z  INFO ws_message:game_session{game=5W86WB player=PlayerId(0)}: phase_server: game submission processed (lock held) game=5W86WB kind="action" lock_ms=6 ai_actions=0
2026-09-16T00:28:39.443804Z  INFO ws_message:game_session{game=5W86WB player=PlayerId(1)}: server_core::session: action applied game=5W86WB player=PlayerId(1) action_type="PassPriority" event_count=1
2026-09-16T00:28:39.521134Z  INFO ws_message:game_session{game=5W86WB player=PlayerId(1)}: phase_server: game submission processed (lock held) game=5W86WB kind="action" lock_ms=80 ai_actions=0
2026-09-16T00:28:39.690050Z  INFO ws_message:game_session{game=5W86WB player=PlayerId(0)}: server_core::session: action applied game=5W86WB player=PlayerId(0) action_type="PassPriority" event_count=1
2026-09-16T00:28:39.693793Z  INFO ws_message:game_session{game=5W86WB player=PlayerId(0)}: phase_server: game submission processed (lock held) game=5W86WB kind="action" lock_ms=5 ai_actions=0
2026-09-16T00:28:39.945501Z  INFO ws_message:game_session{game=5W86WB player=PlayerId(1)}: server_core::session: action applied game=5W86WB player=PlayerId(1) action_type="PassPriority" event_count=1
2026-09-16T00:28:39.950157Z  INFO ws_message:game_session{game=5W86WB player=PlayerId(1)}: phase_server: game submission processed (lock held) game=5W86WB kind="action" lock_ms=8 ai_actions=0
2026-09-16T00:28:40.193442Z  INFO ws_message:game_session{game=5W86WB player=PlayerId(0)}: server_core::session: action applied game=5W86WB player=PlayerId(0) action_type="PassPriority" event_count=1
2026-09-16T00:28:40.197544Z  INFO ws_message:game_session{game=5W86WB player=PlayerId(0)}: phase_server: game submission processed (lock held) game=5W86WB kind="action" lock_ms=7 ai_actions=0
2026-09-16T00:28:40.446646Z  INFO ws_message:game_session{game=5W86WB player=PlayerId(1)}: server_core::session: action applied game=5W86WB player=PlayerId(1) action_type="PassPriority" event_count=1
2026-09-16T00:28:40.464784Z  INFO ws_message:game_session{game=5W86WB player=PlayerId(1)}: phase_server: game submission processed (lock held) game=5W86WB kind="action" lock_ms=20 ai_actions=0
2026-09-16T00:28:40.698114Z  INFO ws_message:game_session{game=5W86WB player=PlayerId(0)}: server_core::session: action applied game=5W86WB player=PlayerId(0) action_type="DeclareAttackers" event_count=2
2026-09-16T00:28:40.705083Z  INFO ws_message:game_session{game=5W86WB player=PlayerId(0)}: phase_server: game submission processed (lock held) game=5W86WB kind="action" lock_ms=12 ai_actions=0
2026-09-16T00:28:40.948151Z  INFO ws_message:game_session{game=5W86WB player=PlayerId(0)}: server_core::session: action applied game=5W86WB player=PlayerId(0) action_type="PassPriority" event_count=1
2026-09-16T00:28:40.952146Z  INFO ws_message:game_session{game=5W86WB player=PlayerId(0)}: phase_server: game submission processed (lock held) game=5W86WB kind="action" lock_ms=7 ai_actions=0
2026-09-16T00:28:41.202087Z  INFO ws_message:game_session{game=5W86WB player=PlayerId(1)}: server_core::session: action applied game=5W86WB player=PlayerId(1) action_type="PassPriority" event_count=1
2026-09-16T00:28:41.280799Z  INFO ws_message:game_session{game=5W86WB player=PlayerId(1)}: phase_server: game submission processed (lock held) game=5W86WB kind="action" lock_ms=83 ai_actions=0
2026-09-16T00:28:41.449355Z  INFO ws_message:game_session{game=5W86WB player=PlayerId(0)}: server_core::session: action applied game=5W86WB player=PlayerId(0) action_type="PassPriority" event_count=1
2026-09-16T00:28:41.453023Z  INFO ws_message:game_session{game=5W86WB player=PlayerId(0)}: phase_server: game submission processed (lock held) game=5W86WB kind="action" lock_ms=6 ai_actions=0
2026-09-16T00:28:41.702519Z  INFO ws_message:game_session{game=5W86WB player=PlayerId(1)}: server_core::session: action applied game=5W86WB player=PlayerId(1) action_type="PassPriority" event_count=1
2026-09-16T00:28:41.707051Z  INFO ws_message:game_session{game=5W86WB player=PlayerId(1)}: phase_server: game submission processed (lock held) game=5W86WB kind="action" lock_ms=8 ai_actions=0
2026-09-16T00:28:41.952180Z  INFO ws_message:game_session{game=5W86WB player=PlayerId(0)}: server_core::session: action applied game=5W86WB player=PlayerId(0) action_type="PassPriority" event_count=1
2026-09-16T00:28:41.956622Z  INFO ws_message:game_session{game=5W86WB player=PlayerId(0)}: phase_server: game submission processed (lock held) game=5W86WB kind="action" lock_ms=7 ai_actions=0
2026-09-16T00:28:42.206403Z  INFO ws_message:game_session{game=5W86WB player=PlayerId(1)}: server_core::session: action applied game=5W86WB player=PlayerId(1) action_type="PassPriority" event_count=4
2026-09-16T00:28:42.209184Z  INFO ws_message:game_session{game=5W86WB player=PlayerId(1)}: phase_server: game submission processed (lock held) game=5W86WB kind="action" lock_ms=8 ai_actions=0
2026-09-16T00:28:42.455183Z  INFO ws_message:game_session{game=5W86WB player=PlayerId(1)}: server_core::session: action applied game=5W86WB player=PlayerId(1) action_type="PassPriority" event_count=1
2026-09-16T00:28:42.460124Z  INFO ws_message:game_session{game=5W86WB player=PlayerId(1)}: phase_server: game submission processed (lock held) game=5W86WB kind="action" lock_ms=7 ai_actions=0
2026-09-16T00:28:42.709577Z  INFO ws_message:game_session{game=5W86WB player=PlayerId(0)}: server_core::session: action applied game=5W86WB player=PlayerId(0) action_type="PassPriority" event_count=4
2026-09-16T00:28:42.711441Z  INFO ws_message:game_session{game=5W86WB player=PlayerId(0)}: phase_server: game submission processed (lock held) game=5W86WB kind="action" lock_ms=7 ai_actions=0
2026-09-16T00:28:42.959584Z  INFO ws_message:game_session{game=5W86WB player=PlayerId(1)}: server_core::session: action applied game=5W86WB player=PlayerId(1) action_type="PassPriority" event_count=1
2026-09-16T00:28:42.964558Z  INFO ws_message:game_session{game=5W86WB player=PlayerId(1)}: phase_server: game submission processed (lock held) game=5W86WB kind="action" lock_ms=7 ai_actions=0
2026-09-16T00:28:43.212408Z  INFO ws_message:game_session{game=5W86WB player=PlayerId(0)}: server_core::session: action applied game=5W86WB player=PlayerId(0) action_type="PassPriority" event_count=1
2026-09-16T00:28:43.238246Z  INFO ws_message:game_session{game=5W86WB player=PlayerId(0)}: phase_server: game submission processed (lock held) game=5W86WB kind="action" lock_ms=30 ai_actions=0
2026-09-16T00:28:43.463451Z  INFO ws_message:game_session{game=5W86WB player=PlayerId(1)}: server_core::session: action applied game=5W86WB player=PlayerId(1) action_type="PlayLand" event_count=2
2026-09-16T00:28:43.467984Z  INFO ws_message:game_session{game=5W86WB player=PlayerId(1)}: phase_server: game submission processed (lock held) game=5W86WB kind="action" lock_ms=9 ai_actions=0
2026-09-16T00:28:43.719508Z  INFO ws_message:game_session{game=5W86WB player=PlayerId(1)}: server_core::session: action applied game=5W86WB player=PlayerId(1) action_type="PassPriority" event_count=1
2026-09-16T00:28:43.728102Z  INFO ws_message:game_session{game=5W86WB player=PlayerId(1)}: phase_server: game submission processed (lock held) game=5W86WB kind="action" lock_ms=14 ai_actions=0
2026-09-16T00:28:43.964763Z  INFO ws_message:game_session{game=5W86WB player=PlayerId(0)}: server_core::session: action applied game=5W86WB player=PlayerId(0) action_type="PassPriority" event_count=1
2026-09-16T00:28:43.969032Z  INFO ws_message:game_session{game=5W86WB player=PlayerId(0)}: phase_server: game submission processed (lock held) game=5W86WB kind="action" lock_ms=7 ai_actions=0
2026-09-16T00:28:44.217465Z  INFO ws_message:game_session{game=5W86WB player=PlayerId(1)}: server_core::session: action applied game=5W86WB player=PlayerId(1) action_type="PassPriority" event_count=1
2026-09-16T00:28:44.222079Z  INFO ws_message:game_session{game=5W86WB player=PlayerId(1)}: phase_server: game submission processed (lock held) game=5W86WB kind="action" lock_ms=7 ai_actions=0
2026-09-16T00:28:44.465518Z  INFO ws_message:game_session{game=5W86WB player=PlayerId(0)}: server_core::session: action applied game=5W86WB player=PlayerId(0) action_type="PassPriority" event_count=1
2026-09-16T00:28:44.486825Z  INFO ws_message:game_session{game=5W86WB player=PlayerId(0)}: phase_server: game submission processed (lock held) game=5W86WB kind="action" lock_ms=22 ai_actions=0
2026-09-16T00:28:44.721163Z  INFO ws_message:game_session{game=5W86WB player=PlayerId(1)}: server_core::session: action applied game=5W86WB player=PlayerId(1) action_type="DeclareAttackers" event_count=2
2026-09-16T00:28:44.725367Z  INFO ws_message:game_session{game=5W86WB player=PlayerId(1)}: phase_server: game submission processed (lock held) game=5W86WB kind="action" lock_ms=9 ai_actions=0
2026-09-16T00:28:44.973158Z  INFO ws_message:game_session{game=5W86WB player=PlayerId(1)}: server_core::session: action applied game=5W86WB player=PlayerId(1) action_type="PassPriority" event_count=1
2026-09-16T00:28:44.977921Z  INFO ws_message:game_session{game=5W86WB player=PlayerId(1)}: phase_server: game submission processed (lock held) game=5W86WB kind="action" lock_ms=7 ai_actions=0
2026-09-16T00:28:45.223934Z  INFO ws_message:game_session{game=5W86WB player=PlayerId(0)}: server_core::session: action applied game=5W86WB player=PlayerId(0) action_type="PassPriority" event_count=1
2026-09-16T00:28:45.228148Z  INFO ws_message:game_session{game=5W86WB player=PlayerId(0)}: phase_server: game submission processed (lock held) game=5W86WB kind="action" lock_ms=9 ai_actions=0
2026-09-16T00:28:45.472512Z  INFO ws_message:game_session{game=5W86WB player=PlayerId(1)}: server_core::session: action applied game=5W86WB player=PlayerId(1) action_type="PassPriority" event_count=1
2026-09-16T00:28:45.477288Z  INFO ws_message:game_session{game=5W86WB player=PlayerId(1)}: phase_server: game submission processed (lock held) game=5W86WB kind="action" lock_ms=7 ai_actions=0
2026-09-16T00:28:45.725799Z  INFO ws_message:game_session{game=5W86WB player=PlayerId(0)}: server_core::session: action applied game=5W86WB player=PlayerId(0) action_type="PassPriority" event_count=1
2026-09-16T00:28:45.730107Z  INFO ws_message:game_session{game=5W86WB player=PlayerId(0)}: phase_server: game submission processed (lock held) game=5W86WB kind="action" lock_ms=9 ai_actions=0
2026-09-16T00:28:45.975803Z  INFO ws_message:game_session{game=5W86WB player=PlayerId(1)}: server_core::session: action applied game=5W86WB player=PlayerId(1) action_type="PassPriority" event_count=1
2026-09-16T00:28:45.980420Z  INFO ws_message:game_session{game=5W86WB player=PlayerId(1)}: phase_server: game submission processed (lock held) game=5W86WB kind="action" lock_ms=7 ai_actions=0
2026-09-16T00:28:46.229469Z  INFO ws_message:game_session{game=5W86WB player=PlayerId(0)}: server_core::session: action applied game=5W86WB player=PlayerId(0) action_type="PassPriority" event_count=4
2026-09-16T00:28:46.232339Z  INFO ws_message:game_session{game=5W86WB player=PlayerId(0)}: phase_server: game submission processed (lock held) game=5W86WB kind="action" lock_ms=8 ai_actions=0
2026-09-16T00:28:46.478374Z  INFO ws_message:game_session{game=5W86WB player=PlayerId(0)}: server_core::session: action applied game=5W86WB player=PlayerId(0) action_type="PassPriority" event_count=1
2026-09-16T00:28:46.482462Z  INFO ws_message:game_session{game=5W86WB player=PlayerId(0)}: phase_server: game submission processed (lock held) game=5W86WB kind="action" lock_ms=7 ai_actions=0
2026-09-16T00:28:46.732675Z  INFO ws_message:game_session{game=5W86WB player=PlayerId(1)}: server_core::session: action applied game=5W86WB player=PlayerId(1) action_type="PassPriority" event_count=4
2026-09-16T00:28:46.734823Z  INFO ws_message:game_session{game=5W86WB player=PlayerId(1)}: phase_server: game submission processed (lock held) game=5W86WB kind="action" lock_ms=8 ai_actions=0
2026-09-16T00:28:46.981539Z  INFO ws_message:game_session{game=5W86WB player=PlayerId(0)}: server_core::session: action applied game=5W86WB player=PlayerId(0) action_type="PassPriority" event_count=1
2026-09-16T00:28:46.987535Z  INFO ws_message:game_session{game=5W86WB player=PlayerId(0)}: phase_server: game submission processed (lock held) game=5W86WB kind="action" lock_ms=9 ai_actions=0
2026-09-16T00:28:47.234361Z  INFO ws_message:game_session{game=5W86WB player=PlayerId(1)}: server_core::session: action applied game=5W86WB player=PlayerId(1) action_type="PassPriority" event_count=1
2026-09-16T00:28:47.313763Z  INFO ws_message:game_session{game=5W86WB player=PlayerId(1)}: phase_server: game submission processed (lock held) game=5W86WB kind="action" lock_ms=82 ai_actions=0
2026-09-16T00:28:47.484221Z  INFO ws_message:game_session{game=5W86WB player=PlayerId(0)}: server_core::session: action applied game=5W86WB player=PlayerId(0) action_type="PassPriority" event_count=1
2026-09-16T00:28:47.488233Z  INFO ws_message:game_session{game=5W86WB player=PlayerId(0)}: phase_server: game submission processed (lock held) game=5W86WB kind="action" lock_ms=5 ai_actions=0
2026-09-16T00:28:47.739019Z  INFO ws_message:game_session{game=5W86WB player=PlayerId(1)}: server_core::session: action applied game=5W86WB player=PlayerId(1) action_type="PassPriority" event_count=1
2026-09-16T00:28:47.744055Z  INFO ws_message:game_session{game=5W86WB player=PlayerId(1)}: phase_server: game submission processed (lock held) game=5W86WB kind="action" lock_ms=8 ai_actions=0
2026-09-16T00:28:47.989085Z  INFO ws_message:game_session{game=5W86WB player=PlayerId(0)}: server_core::session: action applied game=5W86WB player=PlayerId(0) action_type="PassPriority" event_count=1
2026-09-16T00:28:47.993489Z  INFO ws_message:game_session{game=5W86WB player=PlayerId(0)}: phase_server: game submission processed (lock held) game=5W86WB kind="action" lock_ms=7 ai_actions=0
2026-09-16T00:28:48.240911Z  INFO ws_message:game_session{game=5W86WB player=PlayerId(1)}: server_core::session: action applied game=5W86WB player=PlayerId(1) action_type="PassPriority" event_count=1
2026-09-16T00:28:48.258174Z  INFO ws_message:game_session{game=5W86WB player=PlayerId(1)}: phase_server: game submission processed (lock held) game=5W86WB kind="action" lock_ms=19 ai_actions=0
2026-09-16T00:28:48.494514Z  INFO ws_message:game_session{game=5W86WB player=PlayerId(0)}: server_core::session: action applied game=5W86WB player=PlayerId(0) action_type="DeclareAttackers" event_count=2
2026-09-16T00:28:48.499451Z  INFO ws_message:game_session{game=5W86WB player=PlayerId(0)}: phase_server: game submission processed (lock held) game=5W86WB kind="action" lock_ms=10 ai_actions=0
2026-09-16T00:28:48.743923Z  INFO ws_message:game_session{game=5W86WB player=PlayerId(0)}: server_core::session: action applied game=5W86WB player=PlayerId(0) action_type="PassPriority" event_count=1
2026-09-16T00:28:48.748274Z  INFO ws_message:game_session{game=5W86WB player=PlayerId(0)}: phase_server: game submission processed (lock held) game=5W86WB kind="action" lock_ms=7 ai_actions=0
2026-09-16T00:28:48.997705Z  INFO ws_message:game_session{game=5W86WB player=PlayerId(1)}: server_core::session: action applied game=5W86WB player=PlayerId(1) action_type="PassPriority" event_count=1
2026-09-16T00:28:49.084152Z  INFO ws_message:game_session{game=5W86WB player=PlayerId(1)}: phase_server: game submission processed (lock held) game=5W86WB kind="action" lock_ms=91 ai_actions=0
2026-09-16T00:28:49.498898Z  INFO ws_message:game_session{game=5W86WB player=PlayerId(0)}: server_core::session: action applied game=5W86WB player=PlayerId(0) action_type="PassPriority" event_count=1
2026-09-16T00:28:49.503271Z  INFO ws_message:game_session{game=5W86WB player=PlayerId(0)}: phase_server: game submission processed (lock held) game=5W86WB kind="action" lock_ms=7 ai_actions=0
2026-09-16T00:28:49.751328Z  INFO ws_message:game_session{game=5W86WB player=PlayerId(1)}: server_core::session: action applied game=5W86WB player=PlayerId(1) action_type="PassPriority" event_count=1
2026-09-16T00:28:49.757740Z  INFO ws_message:game_session{game=5W86WB player=PlayerId(1)}: phase_server: game submission processed (lock held) game=5W86WB kind="action" lock_ms=10 ai_actions=0
2026-09-16T00:28:50.002136Z  INFO ws_message:game_session{game=5W86WB player=PlayerId(0)}: server_core::session: action applied game=5W86WB player=PlayerId(0) action_type="PassPriority" event_count=1
2026-09-16T00:28:50.009676Z  INFO ws_message:game_session{game=5W86WB player=PlayerId(0)}: phase_server: game submission processed (lock held) game=5W86WB kind="action" lock_ms=11 ai_actions=0
2026-09-16T00:28:50.255823Z  INFO ws_message:game_session{game=5W86WB player=PlayerId(1)}: server_core::session: action applied game=5W86WB player=PlayerId(1) action_type="PassPriority" event_count=4
2026-09-16T00:28:50.259119Z  INFO ws_message:game_session{game=5W86WB player=PlayerId(1)}: phase_server: game submission processed (lock held) game=5W86WB kind="action" lock_ms=8 ai_actions=0
2026-09-16T00:28:50.504764Z  INFO ws_message:game_session{game=5W86WB player=PlayerId(1)}: server_core::session: action applied game=5W86WB player=PlayerId(1) action_type="PassPriority" event_count=1
2026-09-16T00:28:50.510061Z  INFO ws_message:game_session{game=5W86WB player=PlayerId(1)}: phase_server: game submission processed (lock held) game=5W86WB kind="action" lock_ms=8 ai_actions=0
2026-09-16T00:28:50.759828Z  INFO ws_message:game_session{game=5W86WB player=PlayerId(0)}: server_core::session: action applied game=5W86WB player=PlayerId(0) action_type="PassPriority" event_count=4
2026-09-16T00:28:50.761236Z  INFO ws_message:game_session{game=5W86WB player=PlayerId(0)}: phase_server: game submission processed (lock held) game=5W86WB kind="action" lock_ms=7 ai_actions=0
2026-09-16T00:28:51.009276Z  INFO ws_message:game_session{game=5W86WB player=PlayerId(1)}: server_core::session: action applied game=5W86WB player=PlayerId(1) action_type="PassPriority" event_count=1
2026-09-16T00:28:51.014561Z  INFO ws_message:game_session{game=5W86WB player=PlayerId(1)}: phase_server: game submission processed (lock held) game=5W86WB kind="action" lock_ms=8 ai_actions=0
2026-09-16T00:28:51.260504Z  INFO ws_message:game_session{game=5W86WB player=PlayerId(0)}: server_core::session: action applied game=5W86WB player=PlayerId(0) action_type="PassPriority" event_count=1
2026-09-16T00:28:51.285167Z  INFO ws_message:game_session{game=5W86WB player=PlayerId(0)}: phase_server: game submission processed (lock held) game=5W86WB kind="action" lock_ms=27 ai_actions=0
2026-09-16T00:28:51.514539Z  INFO ws_message:game_session{game=5W86WB player=PlayerId(1)}: server_core::session: action applied game=5W86WB player=PlayerId(1) action_type="PlayLand" event_count=2
2026-09-16T00:28:51.519229Z  INFO ws_message:game_session{game=5W86WB player=PlayerId(1)}: phase_server: game submission processed (lock held) game=5W86WB kind="action" lock_ms=9 ai_actions=0
2026-09-16T00:28:51.764208Z  INFO ws_message:game_session{game=5W86WB player=PlayerId(1)}: server_core::session: action applied game=5W86WB player=PlayerId(1) action_type="PassPriority" event_count=1
2026-09-16T00:28:51.769768Z  INFO ws_message:game_session{game=5W86WB player=PlayerId(1)}: phase_server: game submission processed (lock held) game=5W86WB kind="action" lock_ms=8 ai_actions=0
2026-09-16T00:28:52.015379Z  INFO ws_message:game_session{game=5W86WB player=PlayerId(0)}: server_core::session: action applied game=5W86WB player=PlayerId(0) action_type="PassPriority" event_count=1
2026-09-16T00:28:52.020546Z  INFO ws_message:game_session{game=5W86WB player=PlayerId(0)}: phase_server: game submission processed (lock held) game=5W86WB kind="action" lock_ms=8 ai_actions=0
2026-09-16T00:28:52.266644Z  INFO ws_message:game_session{game=5W86WB player=PlayerId(1)}: server_core::session: action applied game=5W86WB player=PlayerId(1) action_type="PassPriority" event_count=1
2026-09-16T00:28:52.271822Z  INFO ws_message:game_session{game=5W86WB player=PlayerId(1)}: phase_server: game submission processed (lock held) game=5W86WB kind="action" lock_ms=8 ai_actions=0
2026-09-16T00:28:52.515888Z  INFO ws_message:game_session{game=5W86WB player=PlayerId(0)}: server_core::session: action applied game=5W86WB player=PlayerId(0) action_type="PassPriority" event_count=1
2026-09-16T00:28:52.545015Z  INFO ws_message:game_session{game=5W86WB player=PlayerId(0)}: phase_server: game submission processed (lock held) game=5W86WB kind="action" lock_ms=30 ai_actions=0
2026-09-16T00:28:52.772525Z  INFO ws_message:game_session{game=5W86WB player=PlayerId(1)}: server_core::session: action applied game=5W86WB player=PlayerId(1) action_type="DeclareAttackers" event_count=2
2026-09-16T00:28:52.777693Z  INFO ws_message:game_session{game=5W86WB player=PlayerId(1)}: phase_server: game submission processed (lock held) game=5W86WB kind="action" lock_ms=11 ai_actions=0
2026-09-16T00:28:53.021608Z  INFO ws_message:game_session{game=5W86WB player=PlayerId(1)}: server_core::session: action applied game=5W86WB player=PlayerId(1) action_type="PassPriority" event_count=1
2026-09-16T00:28:53.027336Z  INFO ws_message:game_session{game=5W86WB player=PlayerId(1)}: phase_server: game submission processed (lock held) game=5W86WB kind="action" lock_ms=9 ai_actions=0
2026-09-16T00:28:53.275418Z  INFO ws_message:game_session{game=5W86WB player=PlayerId(0)}: server_core::session: action applied game=5W86WB player=PlayerId(0) action_type="PassPriority" event_count=1
2026-09-16T00:28:53.280798Z  INFO ws_message:game_session{game=5W86WB player=PlayerId(0)}: phase_server: game submission processed (lock held) game=5W86WB kind="action" lock_ms=11 ai_actions=0
2026-09-16T00:28:53.522868Z  INFO ws_message:game_session{game=5W86WB player=PlayerId(1)}: server_core::session: action applied game=5W86WB player=PlayerId(1) action_type="PassPriority" event_count=1
2026-09-16T00:28:53.528579Z  INFO ws_message:game_session{game=5W86WB player=PlayerId(1)}: phase_server: game submission processed (lock held) game=5W86WB kind="action" lock_ms=8 ai_actions=0
2026-09-16T00:28:53.776822Z  INFO ws_message:game_session{game=5W86WB player=PlayerId(0)}: server_core::session: action applied game=5W86WB player=PlayerId(0) action_type="PassPriority" event_count=1
2026-09-16T00:28:53.782012Z  INFO ws_message:game_session{game=5W86WB player=PlayerId(0)}: phase_server: game submission processed (lock held) game=5W86WB kind="action" lock_ms=10 ai_actions=0
2026-09-16T00:28:54.026458Z  INFO ws_message:game_session{game=5W86WB player=PlayerId(1)}: server_core::session: action applied game=5W86WB player=PlayerId(1) action_type="PassPriority" event_count=1
2026-09-16T00:28:54.031760Z  INFO ws_message:game_session{game=5W86WB player=PlayerId(1)}: phase_server: game submission processed (lock held) game=5W86WB kind="action" lock_ms=8 ai_actions=0
2026-09-16T00:28:54.280084Z  INFO ws_message:game_session{game=5W86WB player=PlayerId(0)}: server_core::session: action applied game=5W86WB player=PlayerId(0) action_type="PassPriority" event_count=4
2026-09-16T00:28:54.283492Z  INFO ws_message:game_session{game=5W86WB player=PlayerId(0)}: phase_server: game submission processed (lock held) game=5W86WB kind="action" lock_ms=8 ai_actions=0
2026-09-16T00:28:54.529908Z  INFO ws_message:game_session{game=5W86WB player=PlayerId(0)}: server_core::session: action applied game=5W86WB player=PlayerId(0) action_type="PassPriority" event_count=1
2026-09-16T00:28:54.535354Z  INFO ws_message:game_session{game=5W86WB player=PlayerId(0)}: phase_server: game submission processed (lock held) game=5W86WB kind="action" lock_ms=9 ai_actions=0
2026-09-16T00:28:54.783591Z  INFO ws_message:game_session{game=5W86WB player=PlayerId(1)}: server_core::session: action applied game=5W86WB player=PlayerId(1) action_type="PassPriority" event_count=4
2026-09-16T00:28:54.785948Z  INFO ws_message:game_session{game=5W86WB player=PlayerId(1)}: phase_server: game submission processed (lock held) game=5W86WB kind="action" lock_ms=7 ai_actions=0
2026-09-16T00:28:55.032048Z  INFO ws_message:game_session{game=5W86WB player=PlayerId(0)}: server_core::session: action applied game=5W86WB player=PlayerId(0) action_type="PassPriority" event_count=1
2026-09-16T00:28:55.037010Z  INFO ws_message:game_session{game=5W86WB player=PlayerId(0)}: phase_server: game submission processed (lock held) game=5W86WB kind="action" lock_ms=8 ai_actions=0
2026-09-16T00:28:55.283785Z  INFO ws_message:game_session{game=5W86WB player=PlayerId(1)}: server_core::session: action applied game=5W86WB player=PlayerId(1) action_type="PassPriority" event_count=1
2026-09-16T00:28:55.375219Z  INFO ws_message:game_session{game=5W86WB player=PlayerId(1)}: phase_server: game submission processed (lock held) game=5W86WB kind="action" lock_ms=94 ai_actions=0
2026-09-16T00:28:55.788459Z  INFO ws_message:game_session{game=5W86WB player=PlayerId(0)}: server_core::session: action applied game=5W86WB player=PlayerId(0) action_type="PlayLand" event_count=2
2026-09-16T00:28:55.897769Z  INFO ws_message:game_session{game=5W86WB player=PlayerId(0)}: phase_server: game submission processed (lock held) game=5W86WB kind="action" lock_ms=114 ai_actions=0
2026-09-16T00:28:56.103218Z  INFO ws_message:game_session{game=5W86WB player=PlayerId(0)}: server_core::session: action applied game=5W86WB player=PlayerId(0) action_type="PassPriority" event_count=1
2026-09-16T00:28:56.109130Z  INFO ws_message:game_session{game=5W86WB player=PlayerId(0)}: phase_server: game submission processed (lock held) game=5W86WB kind="action" lock_ms=12 ai_actions=0
2026-09-16T00:28:56.417106Z  INFO ws_message:game_session{game=5W86WB player=PlayerId(1)}: server_core::session: action applied game=5W86WB player=PlayerId(1) action_type="PassPriority" event_count=1
2026-09-16T00:28:56.422772Z  INFO ws_message:game_session{game=5W86WB player=PlayerId(1)}: phase_server: game submission processed (lock held) game=5W86WB kind="action" lock_ms=9 ai_actions=0
2026-09-16T00:28:56.668403Z  INFO ws_message:game_session{game=5W86WB player=PlayerId(0)}: server_core::session: action applied game=5W86WB player=PlayerId(0) action_type="PassPriority" event_count=1
2026-09-16T00:28:56.673473Z  INFO ws_message:game_session{game=5W86WB player=PlayerId(0)}: phase_server: game submission processed (lock held) game=5W86WB kind="action" lock_ms=8 ai_actions=0
2026-09-16T00:28:56.918053Z  INFO ws_message:game_session{game=5W86WB player=PlayerId(1)}: server_core::session: action applied game=5W86WB player=PlayerId(1) action_type="PassPriority" event_count=1
2026-09-16T00:28:56.935880Z  INFO ws_message:game_session{game=5W86WB player=PlayerId(1)}: phase_server: game submission processed (lock held) game=5W86WB kind="action" lock_ms=19 ai_actions=0
2026-09-16T00:28:57.174351Z  INFO ws_message:game_session{game=5W86WB player=PlayerId(0)}: server_core::session: action applied game=5W86WB player=PlayerId(0) action_type="DeclareAttackers" event_count=2
2026-09-16T00:28:57.180227Z  INFO ws_message:game_session{game=5W86WB player=PlayerId(0)}: phase_server: game submission processed (lock held) game=5W86WB kind="action" lock_ms=11 ai_actions=0
2026-09-16T00:28:57.422313Z  INFO ws_message:game_session{game=5W86WB player=PlayerId(0)}: server_core::session: action applied game=5W86WB player=PlayerId(0) action_type="PassPriority" event_count=1
2026-09-16T00:28:57.427213Z  INFO ws_message:game_session{game=5W86WB player=PlayerId(0)}: phase_server: game submission processed (lock held) game=5W86WB kind="action" lock_ms=8 ai_actions=0
2026-09-16T00:28:57.678587Z  INFO ws_message:game_session{game=5W86WB player=PlayerId(1)}: server_core::session: action applied game=5W86WB player=PlayerId(1) action_type="PassPriority" event_count=1
2026-09-16T00:28:57.787281Z  INFO ws_message:game_session{game=5W86WB player=PlayerId(1)}: phase_server: game submission processed (lock held) game=5W86WB kind="action" lock_ms=116 ai_actions=0
2026-09-16T00:28:58.175580Z  INFO ws_message:game_session{game=5W86WB player=PlayerId(0)}: server_core::session: action applied game=5W86WB player=PlayerId(0) action_type="PassPriority" event_count=1
2026-09-16T00:28:58.181338Z  INFO ws_message:game_session{game=5W86WB player=PlayerId(0)}: phase_server: game submission processed (lock held) game=5W86WB kind="action" lock_ms=8 ai_actions=0
2026-09-16T00:28:58.429409Z  INFO ws_message:game_session{game=5W86WB player=PlayerId(1)}: server_core::session: action applied game=5W86WB player=PlayerId(1) action_type="PassPriority" event_count=1
2026-09-16T00:28:58.436397Z  INFO ws_message:game_session{game=5W86WB player=PlayerId(1)}: phase_server: game submission processed (lock held) game=5W86WB kind="action" lock_ms=11 ai_actions=0
2026-09-16T00:28:58.681627Z  INFO ws_message:game_session{game=5W86WB player=PlayerId(0)}: server_core::session: action applied game=5W86WB player=PlayerId(0) action_type="PassPriority" event_count=1
2026-09-16T00:28:58.691114Z  INFO ws_message:game_session{game=5W86WB player=PlayerId(0)}: phase_server: game submission processed (lock held) game=5W86WB kind="action" lock_ms=14 ai_actions=0
2026-09-16T00:28:58.932659Z  INFO ws_message:game_session{game=5W86WB player=PlayerId(1)}: server_core::session: action applied game=5W86WB player=PlayerId(1) action_type="PassPriority" event_count=4
2026-09-16T00:28:58.935201Z  INFO ws_message:game_session{game=5W86WB player=PlayerId(1)}: phase_server: game submission processed (lock held) game=5W86WB kind="action" lock_ms=8 ai_actions=0
2026-09-16T00:28:59.181884Z  INFO ws_message:game_session{game=5W86WB player=PlayerId(1)}: server_core::session: action applied game=5W86WB player=PlayerId(1) action_type="PassPriority" event_count=1
2026-09-16T00:28:59.187249Z  INFO ws_message:game_session{game=5W86WB player=PlayerId(1)}: phase_server: game submission processed (lock held) game=5W86WB kind="action" lock_ms=8 ai_actions=0
2026-09-16T00:28:59.434803Z  INFO ws_message:game_session{game=5W86WB player=PlayerId(0)}: server_core::session: action applied game=5W86WB player=PlayerId(0) action_type="PassPriority" event_count=4
2026-09-16T00:28:59.436127Z  INFO ws_message:game_session{game=5W86WB player=PlayerId(0)}: phase_server: game submission processed (lock held) game=5W86WB kind="action" lock_ms=7 ai_actions=0
2026-09-16T00:28:59.683459Z  INFO ws_message:game_session{game=5W86WB player=PlayerId(1)}: server_core::session: action applied game=5W86WB player=PlayerId(1) action_type="PassPriority" event_count=1
2026-09-16T00:28:59.689113Z  INFO ws_message:game_session{game=5W86WB player=PlayerId(1)}: phase_server: game submission processed (lock held) game=5W86WB kind="action" lock_ms=9 ai_actions=0
2026-09-16T00:28:59.934386Z  INFO ws_message:game_session{game=5W86WB player=PlayerId(0)}: server_core::session: action applied game=5W86WB player=PlayerId(0) action_type="PassPriority" event_count=1
2026-09-16T00:28:59.958337Z  INFO ws_message:game_session{game=5W86WB player=PlayerId(0)}: phase_server: game submission processed (lock held) game=5W86WB kind="action" lock_ms=27 ai_actions=0
2026-09-16T00:29:00.188716Z  INFO ws_message:game_session{game=5W86WB player=PlayerId(1)}: server_core::session: action applied game=5W86WB player=PlayerId(1) action_type="PlayLand" event_count=2
2026-09-16T00:29:00.193772Z  INFO ws_message:game_session{game=5W86WB player=PlayerId(1)}: phase_server: game submission processed (lock held) game=5W86WB kind="action" lock_ms=10 ai_actions=0
2026-09-16T00:29:00.440031Z  INFO ws_message:game_session{game=5W86WB player=PlayerId(1)}: server_core::session: action applied game=5W86WB player=PlayerId(1) action_type="PassPriority" event_count=1
2026-09-16T00:29:00.445942Z  INFO ws_message:game_session{game=5W86WB player=PlayerId(1)}: phase_server: game submission processed (lock held) game=5W86WB kind="action" lock_ms=10 ai_actions=0
2026-09-16T00:29:00.689206Z  INFO ws_message:game_session{game=5W86WB player=PlayerId(0)}: server_core::session: action applied game=5W86WB player=PlayerId(0) action_type="PassPriority" event_count=1
2026-09-16T00:29:00.696703Z  INFO ws_message:game_session{game=5W86WB player=PlayerId(0)}: phase_server: game submission processed (lock held) game=5W86WB kind="action" lock_ms=10 ai_actions=0
2026-09-16T00:29:00.941172Z  INFO ws_message:game_session{game=5W86WB player=PlayerId(1)}: server_core::session: action applied game=5W86WB player=PlayerId(1) action_type="PassPriority" event_count=1
2026-09-16T00:29:00.946791Z  INFO ws_message:game_session{game=5W86WB player=PlayerId(1)}: phase_server: game submission processed (lock held) game=5W86WB kind="action" lock_ms=9 ai_actions=0
2026-09-16T00:29:01.190430Z  INFO ws_message:game_session{game=5W86WB player=PlayerId(0)}: server_core::session: action applied game=5W86WB player=PlayerId(0) action_type="PassPriority" event_count=1
2026-09-16T00:29:01.213795Z  INFO ws_message:game_session{game=5W86WB player=PlayerId(0)}: phase_server: game submission processed (lock held) game=5W86WB kind="action" lock_ms=24 ai_actions=0
2026-09-16T00:29:01.446511Z  INFO ws_message:game_session{game=5W86WB player=PlayerId(1)}: server_core::session: action applied game=5W86WB player=PlayerId(1) action_type="DeclareAttackers" event_count=2
2026-09-16T00:29:01.451553Z  INFO ws_message:game_session{game=5W86WB player=PlayerId(1)}: phase_server: game submission processed (lock held) game=5W86WB kind="action" lock_ms=11 ai_actions=0
2026-09-16T00:29:01.694659Z  INFO ws_message:game_session{game=5W86WB player=PlayerId(1)}: server_core::session: action applied game=5W86WB player=PlayerId(1) action_type="PassPriority" event_count=1
2026-09-16T00:29:01.700080Z  INFO ws_message:game_session{game=5W86WB player=PlayerId(1)}: phase_server: game submission processed (lock held) game=5W86WB kind="action" lock_ms=8 ai_actions=0
2026-09-16T00:29:01.948393Z  INFO ws_message:game_session{game=5W86WB player=PlayerId(0)}: server_core::session: action applied game=5W86WB player=PlayerId(0) action_type="PassPriority" event_count=1
2026-09-16T00:29:01.953808Z  INFO ws_message:game_session{game=5W86WB player=PlayerId(0)}: phase_server: game submission processed (lock held) game=5W86WB kind="action" lock_ms=10 ai_actions=0
2026-09-16T00:29:02.197667Z  INFO ws_message:game_session{game=5W86WB player=PlayerId(1)}: server_core::session: action applied game=5W86WB player=PlayerId(1) action_type="PassPriority" event_count=1
2026-09-16T00:29:02.203571Z  INFO ws_message:game_session{game=5W86WB player=PlayerId(1)}: phase_server: game submission processed (lock held) game=5W86WB kind="action" lock_ms=8 ai_actions=0
2026-09-16T00:29:02.450658Z  INFO ws_message:game_session{game=5W86WB player=PlayerId(0)}: server_core::session: action applied game=5W86WB player=PlayerId(0) action_type="PassPriority" event_count=1
2026-09-16T00:29:02.456036Z  INFO ws_message:game_session{game=5W86WB player=PlayerId(0)}: phase_server: game submission processed (lock held) game=5W86WB kind="action" lock_ms=10 ai_actions=0
2026-09-16T00:29:02.699892Z  INFO ws_message:game_session{game=5W86WB player=PlayerId(1)}: server_core::session: action applied game=5W86WB player=PlayerId(1) action_type="PassPriority" event_count=1
2026-09-16T00:29:02.705634Z  INFO ws_message:game_session{game=5W86WB player=PlayerId(1)}: phase_server: game submission processed (lock held) game=5W86WB kind="action" lock_ms=8 ai_actions=0
2026-09-16T00:29:02.955541Z  INFO ws_message:game_session{game=5W86WB player=PlayerId(0)}: server_core::session: action applied game=5W86WB player=PlayerId(0) action_type="PassPriority" event_count=4
2026-09-16T00:29:02.959268Z  INFO ws_message:game_session{game=5W86WB player=PlayerId(0)}: phase_server: game submission processed (lock held) game=5W86WB kind="action" lock_ms=11 ai_actions=0
2026-09-16T00:29:03.203173Z  INFO ws_message:game_session{game=5W86WB player=PlayerId(0)}: server_core::session: action applied game=5W86WB player=PlayerId(0) action_type="PassPriority" event_count=1
2026-09-16T00:29:03.208056Z  INFO ws_message:game_session{game=5W86WB player=PlayerId(0)}: phase_server: game submission processed (lock held) game=5W86WB kind="action" lock_ms=8 ai_actions=0
2026-09-16T00:29:03.456551Z  INFO ws_message:game_session{game=5W86WB player=PlayerId(1)}: server_core::session: action applied game=5W86WB player=PlayerId(1) action_type="PassPriority" event_count=4
2026-09-16T00:29:03.459262Z  INFO ws_message:game_session{game=5W86WB player=PlayerId(1)}: phase_server: game submission processed (lock held) game=5W86WB kind="action" lock_ms=8 ai_actions=0
2026-09-16T00:29:03.705981Z  INFO ws_message:game_session{game=5W86WB player=PlayerId(0)}: server_core::session: action applied game=5W86WB player=PlayerId(0) action_type="PassPriority" event_count=1
2026-09-16T00:29:03.719392Z  INFO ws_message:game_session{game=5W86WB player=PlayerId(0)}: phase_server: game submission processed (lock held) game=5W86WB kind="action" lock_ms=17 ai_actions=0
2026-09-16T00:29:03.958755Z  INFO ws_message:game_session{game=5W86WB player=PlayerId(1)}: server_core::session: action applied game=5W86WB player=PlayerId(1) action_type="PassPriority" event_count=1
2026-09-16T00:29:04.069976Z  INFO ws_message:game_session{game=5W86WB player=PlayerId(1)}: phase_server: game submission processed (lock held) game=5W86WB kind="action" lock_ms=114 ai_actions=0
2026-09-16T00:29:04.462272Z  INFO ws_message:game_session{game=5W86WB player=PlayerId(0)}: server_core::session: action applied game=5W86WB player=PlayerId(0) action_type="PlayLand" event_count=2
2026-09-16T00:29:04.484173Z  INFO ws_message:game_session{game=5W86WB player=PlayerId(0)}: phase_server: game submission processed (lock held) game=5W86WB kind="action" lock_ms=26 ai_actions=0
2026-09-16T00:29:04.717741Z  INFO ws_message:game_session{game=5W86WB player=PlayerId(0)}: server_core::session: action applied game=5W86WB player=PlayerId(0) action_type="CastSpell" event_count=28
2026-09-16T00:29:04.719862Z  INFO ws_message:game_session{game=5W86WB player=PlayerId(0)}: phase_server: game submission processed (lock held) game=5W86WB kind="action" lock_ms=10 ai_actions=0
2026-09-16T00:29:04.964277Z  INFO ws_message:game_session{game=5W86WB player=PlayerId(0)}: server_core::session: action applied game=5W86WB player=PlayerId(0) action_type="PassPriority" event_count=1
2026-09-16T00:29:04.971413Z  INFO ws_message:game_session{game=5W86WB player=PlayerId(0)}: phase_server: game submission processed (lock held) game=5W86WB kind="action" lock_ms=10 ai_actions=0
2026-09-16T00:29:05.217552Z  INFO ws_message:game_session{game=5W86WB player=PlayerId(1)}: server_core::session: action applied game=5W86WB player=PlayerId(1) action_type="PassPriority" event_count=2
2026-09-16T00:29:05.221898Z  INFO ws_message:game_session{game=5W86WB player=PlayerId(1)}: phase_server: game submission processed (lock held) game=5W86WB kind="action" lock_ms=8 ai_actions=0
2026-09-16T00:29:05.468331Z  INFO ws_message:game_session{game=5W86WB player=PlayerId(0)}: server_core::session: action applied game=5W86WB player=PlayerId(0) action_type="PassPriority" event_count=1
2026-09-16T00:29:05.477224Z  INFO ws_message:game_session{game=5W86WB player=PlayerId(0)}: phase_server: game submission processed (lock held) game=5W86WB kind="action" lock_ms=12 ai_actions=0
2026-09-16T00:29:05.720375Z  INFO ws_message:game_session{game=5W86WB player=PlayerId(1)}: server_core::session: action applied game=5W86WB player=PlayerId(1) action_type="PassPriority" event_count=1
2026-09-16T00:29:05.723340Z  INFO ws_message:game_session{game=5W86WB player=PlayerId(1)}: phase_server: game submission processed (lock held) game=5W86WB kind="action" lock_ms=7 ai_actions=0
2026-09-16T00:29:05.970272Z  INFO ws_message:game_session{game=5W86WB player=PlayerId(0)}: server_core::session: action applied game=5W86WB player=PlayerId(0) action_type="PassPriority" event_count=1
2026-09-16T00:29:05.975655Z  INFO ws_message:game_session{game=5W86WB player=PlayerId(0)}: phase_server: game submission processed (lock held) game=5W86WB kind="action" lock_ms=8 ai_actions=0
2026-09-16T00:29:06.220154Z  INFO ws_message:game_session{game=5W86WB player=PlayerId(1)}: server_core::session: action applied game=5W86WB player=PlayerId(1) action_type="PassPriority" event_count=1
2026-09-16T00:29:06.238576Z  INFO ws_message:game_session{game=5W86WB player=PlayerId(1)}: phase_server: game submission processed (lock held) game=5W86WB kind="action" lock_ms=20 ai_actions=0
2026-09-16T00:29:06.474220Z  INFO ws_message:game_session{game=5W86WB player=PlayerId(0)}: server_core::session: action applied game=5W86WB player=PlayerId(0) action_type="DeclareAttackers" event_count=2
2026-09-16T00:29:06.476948Z  INFO ws_message:game_session{game=5W86WB player=PlayerId(0)}: phase_server: game submission processed (lock held) game=5W86WB kind="action" lock_ms=7 ai_actions=0
2026-09-16T00:29:06.724053Z  INFO ws_message:game_session{game=5W86WB player=PlayerId(0)}: server_core::session: action applied game=5W86WB player=PlayerId(0) action_type="PassPriority" event_count=1
2026-09-16T00:29:06.731084Z  INFO ws_message:game_session{game=5W86WB player=PlayerId(0)}: phase_server: game submission processed (lock held) game=5W86WB kind="action" lock_ms=10 ai_actions=0
2026-09-16T00:29:06.977030Z  INFO ws_message:game_session{game=5W86WB player=PlayerId(1)}: server_core::session: action applied game=5W86WB player=PlayerId(1) action_type="PassPriority" event_count=1
2026-09-16T00:29:06.981457Z  INFO ws_message:game_session{game=5W86WB player=PlayerId(1)}: phase_server: game submission processed (lock held) game=5W86WB kind="action" lock_ms=9 ai_actions=0
2026-09-16T00:29:07.226259Z  INFO ws_message:game_session{game=5W86WB player=PlayerId(0)}: server_core::session: action applied game=5W86WB player=PlayerId(0) action_type="PassPriority" event_count=1
2026-09-16T00:29:07.231740Z  INFO ws_message:game_session{game=5W86WB player=PlayerId(0)}: phase_server: game submission processed (lock held) game=5W86WB kind="action" lock_ms=8 ai_actions=0
2026-09-16T00:29:07.481755Z  INFO ws_message:game_session{game=5W86WB player=PlayerId(1)}: server_core::session: action applied game=5W86WB player=PlayerId(1) action_type="PassPriority" event_count=1
2026-09-16T00:29:07.485691Z  INFO ws_message:game_session{game=5W86WB player=PlayerId(1)}: phase_server: game submission processed (lock held) game=5W86WB kind="action" lock_ms=11 ai_actions=0
2026-09-16T00:29:07.728869Z  INFO ws_message:game_session{game=5W86WB player=PlayerId(0)}: server_core::session: action applied game=5W86WB player=PlayerId(0) action_type="PassPriority" event_count=1
2026-09-16T00:29:07.734523Z  INFO ws_message:game_session{game=5W86WB player=PlayerId(0)}: phase_server: game submission processed (lock held) game=5W86WB kind="action" lock_ms=9 ai_actions=0
2026-09-16T00:29:07.984599Z  INFO ws_message:game_session{game=5W86WB player=PlayerId(1)}: server_core::session: action applied game=5W86WB player=PlayerId(1) action_type="PassPriority" event_count=4
2026-09-16T00:29:07.988842Z  INFO ws_message:game_session{game=5W86WB player=PlayerId(1)}: phase_server: game submission processed (lock held) game=5W86WB kind="action" lock_ms=11 ai_actions=0
2026-09-16T00:29:08.232181Z  INFO ws_message:game_session{game=5W86WB player=PlayerId(1)}: server_core::session: action applied game=5W86WB player=PlayerId(1) action_type="PassPriority" event_count=1
2026-09-16T00:29:08.234946Z  INFO ws_message:game_session{game=5W86WB player=PlayerId(1)}: phase_server: game submission processed (lock held) game=5W86WB kind="action" lock_ms=6 ai_actions=0
2026-09-16T00:29:08.485960Z  INFO ws_message:game_session{game=5W86WB player=PlayerId(0)}: server_core::session: action applied game=5W86WB player=PlayerId(0) action_type="PassPriority" event_count=4
2026-09-16T00:29:08.487454Z  INFO ws_message:game_session{game=5W86WB player=PlayerId(0)}: phase_server: game submission processed (lock held) game=5W86WB kind="action" lock_ms=7 ai_actions=0
2026-09-16T00:29:08.734018Z  INFO ws_message:game_session{game=5W86WB player=PlayerId(1)}: server_core::session: action applied game=5W86WB player=PlayerId(1) action_type="PassPriority" event_count=1
2026-09-16T00:29:08.736654Z  INFO ws_message:game_session{game=5W86WB player=PlayerId(1)}: phase_server: game submission processed (lock held) game=5W86WB kind="action" lock_ms=5 ai_actions=0
2026-09-16T00:29:08.986248Z  INFO ws_message:game_session{game=5W86WB player=PlayerId(0)}: server_core::session: action applied game=5W86WB player=PlayerId(0) action_type="PassPriority" event_count=1
2026-09-16T00:29:09.010905Z  INFO ws_message:game_session{game=5W86WB player=PlayerId(0)}: phase_server: game submission processed (lock held) game=5W86WB kind="action" lock_ms=29 ai_actions=0
2026-09-16T00:29:09.238356Z  INFO ws_message:game_session{game=5W86WB player=PlayerId(1)}: server_core::session: action applied game=5W86WB player=PlayerId(1) action_type="PlayLand" event_count=2
2026-09-16T00:29:09.245379Z  INFO ws_message:game_session{game=5W86WB player=PlayerId(1)}: phase_server: game submission processed (lock held) game=5W86WB kind="action" lock_ms=12 ai_actions=0
2026-09-16T00:29:09.489857Z  INFO ws_message:game_session{game=5W86WB player=PlayerId(1)}: server_core::session: action applied game=5W86WB player=PlayerId(1) action_type="PassPriority" event_count=1
2026-09-16T00:29:09.492779Z  INFO ws_message:game_session{game=5W86WB player=PlayerId(1)}: phase_server: game submission processed (lock held) game=5W86WB kind="action" lock_ms=7 ai_actions=0
2026-09-16T00:29:09.739087Z  INFO ws_message:game_session{game=5W86WB player=PlayerId(0)}: server_core::session: action applied game=5W86WB player=PlayerId(0) action_type="PassPriority" event_count=1
2026-09-16T00:29:09.744751Z  INFO ws_message:game_session{game=5W86WB player=PlayerId(0)}: phase_server: game submission processed (lock held) game=5W86WB kind="action" lock_ms=9 ai_actions=0
2026-09-16T00:29:09.990876Z  INFO ws_message:game_session{game=5W86WB player=PlayerId(1)}: server_core::session: action applied game=5W86WB player=PlayerId(1) action_type="PassPriority" event_count=1
2026-09-16T00:29:09.996084Z  INFO ws_message:game_session{game=5W86WB player=PlayerId(1)}: phase_server: game submission processed (lock held) game=5W86WB kind="action" lock_ms=9 ai_actions=0
2026-09-16T00:29:10.239988Z  INFO ws_message:game_session{game=5W86WB player=PlayerId(0)}: server_core::session: action applied game=5W86WB player=PlayerId(0) action_type="PassPriority" event_count=1
2026-09-16T00:29:10.261917Z  INFO ws_message:game_session{game=5W86WB player=PlayerId(0)}: phase_server: game submission processed (lock held) game=5W86WB kind="action" lock_ms=23 ai_actions=0
2026-09-16T00:29:10.556612Z  INFO ws_message:game_session{game=5W86WB player=PlayerId(1)}: server_core::session: action applied game=5W86WB player=PlayerId(1) action_type="DeclareAttackers" event_count=2
2026-09-16T00:29:10.564530Z  INFO ws_message:game_session{game=5W86WB player=PlayerId(1)}: phase_server: game submission processed (lock held) game=5W86WB kind="action" lock_ms=13 ai_actions=0
2026-09-16T00:29:10.806819Z  INFO ws_message:game_session{game=5W86WB player=PlayerId(1)}: server_core::session: action applied game=5W86WB player=PlayerId(1) action_type="PassPriority" event_count=1
2026-09-16T00:29:10.811190Z  INFO ws_message:game_session{game=5W86WB player=PlayerId(1)}: phase_server: game submission processed (lock held) game=5W86WB kind="action" lock_ms=8 ai_actions=0
2026-09-16T00:29:10.994528Z  INFO ws_message:game_session{game=5W86WB player=PlayerId(0)}: server_core::session: action applied game=5W86WB player=PlayerId(0) action_type="PassPriority" event_count=1
2026-09-16T00:29:11.004989Z  INFO ws_message:game_session{game=5W86WB player=PlayerId(0)}: phase_server: game submission processed (lock held) game=5W86WB kind="action" lock_ms=12 ai_actions=0
2026-09-16T00:29:11.246975Z  INFO ws_message:game_session{game=5W86WB player=PlayerId(0)}: server_core::session: action applied game=5W86WB player=PlayerId(0) action_type="DeclareBlockers" event_count=1
2026-09-16T00:29:11.252830Z  INFO ws_message:game_session{game=5W86WB player=PlayerId(0)}: phase_server: game submission processed (lock held) game=5W86WB kind="action" lock_ms=8 ai_actions=0
2026-09-16T00:29:11.306234Z  INFO ws_message:game_session{game=5W86WB player=PlayerId(1)}: server_core::session: action applied game=5W86WB player=PlayerId(1) action_type="PassPriority" event_count=1
2026-09-16T00:29:11.309058Z  INFO ws_message:game_session{game=5W86WB player=PlayerId(1)}: phase_server: game submission processed (lock held) game=5W86WB kind="action" lock_ms=5 ai_actions=0
2026-09-16T00:29:11.502328Z  INFO ws_message:game_session{game=5W86WB player=PlayerId(0)}: server_core::session: action applied game=5W86WB player=PlayerId(0) action_type="PassPriority" event_count=6
2026-09-16T00:29:11.510472Z  INFO ws_message:game_session{game=5W86WB player=PlayerId(0)}: phase_server: game submission processed (lock held) game=5W86WB kind="action" lock_ms=14 ai_actions=0
2026-09-16T00:29:11.814598Z  INFO ws_message:game_session{game=5W86WB player=PlayerId(1)}: server_core::session: action applied game=5W86WB player=PlayerId(1) action_type="PassPriority" event_count=1
2026-09-16T00:29:11.816757Z  INFO ws_message:game_session{game=5W86WB player=PlayerId(1)}: phase_server: game submission processed (lock held) game=5W86WB kind="action" lock_ms=5 ai_actions=0
2026-09-16T00:29:12.064387Z  INFO ws_message:game_session{game=5W86WB player=PlayerId(0)}: server_core::session: action applied game=5W86WB player=PlayerId(0) action_type="PassPriority" event_count=3
2026-09-16T00:29:12.073082Z  INFO ws_message:game_session{game=5W86WB player=PlayerId(0)}: phase_server: game submission processed (lock held) game=5W86WB kind="action" lock_ms=14 ai_actions=0
