2026-09-15T14:53:09.312869Z  INFO ws_message: server_core::session: game session created game=BEN4NG player_count=2
2026-09-15T14:53:09.350510Z  INFO ws_message: phase_server: game created via lobby game=BEN4NG host=P0-conqueror players=2
2026-09-15T14:53:09.425616Z  INFO ws_message: phase_server: JoinGameWithPassword game=BEN4NG joiner=P1-bears
2026-09-15T14:53:09.425983Z  INFO ws_message: server_core::session: player joined session game=BEN4NG player=PlayerId(1) seat=1
2026-09-15T14:53:09.448008Z  INFO ws_message: phase_server: player joined via lobby game=BEN4NG player=PlayerId(1)
2026-09-15T14:53:09.656037Z  WARN phase_server: Full snapshot was no longer current game=BEN4NG disposition=SupersededOrRetired
2026-09-15T14:53:09.894641Z  INFO ws_message:game_session{game=BEN4NG player=PlayerId(0)}: server_core::session: action applied game=BEN4NG player=PlayerId(0) action_type="MulliganDecision" event_count=0
2026-09-15T14:53:09.906930Z  INFO ws_message:game_session{game=BEN4NG player=PlayerId(0)}: phase_server: game submission processed (lock held) game=BEN4NG kind="action" lock_ms=12 ai_actions=0
2026-09-15T14:53:09.986102Z  INFO ws_message:game_session{game=BEN4NG player=PlayerId(1)}: server_core::session: action applied game=BEN4NG player=PlayerId(1) action_type="MulliganDecision" event_count=1
2026-09-15T14:53:09.988039Z  INFO ws_message:game_session{game=BEN4NG player=PlayerId(1)}: phase_server: game submission processed (lock held) game=BEN4NG kind="action" lock_ms=6 ai_actions=0
2026-09-15T14:53:10.145778Z  INFO ws_message:game_session{game=BEN4NG player=PlayerId(0)}: server_core::session: action applied game=BEN4NG player=PlayerId(0) action_type="PassPriority" event_count=1
2026-09-15T14:53:10.148988Z  INFO ws_message:game_session{game=BEN4NG player=PlayerId(0)}: phase_server: game submission processed (lock held) game=BEN4NG kind="action" lock_ms=3 ai_actions=0
2026-09-15T14:53:10.397608Z  INFO ws_message:game_session{game=BEN4NG player=PlayerId(1)}: server_core::session: action applied game=BEN4NG player=PlayerId(1) action_type="PassPriority" event_count=2
2026-09-15T14:53:10.420189Z  INFO ws_message:game_session{game=BEN4NG player=PlayerId(1)}: phase_server: game submission processed (lock held) game=BEN4NG kind="action" lock_ms=23 ai_actions=0
2026-09-15T14:53:10.652318Z  INFO ws_message:game_session{game=BEN4NG player=PlayerId(0)}: server_core::session: action applied game=BEN4NG player=PlayerId(0) action_type="PlayLand" event_count=2
2026-09-15T14:53:10.663428Z  INFO ws_message:game_session{game=BEN4NG player=PlayerId(0)}: phase_server: game submission processed (lock held) game=BEN4NG kind="action" lock_ms=15 ai_actions=0
2026-09-15T14:53:10.899475Z  INFO ws_message:game_session{game=BEN4NG player=PlayerId(0)}: server_core::session: action applied game=BEN4NG player=PlayerId(0) action_type="PassPriority" event_count=1
2026-09-15T14:53:10.901457Z  INFO ws_message:game_session{game=BEN4NG player=PlayerId(0)}: phase_server: game submission processed (lock held) game=BEN4NG kind="action" lock_ms=2 ai_actions=0
2026-09-15T14:53:11.151046Z  INFO ws_message:game_session{game=BEN4NG player=PlayerId(1)}: server_core::session: action applied game=BEN4NG player=PlayerId(1) action_type="PassPriority" event_count=1
2026-09-15T14:53:11.154924Z  INFO ws_message:game_session{game=BEN4NG player=PlayerId(1)}: phase_server: game submission processed (lock held) game=BEN4NG kind="action" lock_ms=5 ai_actions=0
2026-09-15T14:53:11.402003Z  INFO ws_message:game_session{game=BEN4NG player=PlayerId(0)}: server_core::session: action applied game=BEN4NG player=PlayerId(0) action_type="PassPriority" event_count=1
2026-09-15T14:53:11.403946Z  INFO ws_message:game_session{game=BEN4NG player=PlayerId(0)}: phase_server: game submission processed (lock held) game=BEN4NG kind="action" lock_ms=3 ai_actions=0
2026-09-15T14:53:11.656825Z  INFO ws_message:game_session{game=BEN4NG player=PlayerId(1)}: server_core::session: action applied game=BEN4NG player=PlayerId(1) action_type="PassPriority" event_count=3
2026-09-15T14:53:11.660415Z  INFO ws_message:game_session{game=BEN4NG player=PlayerId(1)}: phase_server: game submission processed (lock held) game=BEN4NG kind="action" lock_ms=8 ai_actions=0
2026-09-15T14:53:11.905208Z  INFO ws_message:game_session{game=BEN4NG player=PlayerId(0)}: server_core::session: action applied game=BEN4NG player=PlayerId(0) action_type="PassPriority" event_count=1
2026-09-15T14:53:11.908261Z  INFO ws_message:game_session{game=BEN4NG player=PlayerId(0)}: phase_server: game submission processed (lock held) game=BEN4NG kind="action" lock_ms=4 ai_actions=0
2026-09-15T14:53:12.159636Z  INFO ws_message:game_session{game=BEN4NG player=PlayerId(1)}: server_core::session: action applied game=BEN4NG player=PlayerId(1) action_type="PassPriority" event_count=1
2026-09-15T14:53:12.172295Z  INFO ws_message:game_session{game=BEN4NG player=PlayerId(1)}: phase_server: game submission processed (lock held) game=BEN4NG kind="action" lock_ms=16 ai_actions=0
2026-09-15T14:53:12.407221Z  INFO ws_message:game_session{game=BEN4NG player=PlayerId(0)}: server_core::session: action applied game=BEN4NG player=PlayerId(0) action_type="PassPriority" event_count=1
2026-09-15T14:53:12.409145Z  INFO ws_message:game_session{game=BEN4NG player=PlayerId(0)}: phase_server: game submission processed (lock held) game=BEN4NG kind="action" lock_ms=2 ai_actions=0
2026-09-15T14:53:12.661551Z  INFO ws_message:game_session{game=BEN4NG player=PlayerId(1)}: server_core::session: action applied game=BEN4NG player=PlayerId(1) action_type="PassPriority" event_count=1
2026-09-15T14:53:12.664460Z  INFO ws_message:game_session{game=BEN4NG player=PlayerId(1)}: phase_server: game submission processed (lock held) game=BEN4NG kind="action" lock_ms=7 ai_actions=0
2026-09-15T14:53:12.911241Z  INFO ws_message:game_session{game=BEN4NG player=PlayerId(0)}: server_core::session: action applied game=BEN4NG player=PlayerId(0) action_type="PassPriority" event_count=1
2026-09-15T14:53:12.913061Z  INFO ws_message:game_session{game=BEN4NG player=PlayerId(0)}: phase_server: game submission processed (lock held) game=BEN4NG kind="action" lock_ms=3 ai_actions=0
2026-09-15T14:53:13.165231Z  INFO ws_message:game_session{game=BEN4NG player=PlayerId(1)}: server_core::session: action applied game=BEN4NG player=PlayerId(1) action_type="PassPriority" event_count=4
2026-09-15T14:53:13.166925Z  INFO ws_message:game_session{game=BEN4NG player=PlayerId(1)}: phase_server: game submission processed (lock held) game=BEN4NG kind="action" lock_ms=6 ai_actions=0
2026-09-15T14:53:13.412408Z  INFO ws_message:game_session{game=BEN4NG player=PlayerId(1)}: server_core::session: action applied game=BEN4NG player=PlayerId(1) action_type="PassPriority" event_count=1
2026-09-15T14:53:13.414991Z  INFO ws_message:game_session{game=BEN4NG player=PlayerId(1)}: phase_server: game submission processed (lock held) game=BEN4NG kind="action" lock_ms=3 ai_actions=0
2026-09-15T14:53:13.667560Z  INFO ws_message:game_session{game=BEN4NG player=PlayerId(0)}: server_core::session: action applied game=BEN4NG player=PlayerId(0) action_type="PassPriority" event_count=4
2026-09-15T14:53:13.668867Z  INFO ws_message:game_session{game=BEN4NG player=PlayerId(0)}: phase_server: game submission processed (lock held) game=BEN4NG kind="action" lock_ms=7 ai_actions=0
2026-09-15T14:53:13.914206Z  INFO ws_message:game_session{game=BEN4NG player=PlayerId(1)}: server_core::session: action applied game=BEN4NG player=PlayerId(1) action_type="PassPriority" event_count=1
2026-09-15T14:53:13.917114Z  INFO ws_message:game_session{game=BEN4NG player=PlayerId(1)}: phase_server: game submission processed (lock held) game=BEN4NG kind="action" lock_ms=3 ai_actions=0
2026-09-15T14:53:14.165496Z  INFO ws_message:game_session{game=BEN4NG player=PlayerId(0)}: server_core::session: action applied game=BEN4NG player=PlayerId(0) action_type="PassPriority" event_count=1
2026-09-15T14:53:14.201008Z  INFO ws_message:game_session{game=BEN4NG player=PlayerId(0)}: phase_server: game submission processed (lock held) game=BEN4NG kind="action" lock_ms=36 ai_actions=0
2026-09-15T14:53:14.423879Z  INFO ws_message:game_session{game=BEN4NG player=PlayerId(1)}: server_core::session: action applied game=BEN4NG player=PlayerId(1) action_type="PlayLand" event_count=2
2026-09-15T14:53:14.426774Z  INFO ws_message:game_session{game=BEN4NG player=PlayerId(1)}: phase_server: game submission processed (lock held) game=BEN4NG kind="action" lock_ms=9 ai_actions=0
2026-09-15T14:53:14.671596Z  INFO ws_message:game_session{game=BEN4NG player=PlayerId(1)}: server_core::session: action applied game=BEN4NG player=PlayerId(1) action_type="PassPriority" event_count=1
2026-09-15T14:53:14.674283Z  INFO ws_message:game_session{game=BEN4NG player=PlayerId(1)}: phase_server: game submission processed (lock held) game=BEN4NG kind="action" lock_ms=4 ai_actions=0
2026-09-15T14:53:14.920768Z  INFO ws_message:game_session{game=BEN4NG player=PlayerId(0)}: server_core::session: action applied game=BEN4NG player=PlayerId(0) action_type="PassPriority" event_count=1
2026-09-15T14:53:14.924920Z  INFO ws_message:game_session{game=BEN4NG player=PlayerId(0)}: phase_server: game submission processed (lock held) game=BEN4NG kind="action" lock_ms=5 ai_actions=0
2026-09-15T14:53:15.172881Z  INFO ws_message:game_session{game=BEN4NG player=PlayerId(1)}: server_core::session: action applied game=BEN4NG player=PlayerId(1) action_type="PassPriority" event_count=1
2026-09-15T14:53:15.175807Z  INFO ws_message:game_session{game=BEN4NG player=PlayerId(1)}: phase_server: game submission processed (lock held) game=BEN4NG kind="action" lock_ms=4 ai_actions=0
2026-09-15T14:53:15.426109Z  INFO ws_message:game_session{game=BEN4NG player=PlayerId(0)}: server_core::session: action applied game=BEN4NG player=PlayerId(0) action_type="PassPriority" event_count=3
2026-09-15T14:53:15.428616Z  INFO ws_message:game_session{game=BEN4NG player=PlayerId(0)}: phase_server: game submission processed (lock held) game=BEN4NG kind="action" lock_ms=7 ai_actions=0
2026-09-15T14:53:15.674332Z  INFO ws_message:game_session{game=BEN4NG player=PlayerId(1)}: server_core::session: action applied game=BEN4NG player=PlayerId(1) action_type="PassPriority" event_count=1
2026-09-15T14:53:15.677118Z  INFO ws_message:game_session{game=BEN4NG player=PlayerId(1)}: phase_server: game submission processed (lock held) game=BEN4NG kind="action" lock_ms=4 ai_actions=0
2026-09-15T14:53:15.927683Z  INFO ws_message:game_session{game=BEN4NG player=PlayerId(0)}: server_core::session: action applied game=BEN4NG player=PlayerId(0) action_type="PassPriority" event_count=1
2026-09-15T14:53:15.931334Z  INFO ws_message:game_session{game=BEN4NG player=PlayerId(0)}: phase_server: game submission processed (lock held) game=BEN4NG kind="action" lock_ms=8 ai_actions=0
2026-09-15T14:53:16.176538Z  INFO ws_message:game_session{game=BEN4NG player=PlayerId(1)}: server_core::session: action applied game=BEN4NG player=PlayerId(1) action_type="PassPriority" event_count=1
2026-09-15T14:53:16.179533Z  INFO ws_message:game_session{game=BEN4NG player=PlayerId(1)}: phase_server: game submission processed (lock held) game=BEN4NG kind="action" lock_ms=5 ai_actions=0
2026-09-15T14:53:16.429371Z  INFO ws_message:game_session{game=BEN4NG player=PlayerId(0)}: server_core::session: action applied game=BEN4NG player=PlayerId(0) action_type="PassPriority" event_count=1
2026-09-15T14:53:16.432758Z  INFO ws_message:game_session{game=BEN4NG player=PlayerId(0)}: phase_server: game submission processed (lock held) game=BEN4NG kind="action" lock_ms=7 ai_actions=0
2026-09-15T14:53:16.676859Z  INFO ws_message:game_session{game=BEN4NG player=PlayerId(1)}: server_core::session: action applied game=BEN4NG player=PlayerId(1) action_type="PassPriority" event_count=1
2026-09-15T14:53:16.679889Z  INFO ws_message:game_session{game=BEN4NG player=PlayerId(1)}: phase_server: game submission processed (lock held) game=BEN4NG kind="action" lock_ms=4 ai_actions=0
2026-09-15T14:53:16.931227Z  INFO ws_message:game_session{game=BEN4NG player=PlayerId(0)}: server_core::session: action applied game=BEN4NG player=PlayerId(0) action_type="PassPriority" event_count=4
2026-09-15T14:53:16.932777Z  INFO ws_message:game_session{game=BEN4NG player=PlayerId(0)}: phase_server: game submission processed (lock held) game=BEN4NG kind="action" lock_ms=6 ai_actions=0
2026-09-15T14:53:17.179291Z  INFO ws_message:game_session{game=BEN4NG player=PlayerId(0)}: server_core::session: action applied game=BEN4NG player=PlayerId(0) action_type="PassPriority" event_count=1
2026-09-15T14:53:17.181807Z  INFO ws_message:game_session{game=BEN4NG player=PlayerId(0)}: phase_server: game submission processed (lock held) game=BEN4NG kind="action" lock_ms=3 ai_actions=0
2026-09-15T14:53:17.436366Z  INFO ws_message:game_session{game=BEN4NG player=PlayerId(1)}: server_core::session: action applied game=BEN4NG player=PlayerId(1) action_type="PassPriority" event_count=4
2026-09-15T14:53:17.438873Z  INFO ws_message:game_session{game=BEN4NG player=PlayerId(1)}: phase_server: game submission processed (lock held) game=BEN4NG kind="action" lock_ms=8 ai_actions=0
2026-09-15T14:53:17.681399Z  INFO ws_message:game_session{game=BEN4NG player=PlayerId(0)}: server_core::session: action applied game=BEN4NG player=PlayerId(0) action_type="PassPriority" event_count=1
2026-09-15T14:53:17.684034Z  INFO ws_message:game_session{game=BEN4NG player=PlayerId(0)}: phase_server: game submission processed (lock held) game=BEN4NG kind="action" lock_ms=3 ai_actions=0
2026-09-15T14:53:17.932705Z  INFO ws_message:game_session{game=BEN4NG player=PlayerId(1)}: server_core::session: action applied game=BEN4NG player=PlayerId(1) action_type="PassPriority" event_count=1
2026-09-15T14:53:17.959379Z  INFO ws_message:game_session{game=BEN4NG player=PlayerId(1)}: phase_server: game submission processed (lock held) game=BEN4NG kind="action" lock_ms=27 ai_actions=0
2026-09-15T14:53:18.187069Z  INFO ws_message:game_session{game=BEN4NG player=PlayerId(0)}: server_core::session: action applied game=BEN4NG player=PlayerId(0) action_type="PlayLand" event_count=2
2026-09-15T14:53:18.194391Z  INFO ws_message:game_session{game=BEN4NG player=PlayerId(0)}: phase_server: game submission processed (lock held) game=BEN4NG kind="action" lock_ms=12 ai_actions=0
2026-09-15T14:53:18.516952Z  INFO ws_message:game_session{game=BEN4NG player=PlayerId(0)}: server_core::session: action applied game=BEN4NG player=PlayerId(0) action_type="CastSpell" event_count=12
2026-09-15T14:53:18.518388Z  INFO ws_message:game_session{game=BEN4NG player=PlayerId(0)}: phase_server: game submission processed (lock held) game=BEN4NG kind="action" lock_ms=8 ai_actions=0
2026-09-15T14:53:18.762470Z  INFO ws_message:game_session{game=BEN4NG player=PlayerId(0)}: server_core::session: action applied game=BEN4NG player=PlayerId(0) action_type="PassPriority" event_count=1
2026-09-15T14:53:18.765799Z  INFO ws_message:game_session{game=BEN4NG player=PlayerId(0)}: phase_server: game submission processed (lock held) game=BEN4NG kind="action" lock_ms=4 ai_actions=0
2026-09-15T14:53:18.947832Z  INFO ws_message:game_session{game=BEN4NG player=PlayerId(1)}: server_core::session: action applied game=BEN4NG player=PlayerId(1) action_type="PassPriority" event_count=2
2026-09-15T14:53:18.950585Z  INFO ws_message:game_session{game=BEN4NG player=PlayerId(1)}: phase_server: game submission processed (lock held) game=BEN4NG kind="action" lock_ms=5 ai_actions=0
2026-09-15T14:53:19.013342Z  INFO ws_message:game_session{game=BEN4NG player=PlayerId(0)}: server_core::session: action applied game=BEN4NG player=PlayerId(0) action_type="PassPriority" event_count=1
2026-09-15T14:53:19.015761Z  INFO ws_message:game_session{game=BEN4NG player=PlayerId(0)}: phase_server: game submission processed (lock held) game=BEN4NG kind="action" lock_ms=3 ai_actions=0
2026-09-15T14:53:19.198397Z  INFO ws_message:game_session{game=BEN4NG player=PlayerId(1)}: server_core::session: action applied game=BEN4NG player=PlayerId(1) action_type="PassPriority" event_count=1
2026-09-15T14:53:19.201391Z  INFO ws_message:game_session{game=BEN4NG player=PlayerId(1)}: phase_server: game submission processed (lock held) game=BEN4NG kind="action" lock_ms=5 ai_actions=0
2026-09-15T14:53:19.266343Z  INFO ws_message:game_session{game=BEN4NG player=PlayerId(0)}: server_core::session: action applied game=BEN4NG player=PlayerId(0) action_type="PassPriority" event_count=1
2026-09-15T14:53:19.269396Z  INFO ws_message:game_session{game=BEN4NG player=PlayerId(0)}: phase_server: game submission processed (lock held) game=BEN4NG kind="action" lock_ms=4 ai_actions=0
2026-09-15T14:53:19.453111Z  INFO ws_message:game_session{game=BEN4NG player=PlayerId(1)}: server_core::session: action applied game=BEN4NG player=PlayerId(1) action_type="PassPriority" event_count=3
2026-09-15T14:53:19.455124Z  INFO ws_message:game_session{game=BEN4NG player=PlayerId(1)}: phase_server: game submission processed (lock held) game=BEN4NG kind="action" lock_ms=7 ai_actions=0
2026-09-15T14:53:19.785389Z  INFO ws_message:game_session{game=BEN4NG player=PlayerId(0)}: server_core::session: action applied game=BEN4NG player=PlayerId(0) action_type="PassPriority" event_count=1
2026-09-15T14:53:19.788881Z  INFO ws_message:game_session{game=BEN4NG player=PlayerId(0)}: phase_server: game submission processed (lock held) game=BEN4NG kind="action" lock_ms=4 ai_actions=0
2026-09-15T14:53:19.953759Z  INFO ws_message:game_session{game=BEN4NG player=PlayerId(1)}: server_core::session: action applied game=BEN4NG player=PlayerId(1) action_type="PassPriority" event_count=1
2026-09-15T14:53:19.956389Z  INFO ws_message:game_session{game=BEN4NG player=PlayerId(1)}: phase_server: game submission processed (lock held) game=BEN4NG kind="action" lock_ms=6 ai_actions=0
2026-09-15T14:53:20.036104Z  INFO ws_message:game_session{game=BEN4NG player=PlayerId(0)}: server_core::session: action applied game=BEN4NG player=PlayerId(0) action_type="PassPriority" event_count=1
2026-09-15T14:53:20.039796Z  INFO ws_message:game_session{game=BEN4NG player=PlayerId(0)}: phase_server: game submission processed (lock held) game=BEN4NG kind="action" lock_ms=4 ai_actions=0
2026-09-15T14:53:20.204981Z  INFO ws_message:game_session{game=BEN4NG player=PlayerId(1)}: server_core::session: action applied game=BEN4NG player=PlayerId(1) action_type="PassPriority" event_count=1
2026-09-15T14:53:20.207487Z  INFO ws_message:game_session{game=BEN4NG player=PlayerId(1)}: phase_server: game submission processed (lock held) game=BEN4NG kind="action" lock_ms=7 ai_actions=0
2026-09-15T14:53:20.288370Z  INFO ws_message:game_session{game=BEN4NG player=PlayerId(0)}: server_core::session: action applied game=BEN4NG player=PlayerId(0) action_type="PassPriority" event_count=1
2026-09-15T14:53:20.290996Z  INFO ws_message:game_session{game=BEN4NG player=PlayerId(0)}: phase_server: game submission processed (lock held) game=BEN4NG kind="action" lock_ms=5 ai_actions=0
2026-09-15T14:53:20.456952Z  INFO ws_message:game_session{game=BEN4NG player=PlayerId(1)}: server_core::session: action applied game=BEN4NG player=PlayerId(1) action_type="PassPriority" event_count=4
2026-09-15T14:53:20.458342Z  INFO ws_message:game_session{game=BEN4NG player=PlayerId(1)}: phase_server: game submission processed (lock held) game=BEN4NG kind="action" lock_ms=6 ai_actions=0
2026-09-15T14:53:20.703464Z  INFO ws_message:game_session{game=BEN4NG player=PlayerId(1)}: server_core::session: action applied game=BEN4NG player=PlayerId(1) action_type="PassPriority" event_count=1
2026-09-15T14:53:20.705425Z  INFO ws_message:game_session{game=BEN4NG player=PlayerId(1)}: phase_server: game submission processed (lock held) game=BEN4NG kind="action" lock_ms=3 ai_actions=0
2026-09-15T14:53:20.793081Z  INFO ws_message:game_session{game=BEN4NG player=PlayerId(0)}: server_core::session: action applied game=BEN4NG player=PlayerId(0) action_type="PassPriority" event_count=4
2026-09-15T14:53:20.794661Z  INFO ws_message:game_session{game=BEN4NG player=PlayerId(0)}: phase_server: game submission processed (lock held) game=BEN4NG kind="action" lock_ms=7 ai_actions=0
2026-09-15T14:53:20.954290Z  INFO ws_message:game_session{game=BEN4NG player=PlayerId(1)}: server_core::session: action applied game=BEN4NG player=PlayerId(1) action_type="PassPriority" event_count=1
2026-09-15T14:53:20.956496Z  INFO ws_message:game_session{game=BEN4NG player=PlayerId(1)}: phase_server: game submission processed (lock held) game=BEN4NG kind="action" lock_ms=3 ai_actions=0
2026-09-15T14:53:21.039853Z  INFO ws_message:game_session{game=BEN4NG player=PlayerId(0)}: server_core::session: action applied game=BEN4NG player=PlayerId(0) action_type="PassPriority" event_count=1
2026-09-15T14:53:21.085017Z  INFO ws_message:game_session{game=BEN4NG player=PlayerId(0)}: phase_server: game submission processed (lock held) game=BEN4NG kind="action" lock_ms=46 ai_actions=0
2026-09-15T14:53:21.210503Z  INFO ws_message:game_session{game=BEN4NG player=PlayerId(1)}: server_core::session: action applied game=BEN4NG player=PlayerId(1) action_type="PlayLand" event_count=2
2026-09-15T14:53:21.214996Z  INFO ws_message:game_session{game=BEN4NG player=PlayerId(1)}: phase_server: game submission processed (lock held) game=BEN4NG kind="action" lock_ms=9 ai_actions=0
2026-09-15T14:53:21.458935Z  INFO ws_message:game_session{game=BEN4NG player=PlayerId(1)}: server_core::session: action applied game=BEN4NG player=PlayerId(1) action_type="PassPriority" event_count=1
2026-09-15T14:53:21.460982Z  INFO ws_message:game_session{game=BEN4NG player=PlayerId(1)}: phase_server: game submission processed (lock held) game=BEN4NG kind="action" lock_ms=4 ai_actions=0
2026-09-15T14:53:21.541840Z  INFO ws_message:game_session{game=BEN4NG player=PlayerId(0)}: server_core::session: action applied game=BEN4NG player=PlayerId(0) action_type="PassPriority" event_count=1
2026-09-15T14:53:21.544771Z  INFO ws_message:game_session{game=BEN4NG player=PlayerId(0)}: phase_server: game submission processed (lock held) game=BEN4NG kind="action" lock_ms=4 ai_actions=0
2026-09-15T14:53:21.709817Z  INFO ws_message:game_session{game=BEN4NG player=PlayerId(1)}: server_core::session: action applied game=BEN4NG player=PlayerId(1) action_type="PassPriority" event_count=1
2026-09-15T14:53:21.711734Z  INFO ws_message:game_session{game=BEN4NG player=PlayerId(1)}: phase_server: game submission processed (lock held) game=BEN4NG kind="action" lock_ms=4 ai_actions=0
2026-09-15T14:53:21.796700Z  INFO ws_message:game_session{game=BEN4NG player=PlayerId(0)}: server_core::session: action applied game=BEN4NG player=PlayerId(0) action_type="PassPriority" event_count=3
2026-09-15T14:53:21.799393Z  INFO ws_message:game_session{game=BEN4NG player=PlayerId(0)}: phase_server: game submission processed (lock held) game=BEN4NG kind="action" lock_ms=6 ai_actions=0
2026-09-15T14:53:21.960950Z  INFO ws_message:game_session{game=BEN4NG player=PlayerId(1)}: server_core::session: action applied game=BEN4NG player=PlayerId(1) action_type="PassPriority" event_count=1
2026-09-15T14:53:21.962896Z  INFO ws_message:game_session{game=BEN4NG player=PlayerId(1)}: phase_server: game submission processed (lock held) game=BEN4NG kind="action" lock_ms=4 ai_actions=0
2026-09-15T14:53:22.047709Z  INFO ws_message:game_session{game=BEN4NG player=PlayerId(0)}: server_core::session: action applied game=BEN4NG player=PlayerId(0) action_type="PassPriority" event_count=1
2026-09-15T14:53:22.050371Z  INFO ws_message:game_session{game=BEN4NG player=PlayerId(0)}: phase_server: game submission processed (lock held) game=BEN4NG kind="action" lock_ms=6 ai_actions=0
2026-09-15T14:53:22.212218Z  INFO ws_message:game_session{game=BEN4NG player=PlayerId(1)}: server_core::session: action applied game=BEN4NG player=PlayerId(1) action_type="PassPriority" event_count=1
2026-09-15T14:53:22.214667Z  INFO ws_message:game_session{game=BEN4NG player=PlayerId(1)}: phase_server: game submission processed (lock held) game=BEN4NG kind="action" lock_ms=4 ai_actions=0
2026-09-15T14:53:22.298204Z  INFO ws_message:game_session{game=BEN4NG player=PlayerId(0)}: server_core::session: action applied game=BEN4NG player=PlayerId(0) action_type="PassPriority" event_count=1
2026-09-15T14:53:22.301129Z  INFO ws_message:game_session{game=BEN4NG player=PlayerId(0)}: phase_server: game submission processed (lock held) game=BEN4NG kind="action" lock_ms=6 ai_actions=0
2026-09-15T14:53:22.462367Z  INFO ws_message:game_session{game=BEN4NG player=PlayerId(1)}: server_core::session: action applied game=BEN4NG player=PlayerId(1) action_type="PassPriority" event_count=1
2026-09-15T14:53:22.464578Z  INFO ws_message:game_session{game=BEN4NG player=PlayerId(1)}: phase_server: game submission processed (lock held) game=BEN4NG kind="action" lock_ms=3 ai_actions=0
2026-09-15T14:53:22.551996Z  INFO ws_message:game_session{game=BEN4NG player=PlayerId(0)}: server_core::session: action applied game=BEN4NG player=PlayerId(0) action_type="PassPriority" event_count=6
2026-09-15T14:53:22.554098Z  INFO ws_message:game_session{game=BEN4NG player=PlayerId(0)}: phase_server: game submission processed (lock held) game=BEN4NG kind="action" lock_ms=8 ai_actions=0
2026-09-15T14:53:22.799024Z  INFO ws_message:game_session{game=BEN4NG player=PlayerId(0)}: server_core::session: action applied game=BEN4NG player=PlayerId(0) action_type="PassPriority" event_count=1
2026-09-15T14:53:22.802361Z  INFO ws_message:game_session{game=BEN4NG player=PlayerId(0)}: phase_server: game submission processed (lock held) game=BEN4NG kind="action" lock_ms=5 ai_actions=0
2026-09-15T14:53:22.968696Z  INFO ws_message:game_session{game=BEN4NG player=PlayerId(1)}: server_core::session: action applied game=BEN4NG player=PlayerId(1) action_type="PassPriority" event_count=4
2026-09-15T14:53:22.970294Z  INFO ws_message:game_session{game=BEN4NG player=PlayerId(1)}: phase_server: game submission processed (lock held) game=BEN4NG kind="action" lock_ms=7 ai_actions=0
2026-09-15T14:53:23.051254Z  INFO ws_message:game_session{game=BEN4NG player=PlayerId(0)}: server_core::session: action applied game=BEN4NG player=PlayerId(0) action_type="PassPriority" event_count=1
2026-09-15T14:53:23.055789Z  INFO ws_message:game_session{game=BEN4NG player=PlayerId(0)}: phase_server: game submission processed (lock held) game=BEN4NG kind="action" lock_ms=5 ai_actions=0
2026-09-15T14:53:23.215201Z  INFO ws_message:game_session{game=BEN4NG player=PlayerId(1)}: server_core::session: action applied game=BEN4NG player=PlayerId(1) action_type="PassPriority" event_count=1
2026-09-15T14:53:23.236304Z  INFO ws_message:game_session{game=BEN4NG player=PlayerId(1)}: phase_server: game submission processed (lock held) game=BEN4NG kind="action" lock_ms=22 ai_actions=0
2026-09-15T14:53:23.555759Z  INFO ws_message:game_session{game=BEN4NG player=PlayerId(0)}: server_core::session: action applied game=BEN4NG player=PlayerId(0) action_type="PlayLand" event_count=2
2026-09-15T14:53:23.563435Z  INFO ws_message:game_session{game=BEN4NG player=PlayerId(0)}: phase_server: game submission processed (lock held) game=BEN4NG kind="action" lock_ms=12 ai_actions=0
2026-09-15T14:53:23.804355Z  INFO ws_message:game_session{game=BEN4NG player=PlayerId(0)}: server_core::session: action applied game=BEN4NG player=PlayerId(0) action_type="PassPriority" event_count=1
2026-09-15T14:53:23.807219Z  INFO ws_message:game_session{game=BEN4NG player=PlayerId(0)}: phase_server: game submission processed (lock held) game=BEN4NG kind="action" lock_ms=5 ai_actions=0
2026-09-15T14:53:23.968121Z  INFO ws_message:game_session{game=BEN4NG player=PlayerId(1)}: server_core::session: action applied game=BEN4NG player=PlayerId(1) action_type="PassPriority" event_count=1
2026-09-15T14:53:23.972276Z  INFO ws_message:game_session{game=BEN4NG player=PlayerId(1)}: phase_server: game submission processed (lock held) game=BEN4NG kind="action" lock_ms=5 ai_actions=0
2026-09-15T14:53:24.056096Z  INFO ws_message:game_session{game=BEN4NG player=PlayerId(0)}: server_core::session: action applied game=BEN4NG player=PlayerId(0) action_type="PassPriority" event_count=1
2026-09-15T14:53:24.059166Z  INFO ws_message:game_session{game=BEN4NG player=PlayerId(0)}: phase_server: game submission processed (lock held) game=BEN4NG kind="action" lock_ms=5 ai_actions=0
2026-09-15T14:53:24.218632Z  INFO ws_message:game_session{game=BEN4NG player=PlayerId(1)}: server_core::session: action applied game=BEN4NG player=PlayerId(1) action_type="PassPriority" event_count=1
2026-09-15T14:53:24.228279Z  INFO ws_message:game_session{game=BEN4NG player=PlayerId(1)}: phase_server: game submission processed (lock held) game=BEN4NG kind="action" lock_ms=10 ai_actions=0
2026-09-15T14:53:24.310546Z  INFO ws_message:game_session{game=BEN4NG player=PlayerId(0)}: server_core::session: action applied game=BEN4NG player=PlayerId(0) action_type="DeclareAttackers" event_count=2
2026-09-15T14:53:24.314859Z  INFO ws_message:game_session{game=BEN4NG player=PlayerId(0)}: phase_server: game submission processed (lock held) game=BEN4NG kind="action" lock_ms=10 ai_actions=0
2026-09-15T14:53:24.557326Z  INFO ws_message:game_session{game=BEN4NG player=PlayerId(0)}: server_core::session: action applied game=BEN4NG player=PlayerId(0) action_type="PassPriority" event_count=1
2026-09-15T14:53:24.560294Z  INFO ws_message:game_session{game=BEN4NG player=PlayerId(0)}: phase_server: game submission processed (lock held) game=BEN4NG kind="action" lock_ms=4 ai_actions=0
2026-09-15T14:53:24.725539Z  INFO ws_message:game_session{game=BEN4NG player=PlayerId(1)}: server_core::session: action applied game=BEN4NG player=PlayerId(1) action_type="PassPriority" event_count=1
2026-09-15T14:53:24.732999Z  INFO ws_message:game_session{game=BEN4NG player=PlayerId(1)}: phase_server: game submission processed (lock held) game=BEN4NG kind="action" lock_ms=12 ai_actions=0
2026-09-15T14:53:24.808259Z  INFO ws_message:game_session{game=BEN4NG player=PlayerId(0)}: server_core::session: action applied game=BEN4NG player=PlayerId(0) action_type="PassPriority" event_count=1
2026-09-15T14:53:24.811057Z  INFO ws_message:game_session{game=BEN4NG player=PlayerId(0)}: phase_server: game submission processed (lock held) game=BEN4NG kind="action" lock_ms=3 ai_actions=0
2026-09-15T14:53:24.976133Z  INFO ws_message:game_session{game=BEN4NG player=PlayerId(1)}: server_core::session: action applied game=BEN4NG player=PlayerId(1) action_type="PassPriority" event_count=1
2026-09-15T14:53:24.979755Z  INFO ws_message:game_session{game=BEN4NG player=PlayerId(1)}: phase_server: game submission processed (lock held) game=BEN4NG kind="action" lock_ms=8 ai_actions=0
2026-09-15T14:53:25.060069Z  INFO ws_message:game_session{game=BEN4NG player=PlayerId(0)}: server_core::session: action applied game=BEN4NG player=PlayerId(0) action_type="PassPriority" event_count=1
2026-09-15T14:53:25.062962Z  INFO ws_message:game_session{game=BEN4NG player=PlayerId(0)}: phase_server: game submission processed (lock held) game=BEN4NG kind="action" lock_ms=4 ai_actions=0
2026-09-15T14:53:25.227576Z  INFO ws_message:game_session{game=BEN4NG player=PlayerId(1)}: server_core::session: action applied game=BEN4NG player=PlayerId(1) action_type="PassPriority" event_count=4
2026-09-15T14:53:25.229517Z  INFO ws_message:game_session{game=BEN4NG player=PlayerId(1)}: phase_server: game submission processed (lock held) game=BEN4NG kind="action" lock_ms=7 ai_actions=0
2026-09-15T14:53:25.476123Z  INFO ws_message:game_session{game=BEN4NG player=PlayerId(1)}: server_core::session: action applied game=BEN4NG player=PlayerId(1) action_type="PassPriority" event_count=1
2026-09-15T14:53:25.480083Z  INFO ws_message:game_session{game=BEN4NG player=PlayerId(1)}: phase_server: game submission processed (lock held) game=BEN4NG kind="action" lock_ms=6 ai_actions=0
2026-09-15T14:53:25.564699Z  INFO ws_message:game_session{game=BEN4NG player=PlayerId(0)}: server_core::session: action applied game=BEN4NG player=PlayerId(0) action_type="PassPriority" event_count=4
2026-09-15T14:53:25.566038Z  INFO ws_message:game_session{game=BEN4NG player=PlayerId(0)}: phase_server: game submission processed (lock held) game=BEN4NG kind="action" lock_ms=6 ai_actions=0
2026-09-15T14:53:25.727201Z  INFO ws_message:game_session{game=BEN4NG player=PlayerId(1)}: server_core::session: action applied game=BEN4NG player=PlayerId(1) action_type="PassPriority" event_count=1
2026-09-15T14:53:25.731342Z  INFO ws_message:game_session{game=BEN4NG player=PlayerId(1)}: phase_server: game submission processed (lock held) game=BEN4NG kind="action" lock_ms=5 ai_actions=0
2026-09-15T14:53:25.812108Z  INFO ws_message:game_session{game=BEN4NG player=PlayerId(0)}: server_core::session: action applied game=BEN4NG player=PlayerId(0) action_type="PassPriority" event_count=1
2026-09-15T14:53:25.848899Z  INFO ws_message:game_session{game=BEN4NG player=PlayerId(0)}: phase_server: game submission processed (lock held) game=BEN4NG kind="action" lock_ms=38 ai_actions=0
2026-09-15T14:53:25.980602Z  INFO ws_message:game_session{game=BEN4NG player=PlayerId(1)}: server_core::session: action applied game=BEN4NG player=PlayerId(1) action_type="PlayLand" event_count=2
2026-09-15T14:53:25.984266Z  INFO ws_message:game_session{game=BEN4NG player=PlayerId(1)}: phase_server: game submission processed (lock held) game=BEN4NG kind="action" lock_ms=7 ai_actions=0
2026-09-15T14:53:26.230652Z  INFO ws_message:game_session{game=BEN4NG player=PlayerId(1)}: server_core::session: action applied game=BEN4NG player=PlayerId(1) action_type="PassPriority" event_count=1
2026-09-15T14:53:26.234192Z  INFO ws_message:game_session{game=BEN4NG player=PlayerId(1)}: phase_server: game submission processed (lock held) game=BEN4NG kind="action" lock_ms=6 ai_actions=0
2026-09-15T14:53:26.314033Z  INFO ws_message:game_session{game=BEN4NG player=PlayerId(0)}: server_core::session: action applied game=BEN4NG player=PlayerId(0) action_type="PassPriority" event_count=1
2026-09-15T14:53:26.317460Z  INFO ws_message:game_session{game=BEN4NG player=PlayerId(0)}: phase_server: game submission processed (lock held) game=BEN4NG kind="action" lock_ms=5 ai_actions=0
2026-09-15T14:53:26.482351Z  INFO ws_message:game_session{game=BEN4NG player=PlayerId(1)}: server_core::session: action applied game=BEN4NG player=PlayerId(1) action_type="PassPriority" event_count=1
2026-09-15T14:53:26.485899Z  INFO ws_message:game_session{game=BEN4NG player=PlayerId(1)}: phase_server: game submission processed (lock held) game=BEN4NG kind="action" lock_ms=6 ai_actions=0
2026-09-15T14:53:26.568000Z  INFO ws_message:game_session{game=BEN4NG player=PlayerId(0)}: server_core::session: action applied game=BEN4NG player=PlayerId(0) action_type="PassPriority" event_count=3
2026-09-15T14:53:26.571245Z  INFO ws_message:game_session{game=BEN4NG player=PlayerId(0)}: phase_server: game submission processed (lock held) game=BEN4NG kind="action" lock_ms=7 ai_actions=0
2026-09-15T14:53:26.733483Z  INFO ws_message:game_session{game=BEN4NG player=PlayerId(1)}: server_core::session: action applied game=BEN4NG player=PlayerId(1) action_type="PassPriority" event_count=1
2026-09-15T14:53:26.737008Z  INFO ws_message:game_session{game=BEN4NG player=PlayerId(1)}: phase_server: game submission processed (lock held) game=BEN4NG kind="action" lock_ms=5 ai_actions=0
2026-09-15T14:53:26.818759Z  INFO ws_message:game_session{game=BEN4NG player=PlayerId(0)}: server_core::session: action applied game=BEN4NG player=PlayerId(0) action_type="PassPriority" event_count=1
2026-09-15T14:53:26.822185Z  INFO ws_message:game_session{game=BEN4NG player=PlayerId(0)}: phase_server: game submission processed (lock held) game=BEN4NG kind="action" lock_ms=7 ai_actions=0
2026-09-15T14:53:26.984468Z  INFO ws_message:game_session{game=BEN4NG player=PlayerId(1)}: server_core::session: action applied game=BEN4NG player=PlayerId(1) action_type="PassPriority" event_count=1
2026-09-15T14:53:26.987993Z  INFO ws_message:game_session{game=BEN4NG player=PlayerId(1)}: phase_server: game submission processed (lock held) game=BEN4NG kind="action" lock_ms=5 ai_actions=0
2026-09-15T14:53:27.070695Z  INFO ws_message:game_session{game=BEN4NG player=PlayerId(0)}: server_core::session: action applied game=BEN4NG player=PlayerId(0) action_type="PassPriority" event_count=1
2026-09-15T14:53:27.073770Z  INFO ws_message:game_session{game=BEN4NG player=PlayerId(0)}: phase_server: game submission processed (lock held) game=BEN4NG kind="action" lock_ms=7 ai_actions=0
2026-09-15T14:53:27.235434Z  INFO ws_message:game_session{game=BEN4NG player=PlayerId(1)}: server_core::session: action applied game=BEN4NG player=PlayerId(1) action_type="PassPriority" event_count=1
2026-09-15T14:53:27.238806Z  INFO ws_message:game_session{game=BEN4NG player=PlayerId(1)}: phase_server: game submission processed (lock held) game=BEN4NG kind="action" lock_ms=5 ai_actions=0
2026-09-15T14:53:27.322168Z  INFO ws_message:game_session{game=BEN4NG player=PlayerId(0)}: server_core::session: action applied game=BEN4NG player=PlayerId(0) action_type="PassPriority" event_count=4
2026-09-15T14:53:27.324829Z  INFO ws_message:game_session{game=BEN4NG player=PlayerId(0)}: phase_server: game submission processed (lock held) game=BEN4NG kind="action" lock_ms=7 ai_actions=0
2026-09-15T14:53:27.570773Z  INFO ws_message:game_session{game=BEN4NG player=PlayerId(0)}: server_core::session: action applied game=BEN4NG player=PlayerId(0) action_type="PassPriority" event_count=1
2026-09-15T14:53:27.574147Z  INFO ws_message:game_session{game=BEN4NG player=PlayerId(0)}: phase_server: game submission processed (lock held) game=BEN4NG kind="action" lock_ms=5 ai_actions=0
2026-09-15T14:53:27.741500Z  INFO ws_message:game_session{game=BEN4NG player=PlayerId(1)}: server_core::session: action applied game=BEN4NG player=PlayerId(1) action_type="PassPriority" event_count=4
2026-09-15T14:53:27.743150Z  INFO ws_message:game_session{game=BEN4NG player=PlayerId(1)}: phase_server: game submission processed (lock held) game=BEN4NG kind="action" lock_ms=7 ai_actions=0
2026-09-15T14:53:27.821833Z  INFO ws_message:game_session{game=BEN4NG player=PlayerId(0)}: server_core::session: action applied game=BEN4NG player=PlayerId(0) action_type="PassPriority" event_count=1
2026-09-15T14:53:27.827163Z  INFO ws_message:game_session{game=BEN4NG player=PlayerId(0)}: phase_server: game submission processed (lock held) game=BEN4NG kind="action" lock_ms=6 ai_actions=0
2026-09-15T14:53:27.988790Z  INFO ws_message:game_session{game=BEN4NG player=PlayerId(1)}: server_core::session: action applied game=BEN4NG player=PlayerId(1) action_type="PassPriority" event_count=1
2026-09-15T14:53:28.011942Z  INFO ws_message:game_session{game=BEN4NG player=PlayerId(1)}: phase_server: game submission processed (lock held) game=BEN4NG kind="action" lock_ms=24 ai_actions=0
2026-09-15T14:53:28.326693Z  INFO ws_message:game_session{game=BEN4NG player=PlayerId(0)}: server_core::session: action applied game=BEN4NG player=PlayerId(0) action_type="PlayLand" event_count=2
2026-09-15T14:53:28.334509Z  INFO ws_message:game_session{game=BEN4NG player=PlayerId(0)}: phase_server: game submission processed (lock held) game=BEN4NG kind="action" lock_ms=12 ai_actions=0
2026-09-15T14:53:28.575668Z  INFO ws_message:game_session{game=BEN4NG player=PlayerId(0)}: server_core::session: action applied game=BEN4NG player=PlayerId(0) action_type="PassPriority" event_count=1
2026-09-15T14:53:28.579300Z  INFO ws_message:game_session{game=BEN4NG player=PlayerId(0)}: phase_server: game submission processed (lock held) game=BEN4NG kind="action" lock_ms=6 ai_actions=0
2026-09-15T14:53:28.744600Z  INFO ws_message:game_session{game=BEN4NG player=PlayerId(1)}: server_core::session: action applied game=BEN4NG player=PlayerId(1) action_type="PassPriority" event_count=1
2026-09-15T14:53:28.750955Z  INFO ws_message:game_session{game=BEN4NG player=PlayerId(1)}: phase_server: game submission processed (lock held) game=BEN4NG kind="action" lock_ms=8 ai_actions=0
2026-09-15T14:53:28.825925Z  INFO ws_message:game_session{game=BEN4NG player=PlayerId(0)}: server_core::session: action applied game=BEN4NG player=PlayerId(0) action_type="PassPriority" event_count=1
2026-09-15T14:53:28.829311Z  INFO ws_message:game_session{game=BEN4NG player=PlayerId(0)}: phase_server: game submission processed (lock held) game=BEN4NG kind="action" lock_ms=5 ai_actions=0
2026-09-15T14:53:28.995236Z  INFO ws_message:game_session{game=BEN4NG player=PlayerId(1)}: server_core::session: action applied game=BEN4NG player=PlayerId(1) action_type="PassPriority" event_count=1
2026-09-15T14:53:29.004981Z  INFO ws_message:game_session{game=BEN4NG player=PlayerId(1)}: phase_server: game submission processed (lock held) game=BEN4NG kind="action" lock_ms=10 ai_actions=0
2026-09-15T14:53:29.080018Z  INFO ws_message:game_session{game=BEN4NG player=PlayerId(0)}: server_core::session: action applied game=BEN4NG player=PlayerId(0) action_type="DeclareAttackers" event_count=2
2026-09-15T14:53:29.084270Z  INFO ws_message:game_session{game=BEN4NG player=PlayerId(0)}: phase_server: game submission processed (lock held) game=BEN4NG kind="action" lock_ms=9 ai_actions=0
2026-09-15T14:53:29.328303Z  INFO ws_message:game_session{game=BEN4NG player=PlayerId(0)}: server_core::session: action applied game=BEN4NG player=PlayerId(0) action_type="PassPriority" event_count=1
2026-09-15T14:53:29.332010Z  INFO ws_message:game_session{game=BEN4NG player=PlayerId(0)}: phase_server: game submission processed (lock held) game=BEN4NG kind="action" lock_ms=5 ai_actions=0
2026-09-15T14:53:29.501177Z  INFO ws_message:game_session{game=BEN4NG player=PlayerId(1)}: server_core::session: action applied game=BEN4NG player=PlayerId(1) action_type="PassPriority" event_count=1
2026-09-15T14:53:29.508838Z  INFO ws_message:game_session{game=BEN4NG player=PlayerId(1)}: phase_server: game submission processed (lock held) game=BEN4NG kind="action" lock_ms=12 ai_actions=0
2026-09-15T14:53:29.833399Z  INFO ws_message:game_session{game=BEN4NG player=PlayerId(0)}: server_core::session: action applied game=BEN4NG player=PlayerId(0) action_type="PassPriority" event_count=1
2026-09-15T14:53:29.837566Z  INFO ws_message:game_session{game=BEN4NG player=PlayerId(0)}: phase_server: game submission processed (lock held) game=BEN4NG kind="action" lock_ms=6 ai_actions=0
2026-09-15T14:53:30.002355Z  INFO ws_message:game_session{game=BEN4NG player=PlayerId(1)}: server_core::session: action applied game=BEN4NG player=PlayerId(1) action_type="PassPriority" event_count=1
2026-09-15T14:53:30.006560Z  INFO ws_message:game_session{game=BEN4NG player=PlayerId(1)}: phase_server: game submission processed (lock held) game=BEN4NG kind="action" lock_ms=9 ai_actions=0
2026-09-15T14:53:30.253891Z  INFO ws_message:game_session{game=BEN4NG player=PlayerId(0)}: server_core::session: action applied game=BEN4NG player=PlayerId(0) action_type="PassPriority" event_count=1
2026-09-15T14:53:30.259158Z  INFO ws_message:game_session{game=BEN4NG player=PlayerId(0)}: phase_server: game submission processed (lock held) game=BEN4NG kind="action" lock_ms=7 ai_actions=0
2026-09-15T14:53:30.508276Z  INFO ws_message:game_session{game=BEN4NG player=PlayerId(1)}: server_core::session: action applied game=BEN4NG player=PlayerId(1) action_type="PassPriority" event_count=4
2026-09-15T14:53:30.510804Z  INFO ws_message:game_session{game=BEN4NG player=PlayerId(1)}: phase_server: game submission processed (lock held) game=BEN4NG kind="action" lock_ms=7 ai_actions=0
2026-09-15T14:53:30.757065Z  INFO ws_message:game_session{game=BEN4NG player=PlayerId(1)}: server_core::session: action applied game=BEN4NG player=PlayerId(1) action_type="PassPriority" event_count=1
2026-09-15T14:53:30.761056Z  INFO ws_message:game_session{game=BEN4NG player=PlayerId(1)}: phase_server: game submission processed (lock held) game=BEN4NG kind="action" lock_ms=6 ai_actions=0
2026-09-15T14:53:31.010735Z  INFO ws_message:game_session{game=BEN4NG player=PlayerId(0)}: server_core::session: action applied game=BEN4NG player=PlayerId(0) action_type="PassPriority" event_count=4
2026-09-15T14:53:31.012339Z  INFO ws_message:game_session{game=BEN4NG player=PlayerId(0)}: phase_server: game submission processed (lock held) game=BEN4NG kind="action" lock_ms=6 ai_actions=0
2026-09-15T14:53:31.258807Z  INFO ws_message:game_session{game=BEN4NG player=PlayerId(1)}: server_core::session: action applied game=BEN4NG player=PlayerId(1) action_type="PassPriority" event_count=1
2026-09-15T14:53:31.263135Z  INFO ws_message:game_session{game=BEN4NG player=PlayerId(1)}: phase_server: game submission processed (lock held) game=BEN4NG kind="action" lock_ms=6 ai_actions=0
2026-09-15T14:53:31.509475Z  INFO ws_message:game_session{game=BEN4NG player=PlayerId(0)}: server_core::session: action applied game=BEN4NG player=PlayerId(0) action_type="PassPriority" event_count=1
2026-09-15T14:53:31.544873Z  INFO ws_message:game_session{game=BEN4NG player=PlayerId(0)}: phase_server: game submission processed (lock held) game=BEN4NG kind="action" lock_ms=37 ai_actions=0
2026-09-15T14:53:31.763749Z  INFO ws_message:game_session{game=BEN4NG player=PlayerId(1)}: server_core::session: action applied game=BEN4NG player=PlayerId(1) action_type="PlayLand" event_count=2
2026-09-15T14:53:31.768151Z  INFO ws_message:game_session{game=BEN4NG player=PlayerId(1)}: phase_server: game submission processed (lock held) game=BEN4NG kind="action" lock_ms=9 ai_actions=0
2026-09-15T14:53:32.016872Z  INFO ws_message:game_session{game=BEN4NG player=PlayerId(1)}: server_core::session: action applied game=BEN4NG player=PlayerId(1) action_type="CastSpell" event_count=12
2026-09-15T14:53:32.018146Z  INFO ws_message:game_session{game=BEN4NG player=PlayerId(1)}: phase_server: game submission processed (lock held) game=BEN4NG kind="action" lock_ms=8 ai_actions=0
2026-09-15T14:53:32.262549Z  INFO ws_message:game_session{game=BEN4NG player=PlayerId(1)}: server_core::session: action applied game=BEN4NG player=PlayerId(1) action_type="PassPriority" event_count=1
2026-09-15T14:53:32.267628Z  INFO ws_message:game_session{game=BEN4NG player=PlayerId(1)}: phase_server: game submission processed (lock held) game=BEN4NG kind="action" lock_ms=7 ai_actions=0
2026-09-15T14:53:32.517136Z  INFO ws_message:game_session{game=BEN4NG player=PlayerId(0)}: server_core::session: action applied game=BEN4NG player=PlayerId(0) action_type="PassPriority" event_count=2
2026-09-15T14:53:32.520830Z  INFO ws_message:game_session{game=BEN4NG player=PlayerId(0)}: phase_server: game submission processed (lock held) game=BEN4NG kind="action" lock_ms=9 ai_actions=0
2026-09-15T14:53:32.764623Z  INFO ws_message:game_session{game=BEN4NG player=PlayerId(1)}: server_core::session: action applied game=BEN4NG player=PlayerId(1) action_type="PassPriority" event_count=1
2026-09-15T14:53:32.766369Z  INFO ws_message:game_session{game=BEN4NG player=PlayerId(1)}: phase_server: game submission processed (lock held) game=BEN4NG kind="action" lock_ms=3 ai_actions=0
2026-09-15T14:53:33.016945Z  INFO ws_message:game_session{game=BEN4NG player=PlayerId(0)}: server_core::session: action applied game=BEN4NG player=PlayerId(0) action_type="PassPriority" event_count=1
2026-09-15T14:53:33.032967Z  INFO ws_message:game_session{game=BEN4NG player=PlayerId(0)}: phase_server: game submission processed (lock held) game=BEN4NG kind="action" lock_ms=18 ai_actions=0
2026-09-15T14:53:33.288642Z  INFO ws_message:game_session{game=BEN4NG player=PlayerId(1)}: server_core::session: interaction applied game=BEN4NG player=PlayerId(1) action_type="DecideOptionalEffect" event_count=2
2026-09-15T14:53:33.292107Z  INFO ws_message:game_session{game=BEN4NG player=PlayerId(1)}: phase_server: game submission processed (lock held) game=BEN4NG kind="interaction" lock_ms=25 ai_actions=0
2026-09-15T14:53:33.581134Z  INFO ws_message:game_session{game=BEN4NG player=PlayerId(1)}: server_core::session: action applied game=BEN4NG player=PlayerId(1) action_type="PassPriority" event_count=1
2026-09-15T14:53:33.585945Z  INFO ws_message:game_session{game=BEN4NG player=PlayerId(1)}: phase_server: game submission processed (lock held) game=BEN4NG kind="action" lock_ms=7 ai_actions=0
2026-09-15T14:53:33.897519Z  INFO ws_message:game_session{game=BEN4NG player=PlayerId(0)}: server_core::session: action applied game=BEN4NG player=PlayerId(0) action_type="PassPriority" event_count=1
2026-09-15T14:53:33.903212Z  INFO ws_message:game_session{game=BEN4NG player=PlayerId(0)}: phase_server: game submission processed (lock held) game=BEN4NG kind="action" lock_ms=7 ai_actions=0
2026-09-15T14:53:34.047691Z  INFO ws_message:game_session{game=BEN4NG player=PlayerId(1)}: server_core::session: action applied game=BEN4NG player=PlayerId(1) action_type="PassPriority" event_count=1
2026-09-15T14:53:34.052461Z  INFO ws_message:game_session{game=BEN4NG player=PlayerId(1)}: phase_server: game submission processed (lock held) game=BEN4NG kind="action" lock_ms=7 ai_actions=0
2026-09-15T14:53:34.151251Z  INFO ws_message:game_session{game=BEN4NG player=PlayerId(0)}: server_core::session: action applied game=BEN4NG player=PlayerId(0) action_type="PassPriority" event_count=3
2026-09-15T14:53:34.156409Z  INFO ws_message:game_session{game=BEN4NG player=PlayerId(0)}: phase_server: game submission processed (lock held) game=BEN4NG kind="action" lock_ms=10 ai_actions=0
2026-09-15T14:53:34.299107Z  INFO ws_message:game_session{game=BEN4NG player=PlayerId(1)}: server_core::session: action applied game=BEN4NG player=PlayerId(1) action_type="PassPriority" event_count=1
2026-09-15T14:53:34.303813Z  INFO ws_message:game_session{game=BEN4NG player=PlayerId(1)}: phase_server: game submission processed (lock held) game=BEN4NG kind="action" lock_ms=7 ai_actions=0
2026-09-15T14:53:34.403026Z  INFO ws_message:game_session{game=BEN4NG player=PlayerId(0)}: server_core::session: action applied game=BEN4NG player=PlayerId(0) action_type="PassPriority" event_count=1
2026-09-15T14:53:34.406830Z  INFO ws_message:game_session{game=BEN4NG player=PlayerId(0)}: phase_server: game submission processed (lock held) game=BEN4NG kind="action" lock_ms=9 ai_actions=0
2026-09-15T14:53:34.551432Z  INFO ws_message:game_session{game=BEN4NG player=PlayerId(1)}: server_core::session: action applied game=BEN4NG player=PlayerId(1) action_type="PassPriority" event_count=1
2026-09-15T14:53:34.556471Z  INFO ws_message:game_session{game=BEN4NG player=PlayerId(1)}: phase_server: game submission processed (lock held) game=BEN4NG kind="action" lock_ms=8 ai_actions=0
2026-09-15T14:53:34.653260Z  INFO ws_message:game_session{game=BEN4NG player=PlayerId(0)}: server_core::session: action applied game=BEN4NG player=PlayerId(0) action_type="PassPriority" event_count=1
2026-09-15T14:53:34.656539Z  INFO ws_message:game_session{game=BEN4NG player=PlayerId(0)}: phase_server: game submission processed (lock held) game=BEN4NG kind="action" lock_ms=8 ai_actions=0
2026-09-15T14:53:34.802978Z  INFO ws_message:game_session{game=BEN4NG player=PlayerId(1)}: server_core::session: action applied game=BEN4NG player=PlayerId(1) action_type="PassPriority" event_count=1
2026-09-15T14:53:34.807843Z  INFO ws_message:game_session{game=BEN4NG player=PlayerId(1)}: phase_server: game submission processed (lock held) game=BEN4NG kind="action" lock_ms=8 ai_actions=0
2026-09-15T14:53:34.906676Z  INFO ws_message:game_session{game=BEN4NG player=PlayerId(0)}: server_core::session: action applied game=BEN4NG player=PlayerId(0) action_type="PassPriority" event_count=4
2026-09-15T14:53:34.909307Z  INFO ws_message:game_session{game=BEN4NG player=PlayerId(0)}: phase_server: game submission processed (lock held) game=BEN4NG kind="action" lock_ms=9 ai_actions=0
2026-09-15T14:53:35.157397Z  INFO ws_message:game_session{game=BEN4NG player=PlayerId(0)}: server_core::session: action applied game=BEN4NG player=PlayerId(0) action_type="PassPriority" event_count=1
2026-09-15T14:53:35.160417Z  INFO ws_message:game_session{game=BEN4NG player=PlayerId(0)}: phase_server: game submission processed (lock held) game=BEN4NG kind="action" lock_ms=4 ai_actions=0
2026-09-15T14:53:35.308078Z  INFO ws_message:game_session{game=BEN4NG player=PlayerId(1)}: server_core::session: action applied game=BEN4NG player=PlayerId(1) action_type="PassPriority" event_count=4
2026-09-15T14:53:35.309842Z  INFO ws_message:game_session{game=BEN4NG player=PlayerId(1)}: phase_server: game submission processed (lock held) game=BEN4NG kind="action" lock_ms=7 ai_actions=0
2026-09-15T14:53:35.409019Z  INFO ws_message:game_session{game=BEN4NG player=PlayerId(0)}: server_core::session: action applied game=BEN4NG player=PlayerId(0) action_type="PassPriority" event_count=1
2026-09-15T14:53:35.412367Z  INFO ws_message:game_session{game=BEN4NG player=PlayerId(0)}: phase_server: game submission processed (lock held) game=BEN4NG kind="action" lock_ms=5 ai_actions=0
2026-09-15T14:53:35.556375Z  INFO ws_message:game_session{game=BEN4NG player=PlayerId(1)}: server_core::session: action applied game=BEN4NG player=PlayerId(1) action_type="PassPriority" event_count=1
2026-09-15T14:53:35.577740Z  INFO ws_message:game_session{game=BEN4NG player=PlayerId(1)}: phase_server: game submission processed (lock held) game=BEN4NG kind="action" lock_ms=23 ai_actions=0
2026-09-15T14:53:35.664263Z  INFO ws_message:game_session{game=BEN4NG player=PlayerId(0)}: server_core::session: action applied game=BEN4NG player=PlayerId(0) action_type="PlayLand" event_count=2
2026-09-15T14:53:35.674835Z  INFO ws_message:game_session{game=BEN4NG player=PlayerId(0)}: phase_server: game submission processed (lock held) game=BEN4NG kind="action" lock_ms=15 ai_actions=0
2026-09-15T14:53:35.914023Z  INFO ws_message:game_session{game=BEN4NG player=PlayerId(0)}: server_core::session: action applied game=BEN4NG player=PlayerId(0) action_type="PassPriority" event_count=1
2026-09-15T14:53:35.919231Z  INFO ws_message:game_session{game=BEN4NG player=PlayerId(0)}: phase_server: game submission processed (lock held) game=BEN4NG kind="action" lock_ms=8 ai_actions=0
2026-09-15T14:53:36.058078Z  INFO ws_message:game_session{game=BEN4NG player=PlayerId(1)}: server_core::session: action applied game=BEN4NG player=PlayerId(1) action_type="PassPriority" event_count=1
2026-09-15T14:53:36.062677Z  INFO ws_message:game_session{game=BEN4NG player=PlayerId(1)}: phase_server: game submission processed (lock held) game=BEN4NG kind="action" lock_ms=6 ai_actions=0
2026-09-15T14:53:36.164937Z  INFO ws_message:game_session{game=BEN4NG player=PlayerId(0)}: server_core::session: action applied game=BEN4NG player=PlayerId(0) action_type="PassPriority" event_count=1
2026-09-15T14:53:36.168934Z  INFO ws_message:game_session{game=BEN4NG player=PlayerId(0)}: phase_server: game submission processed (lock held) game=BEN4NG kind="action" lock_ms=6 ai_actions=0
2026-09-15T14:53:36.307701Z  INFO ws_message:game_session{game=BEN4NG player=PlayerId(1)}: server_core::session: action applied game=BEN4NG player=PlayerId(1) action_type="PassPriority" event_count=1
2026-09-15T14:53:36.317410Z  INFO ws_message:game_session{game=BEN4NG player=PlayerId(1)}: phase_server: game submission processed (lock held) game=BEN4NG kind="action" lock_ms=10 ai_actions=0
2026-09-15T14:53:36.419397Z  INFO ws_message:game_session{game=BEN4NG player=PlayerId(0)}: server_core::session: action applied game=BEN4NG player=PlayerId(0) action_type="DeclareAttackers" event_count=2
2026-09-15T14:53:36.425921Z  INFO ws_message:game_session{game=BEN4NG player=PlayerId(0)}: phase_server: game submission processed (lock held) game=BEN4NG kind="action" lock_ms=12 ai_actions=0
2026-09-15T14:53:36.666543Z  INFO ws_message:game_session{game=BEN4NG player=PlayerId(0)}: server_core::session: action applied game=BEN4NG player=PlayerId(0) action_type="PassPriority" event_count=1
2026-09-15T14:53:36.669333Z  INFO ws_message:game_session{game=BEN4NG player=PlayerId(0)}: phase_server: game submission processed (lock held) game=BEN4NG kind="action" lock_ms=4 ai_actions=0
2026-09-15T14:53:36.814041Z  INFO ws_message:game_session{game=BEN4NG player=PlayerId(1)}: server_core::session: action applied game=BEN4NG player=PlayerId(1) action_type="PassPriority" event_count=1
2026-09-15T14:53:36.821647Z  INFO ws_message:game_session{game=BEN4NG player=PlayerId(1)}: phase_server: game submission processed (lock held) game=BEN4NG kind="action" lock_ms=13 ai_actions=0
2026-09-15T14:53:36.917034Z  INFO ws_message:game_session{game=BEN4NG player=PlayerId(0)}: server_core::session: action applied game=BEN4NG player=PlayerId(0) action_type="PassPriority" event_count=1
2026-09-15T14:53:36.919783Z  INFO ws_message:game_session{game=BEN4NG player=PlayerId(0)}: phase_server: game submission processed (lock held) game=BEN4NG kind="action" lock_ms=4 ai_actions=0
2026-09-15T14:53:37.064161Z  INFO ws_message:game_session{game=BEN4NG player=PlayerId(1)}: server_core::session: action applied game=BEN4NG player=PlayerId(1) action_type="PassPriority" event_count=1
2026-09-15T14:53:37.068488Z  INFO ws_message:game_session{game=BEN4NG player=PlayerId(1)}: phase_server: game submission processed (lock held) game=BEN4NG kind="action" lock_ms=9 ai_actions=0
2026-09-15T14:53:37.168511Z  INFO ws_message:game_session{game=BEN4NG player=PlayerId(0)}: server_core::session: action applied game=BEN4NG player=PlayerId(0) action_type="PassPriority" event_count=1
2026-09-15T14:53:37.171386Z  INFO ws_message:game_session{game=BEN4NG player=PlayerId(0)}: phase_server: game submission processed (lock held) game=BEN4NG kind="action" lock_ms=4 ai_actions=0
2026-09-15T14:53:37.315631Z  INFO ws_message:game_session{game=BEN4NG player=PlayerId(1)}: server_core::session: action applied game=BEN4NG player=PlayerId(1) action_type="PassPriority" event_count=7
2026-09-15T14:53:37.318208Z  INFO ws_message:game_session{game=BEN4NG player=PlayerId(1)}: phase_server: game submission processed (lock held) game=BEN4NG kind="action" lock_ms=7 ai_actions=0
2026-09-15T14:53:37.565506Z  INFO ws_message:game_session{game=BEN4NG player=PlayerId(1)}: server_core::session: action applied game=BEN4NG player=PlayerId(1) action_type="PassPriority" event_count=1
2026-09-15T14:53:37.569919Z  INFO ws_message:game_session{game=BEN4NG player=PlayerId(1)}: phase_server: game submission processed (lock held) game=BEN4NG kind="action" lock_ms=7 ai_actions=0
2026-09-15T14:53:37.674167Z  INFO ws_message:game_session{game=BEN4NG player=PlayerId(0)}: server_core::session: action applied game=BEN4NG player=PlayerId(0) action_type="PassPriority" event_count=4
2026-09-15T14:53:37.675723Z  INFO ws_message:game_session{game=BEN4NG player=PlayerId(0)}: phase_server: game submission processed (lock held) game=BEN4NG kind="action" lock_ms=6 ai_actions=0
2026-09-15T14:53:37.815769Z  INFO ws_message:game_session{game=BEN4NG player=PlayerId(1)}: server_core::session: action applied game=BEN4NG player=PlayerId(1) action_type="PassPriority" event_count=1
2026-09-15T14:53:37.820233Z  INFO ws_message:game_session{game=BEN4NG player=PlayerId(1)}: phase_server: game submission processed (lock held) game=BEN4NG kind="action" lock_ms=6 ai_actions=0
2026-09-15T14:53:37.922051Z  INFO ws_message:game_session{game=BEN4NG player=PlayerId(0)}: server_core::session: action applied game=BEN4NG player=PlayerId(0) action_type="PassPriority" event_count=1
2026-09-15T14:53:37.954646Z  INFO ws_message:game_session{game=BEN4NG player=PlayerId(0)}: phase_server: game submission processed (lock held) game=BEN4NG kind="action" lock_ms=34 ai_actions=0
2026-09-15T14:53:38.321670Z  INFO ws_message:game_session{game=BEN4NG player=PlayerId(1)}: server_core::session: action applied game=BEN4NG player=PlayerId(1) action_type="PlayLand" event_count=2
2026-09-15T14:53:38.325698Z  INFO ws_message:game_session{game=BEN4NG player=PlayerId(1)}: phase_server: game submission processed (lock held) game=BEN4NG kind="action" lock_ms=8 ai_actions=0
2026-09-15T14:53:38.571004Z  INFO ws_message:game_session{game=BEN4NG player=PlayerId(1)}: server_core::session: action applied game=BEN4NG player=PlayerId(1) action_type="PassPriority" event_count=1
2026-09-15T14:53:38.575394Z  INFO ws_message:game_session{game=BEN4NG player=PlayerId(1)}: phase_server: game submission processed (lock held) game=BEN4NG kind="action" lock_ms=7 ai_actions=0
2026-09-15T14:53:38.674829Z  INFO ws_message:game_session{game=BEN4NG player=PlayerId(0)}: server_core::session: action applied game=BEN4NG player=PlayerId(0) action_type="PassPriority" event_count=1
2026-09-15T14:53:38.678719Z  INFO ws_message:game_session{game=BEN4NG player=PlayerId(0)}: phase_server: game submission processed (lock held) game=BEN4NG kind="action" lock_ms=6 ai_actions=0
2026-09-15T14:53:38.822012Z  INFO ws_message:game_session{game=BEN4NG player=PlayerId(1)}: server_core::session: action applied game=BEN4NG player=PlayerId(1) action_type="PassPriority" event_count=1
2026-09-15T14:53:38.826493Z  INFO ws_message:game_session{game=BEN4NG player=PlayerId(1)}: phase_server: game submission processed (lock held) game=BEN4NG kind="action" lock_ms=7 ai_actions=0
2026-09-15T14:53:38.924607Z  INFO ws_message:game_session{game=BEN4NG player=PlayerId(0)}: server_core::session: action applied game=BEN4NG player=PlayerId(0) action_type="PassPriority" event_count=1
2026-09-15T14:53:38.934284Z  INFO ws_message:game_session{game=BEN4NG player=PlayerId(0)}: phase_server: game submission processed (lock held) game=BEN4NG kind="action" lock_ms=10 ai_actions=0
2026-09-15T14:53:39.075568Z  INFO ws_message:game_session{game=BEN4NG player=PlayerId(1)}: server_core::session: action applied game=BEN4NG player=PlayerId(1) action_type="DeclareAttackers" event_count=2
2026-09-15T14:53:39.079711Z  INFO ws_message:game_session{game=BEN4NG player=PlayerId(1)}: phase_server: game submission processed (lock held) game=BEN4NG kind="action" lock_ms=9 ai_actions=0
2026-09-15T14:53:39.323302Z  INFO ws_message:game_session{game=BEN4NG player=PlayerId(1)}: server_core::session: action applied game=BEN4NG player=PlayerId(1) action_type="PassPriority" event_count=1
2026-09-15T14:53:39.328124Z  INFO ws_message:game_session{game=BEN4NG player=PlayerId(1)}: phase_server: game submission processed (lock held) game=BEN4NG kind="action" lock_ms=7 ai_actions=0
2026-09-15T14:53:39.432300Z  INFO ws_message:game_session{game=BEN4NG player=PlayerId(0)}: server_core::session: action applied game=BEN4NG player=PlayerId(0) action_type="PassPriority" event_count=1
2026-09-15T14:53:39.436718Z  INFO ws_message:game_session{game=BEN4NG player=PlayerId(0)}: phase_server: game submission processed (lock held) game=BEN4NG kind="action" lock_ms=10 ai_actions=0
2026-09-15T14:53:39.574469Z  INFO ws_message:game_session{game=BEN4NG player=PlayerId(1)}: server_core::session: action applied game=BEN4NG player=PlayerId(1) action_type="PassPriority" event_count=1
2026-09-15T14:53:39.579021Z  INFO ws_message:game_session{game=BEN4NG player=PlayerId(1)}: phase_server: game submission processed (lock held) game=BEN4NG kind="action" lock_ms=6 ai_actions=0
2026-09-15T14:53:39.681532Z  INFO ws_message:game_session{game=BEN4NG player=PlayerId(0)}: server_core::session: action applied game=BEN4NG player=PlayerId(0) action_type="PassPriority" event_count=1
2026-09-15T14:53:39.687608Z  INFO ws_message:game_session{game=BEN4NG player=PlayerId(0)}: phase_server: game submission processed (lock held) game=BEN4NG kind="action" lock_ms=10 ai_actions=0
2026-09-15T14:53:39.826223Z  INFO ws_message:game_session{game=BEN4NG player=PlayerId(1)}: server_core::session: action applied game=BEN4NG player=PlayerId(1) action_type="PassPriority" event_count=1
2026-09-15T14:53:39.830755Z  INFO ws_message:game_session{game=BEN4NG player=PlayerId(1)}: phase_server: game submission processed (lock held) game=BEN4NG kind="action" lock_ms=6 ai_actions=0
2026-09-15T14:53:39.932524Z  INFO ws_message:game_session{game=BEN4NG player=PlayerId(0)}: server_core::session: action applied game=BEN4NG player=PlayerId(0) action_type="PassPriority" event_count=4
2026-09-15T14:53:39.935524Z  INFO ws_message:game_session{game=BEN4NG player=PlayerId(0)}: phase_server: game submission processed (lock held) game=BEN4NG kind="action" lock_ms=8 ai_actions=0
2026-09-15T14:53:40.182654Z  INFO ws_message:game_session{game=BEN4NG player=PlayerId(0)}: server_core::session: action applied game=BEN4NG player=PlayerId(0) action_type="PassPriority" event_count=1
2026-09-15T14:53:40.186933Z  INFO ws_message:game_session{game=BEN4NG player=PlayerId(0)}: phase_server: game submission processed (lock held) game=BEN4NG kind="action" lock_ms=7 ai_actions=0
2026-09-15T14:53:40.331351Z  INFO ws_message:game_session{game=BEN4NG player=PlayerId(1)}: server_core::session: action applied game=BEN4NG player=PlayerId(1) action_type="PassPriority" event_count=4
2026-09-15T14:53:40.333372Z  INFO ws_message:game_session{game=BEN4NG player=PlayerId(1)}: phase_server: game submission processed (lock held) game=BEN4NG kind="action" lock_ms=7 ai_actions=0
2026-09-15T14:53:40.432851Z  INFO ws_message:game_session{game=BEN4NG player=PlayerId(0)}: server_core::session: action applied game=BEN4NG player=PlayerId(0) action_type="PassPriority" event_count=1
2026-09-15T14:53:40.439819Z  INFO ws_message:game_session{game=BEN4NG player=PlayerId(0)}: phase_server: game submission processed (lock held) game=BEN4NG kind="action" lock_ms=8 ai_actions=0
2026-09-15T14:53:40.579394Z  INFO ws_message:game_session{game=BEN4NG player=PlayerId(1)}: server_core::session: action applied game=BEN4NG player=PlayerId(1) action_type="PassPriority" event_count=1
2026-09-15T14:53:40.602362Z  INFO ws_message:game_session{game=BEN4NG player=PlayerId(1)}: phase_server: game submission processed (lock held) game=BEN4NG kind="action" lock_ms=25 ai_actions=0
2026-09-15T14:53:40.938946Z  INFO ws_message:game_session{game=BEN4NG player=PlayerId(0)}: server_core::session: action applied game=BEN4NG player=PlayerId(0) action_type="PlayLand" event_count=2
2026-09-15T14:53:40.946752Z  INFO ws_message:game_session{game=BEN4NG player=PlayerId(0)}: phase_server: game submission processed (lock held) game=BEN4NG kind="action" lock_ms=12 ai_actions=0
2026-09-15T14:53:41.187564Z  INFO ws_message:game_session{game=BEN4NG player=PlayerId(0)}: server_core::session: action applied game=BEN4NG player=PlayerId(0) action_type="PassPriority" event_count=1
2026-09-15T14:53:41.191330Z  INFO ws_message:game_session{game=BEN4NG player=PlayerId(0)}: phase_server: game submission processed (lock held) game=BEN4NG kind="action" lock_ms=6 ai_actions=0
2026-09-15T14:53:41.332873Z  INFO ws_message:game_session{game=BEN4NG player=PlayerId(1)}: server_core::session: action applied game=BEN4NG player=PlayerId(1) action_type="PassPriority" event_count=1
2026-09-15T14:53:41.338242Z  INFO ws_message:game_session{game=BEN4NG player=PlayerId(1)}: phase_server: game submission processed (lock held) game=BEN4NG kind="action" lock_ms=7 ai_actions=0
2026-09-15T14:53:41.438155Z  INFO ws_message:game_session{game=BEN4NG player=PlayerId(0)}: server_core::session: action applied game=BEN4NG player=PlayerId(0) action_type="PassPriority" event_count=1
2026-09-15T14:53:41.442213Z  INFO ws_message:game_session{game=BEN4NG player=PlayerId(0)}: phase_server: game submission processed (lock held) game=BEN4NG kind="action" lock_ms=6 ai_actions=0
2026-09-15T14:53:41.582708Z  INFO ws_message:game_session{game=BEN4NG player=PlayerId(1)}: server_core::session: action applied game=BEN4NG player=PlayerId(1) action_type="PassPriority" event_count=1
2026-09-15T14:53:41.592285Z  INFO ws_message:game_session{game=BEN4NG player=PlayerId(1)}: phase_server: game submission processed (lock held) game=BEN4NG kind="action" lock_ms=10 ai_actions=0
2026-09-15T14:53:41.692496Z  INFO ws_message:game_session{game=BEN4NG player=PlayerId(0)}: server_core::session: action applied game=BEN4NG player=PlayerId(0) action_type="DeclareAttackers" event_count=2
2026-09-15T14:53:41.697486Z  INFO ws_message:game_session{game=BEN4NG player=PlayerId(0)}: phase_server: game submission processed (lock held) game=BEN4NG kind="action" lock_ms=10 ai_actions=0
2026-09-15T14:53:41.940588Z  INFO ws_message:game_session{game=BEN4NG player=PlayerId(0)}: server_core::session: action applied game=BEN4NG player=PlayerId(0) action_type="PassPriority" event_count=1
2026-09-15T14:53:41.944725Z  INFO ws_message:game_session{game=BEN4NG player=PlayerId(0)}: phase_server: game submission processed (lock held) game=BEN4NG kind="action" lock_ms=6 ai_actions=0
2026-09-15T14:53:42.243244Z  INFO ws_message:game_session{game=BEN4NG player=PlayerId(1)}: server_core::session: action applied game=BEN4NG player=PlayerId(1) action_type="PassPriority" event_count=1
2026-09-15T14:53:42.251377Z  INFO ws_message:game_session{game=BEN4NG player=PlayerId(1)}: phase_server: game submission processed (lock held) game=BEN4NG kind="action" lock_ms=13 ai_actions=0
2026-09-15T14:53:42.491087Z  INFO ws_message:game_session{game=BEN4NG player=PlayerId(0)}: server_core::session: action applied game=BEN4NG player=PlayerId(0) action_type="PassPriority" event_count=1
2026-09-15T14:53:42.494878Z  INFO ws_message:game_session{game=BEN4NG player=PlayerId(0)}: phase_server: game submission processed (lock held) game=BEN4NG kind="action" lock_ms=5 ai_actions=0
2026-09-15T14:53:42.744691Z  INFO ws_message:game_session{game=BEN4NG player=PlayerId(1)}: server_core::session: action applied game=BEN4NG player=PlayerId(1) action_type="PassPriority" event_count=1
2026-09-15T14:53:42.749595Z  INFO ws_message:game_session{game=BEN4NG player=PlayerId(1)}: phase_server: game submission processed (lock held) game=BEN4NG kind="action" lock_ms=9 ai_actions=0
2026-09-15T14:53:42.993233Z  INFO ws_message:game_session{game=BEN4NG player=PlayerId(0)}: server_core::session: action applied game=BEN4NG player=PlayerId(0) action_type="PassPriority" event_count=1
2026-09-15T14:53:42.997391Z  INFO ws_message:game_session{game=BEN4NG player=PlayerId(0)}: phase_server: game submission processed (lock held) game=BEN4NG kind="action" lock_ms=6 ai_actions=0
2026-09-15T14:53:43.246561Z  INFO ws_message:game_session{game=BEN4NG player=PlayerId(1)}: server_core::session: action applied game=BEN4NG player=PlayerId(1) action_type="PassPriority" event_count=4
2026-09-15T14:53:43.248827Z  INFO ws_message:game_session{game=BEN4NG player=PlayerId(1)}: phase_server: game submission processed (lock held) game=BEN4NG kind="action" lock_ms=7 ai_actions=0
2026-09-15T14:53:43.495197Z  INFO ws_message:game_session{game=BEN4NG player=PlayerId(1)}: server_core::session: action applied game=BEN4NG player=PlayerId(1) action_type="PassPriority" event_count=1
2026-09-15T14:53:43.500745Z  INFO ws_message:game_session{game=BEN4NG player=PlayerId(1)}: phase_server: game submission processed (lock held) game=BEN4NG kind="action" lock_ms=8 ai_actions=0
2026-09-15T14:53:43.748846Z  INFO ws_message:game_session{game=BEN4NG player=PlayerId(0)}: server_core::session: action applied game=BEN4NG player=PlayerId(0) action_type="PassPriority" event_count=4
2026-09-15T14:53:43.751098Z  INFO ws_message:game_session{game=BEN4NG player=PlayerId(0)}: phase_server: game submission processed (lock held) game=BEN4NG kind="action" lock_ms=7 ai_actions=0
2026-09-15T14:53:43.996348Z  INFO ws_message:game_session{game=BEN4NG player=PlayerId(1)}: server_core::session: action applied game=BEN4NG player=PlayerId(1) action_type="PassPriority" event_count=1
2026-09-15T14:53:44.001503Z  INFO ws_message:game_session{game=BEN4NG player=PlayerId(1)}: phase_server: game submission processed (lock held) game=BEN4NG kind="action" lock_ms=7 ai_actions=0
2026-09-15T14:53:44.247583Z  INFO ws_message:game_session{game=BEN4NG player=PlayerId(0)}: server_core::session: action applied game=BEN4NG player=PlayerId(0) action_type="PassPriority" event_count=1
2026-09-15T14:53:44.280771Z  INFO ws_message:game_session{game=BEN4NG player=PlayerId(0)}: phase_server: game submission processed (lock held) game=BEN4NG kind="action" lock_ms=35 ai_actions=0
2026-09-15T14:53:44.500368Z  INFO ws_message:game_session{game=BEN4NG player=PlayerId(1)}: server_core::session: action applied game=BEN4NG player=PlayerId(1) action_type="PlayLand" event_count=2
2026-09-15T14:53:44.504492Z  INFO ws_message:game_session{game=BEN4NG player=PlayerId(1)}: phase_server: game submission processed (lock held) game=BEN4NG kind="action" lock_ms=8 ai_actions=0
2026-09-15T14:53:44.749321Z  INFO ws_message:game_session{game=BEN4NG player=PlayerId(1)}: server_core::session: action applied game=BEN4NG player=PlayerId(1) action_type="PassPriority" event_count=1
2026-09-15T14:53:44.754456Z  INFO ws_message:game_session{game=BEN4NG player=PlayerId(1)}: phase_server: game submission processed (lock held) game=BEN4NG kind="action" lock_ms=8 ai_actions=0
2026-09-15T14:53:45.002089Z  INFO ws_message:game_session{game=BEN4NG player=PlayerId(0)}: server_core::session: action applied game=BEN4NG player=PlayerId(0) action_type="PassPriority" event_count=1
2026-09-15T14:53:45.008307Z  INFO ws_message:game_session{game=BEN4NG player=PlayerId(0)}: phase_server: game submission processed (lock held) game=BEN4NG kind="action" lock_ms=8 ai_actions=0
2026-09-15T14:53:45.254020Z  INFO ws_message:game_session{game=BEN4NG player=PlayerId(1)}: server_core::session: action applied game=BEN4NG player=PlayerId(1) action_type="PassPriority" event_count=1
2026-09-15T14:53:45.259234Z  INFO ws_message:game_session{game=BEN4NG player=PlayerId(1)}: phase_server: game submission processed (lock held) game=BEN4NG kind="action" lock_ms=8 ai_actions=0
2026-09-15T14:53:45.503638Z  INFO ws_message:game_session{game=BEN4NG player=PlayerId(0)}: server_core::session: action applied game=BEN4NG player=PlayerId(0) action_type="PassPriority" event_count=1
2026-09-15T14:53:45.513443Z  INFO ws_message:game_session{game=BEN4NG player=PlayerId(0)}: phase_server: game submission processed (lock held) game=BEN4NG kind="action" lock_ms=10 ai_actions=0
2026-09-15T14:53:45.759302Z  INFO ws_message:game_session{game=BEN4NG player=PlayerId(1)}: server_core::session: action applied game=BEN4NG player=PlayerId(1) action_type="DeclareAttackers" event_count=2
2026-09-15T14:53:45.763776Z  INFO ws_message:game_session{game=BEN4NG player=PlayerId(1)}: phase_server: game submission processed (lock held) game=BEN4NG kind="action" lock_ms=10 ai_actions=0
2026-09-15T14:53:46.006949Z  INFO ws_message:game_session{game=BEN4NG player=PlayerId(1)}: server_core::session: action applied game=BEN4NG player=PlayerId(1) action_type="PassPriority" event_count=1
2026-09-15T14:53:46.012462Z  INFO ws_message:game_session{game=BEN4NG player=PlayerId(1)}: phase_server: game submission processed (lock held) game=BEN4NG kind="action" lock_ms=7 ai_actions=0
2026-09-15T14:53:46.261359Z  INFO ws_message:game_session{game=BEN4NG player=PlayerId(0)}: server_core::session: action applied game=BEN4NG player=PlayerId(0) action_type="PassPriority" event_count=1
2026-09-15T14:53:46.266263Z  INFO ws_message:game_session{game=BEN4NG player=PlayerId(0)}: phase_server: game submission processed (lock held) game=BEN4NG kind="action" lock_ms=10 ai_actions=0
2026-09-15T14:53:46.509136Z  INFO ws_message:game_session{game=BEN4NG player=PlayerId(1)}: server_core::session: action applied game=BEN4NG player=PlayerId(1) action_type="PassPriority" event_count=1
2026-09-15T14:53:46.513840Z  INFO ws_message:game_session{game=BEN4NG player=PlayerId(1)}: phase_server: game submission processed (lock held) game=BEN4NG kind="action" lock_ms=6 ai_actions=0
2026-09-15T14:53:46.763131Z  INFO ws_message:game_session{game=BEN4NG player=PlayerId(0)}: server_core::session: action applied game=BEN4NG player=PlayerId(0) action_type="PassPriority" event_count=1
2026-09-15T14:53:46.767582Z  INFO ws_message:game_session{game=BEN4NG player=PlayerId(0)}: phase_server: game submission processed (lock held) game=BEN4NG kind="action" lock_ms=9 ai_actions=0
2026-09-15T14:53:47.010751Z  INFO ws_message:game_session{game=BEN4NG player=PlayerId(1)}: server_core::session: action applied game=BEN4NG player=PlayerId(1) action_type="PassPriority" event_count=1
2026-09-15T14:53:47.016081Z  INFO ws_message:game_session{game=BEN4NG player=PlayerId(1)}: phase_server: game submission processed (lock held) game=BEN4NG kind="action" lock_ms=7 ai_actions=0
2026-09-15T14:53:47.265555Z  INFO ws_message:game_session{game=BEN4NG player=PlayerId(0)}: server_core::session: action applied game=BEN4NG player=PlayerId(0) action_type="PassPriority" event_count=4
2026-09-15T14:53:47.268174Z  INFO ws_message:game_session{game=BEN4NG player=PlayerId(0)}: phase_server: game submission processed (lock held) game=BEN4NG kind="action" lock_ms=7 ai_actions=0
2026-09-15T14:53:47.515323Z  INFO ws_message:game_session{game=BEN4NG player=PlayerId(0)}: server_core::session: action applied game=BEN4NG player=PlayerId(0) action_type="PassPriority" event_count=1
2026-09-15T14:53:47.519687Z  INFO ws_message:game_session{game=BEN4NG player=PlayerId(0)}: phase_server: game submission processed (lock held) game=BEN4NG kind="action" lock_ms=7 ai_actions=0
2026-09-15T14:53:47.770143Z  INFO ws_message:game_session{game=BEN4NG player=PlayerId(1)}: server_core::session: action applied game=BEN4NG player=PlayerId(1) action_type="PassPriority" event_count=4
2026-09-15T14:53:47.771996Z  INFO ws_message:game_session{game=BEN4NG player=PlayerId(1)}: phase_server: game submission processed (lock held) game=BEN4NG kind="action" lock_ms=7 ai_actions=0
2026-09-15T14:53:48.018579Z  INFO ws_message:game_session{game=BEN4NG player=PlayerId(0)}: server_core::session: action applied game=BEN4NG player=PlayerId(0) action_type="PassPriority" event_count=1
2026-09-15T14:53:48.023816Z  INFO ws_message:game_session{game=BEN4NG player=PlayerId(0)}: phase_server: game submission processed (lock held) game=BEN4NG kind="action" lock_ms=7 ai_actions=0
2026-09-15T14:53:48.269387Z  INFO ws_message:game_session{game=BEN4NG player=PlayerId(1)}: server_core::session: action applied game=BEN4NG player=PlayerId(1) action_type="PassPriority" event_count=1
2026-09-15T14:53:48.290566Z  INFO ws_message:game_session{game=BEN4NG player=PlayerId(1)}: phase_server: game submission processed (lock held) game=BEN4NG kind="action" lock_ms=23 ai_actions=0
2026-09-15T14:53:48.524048Z  INFO ws_message:game_session{game=BEN4NG player=PlayerId(0)}: server_core::session: action applied game=BEN4NG player=PlayerId(0) action_type="PlayLand" event_count=2
2026-09-15T14:53:48.531684Z  INFO ws_message:game_session{game=BEN4NG player=PlayerId(0)}: phase_server: game submission processed (lock held) game=BEN4NG kind="action" lock_ms=12 ai_actions=0
2026-09-15T14:53:48.773312Z  INFO ws_message:game_session{game=BEN4NG player=PlayerId(0)}: server_core::session: action applied game=BEN4NG player=PlayerId(0) action_type="PassPriority" event_count=1
2026-09-15T14:53:48.777474Z  INFO ws_message:game_session{game=BEN4NG player=PlayerId(0)}: phase_server: game submission processed (lock held) game=BEN4NG kind="action" lock_ms=7 ai_actions=0
2026-09-15T14:53:49.023428Z  INFO ws_message:game_session{game=BEN4NG player=PlayerId(1)}: server_core::session: action applied game=BEN4NG player=PlayerId(1) action_type="PassPriority" event_count=1
2026-09-15T14:53:49.028626Z  INFO ws_message:game_session{game=BEN4NG player=PlayerId(1)}: phase_server: game submission processed (lock held) game=BEN4NG kind="action" lock_ms=7 ai_actions=0
2026-09-15T14:53:49.275172Z  INFO ws_message:game_session{game=BEN4NG player=PlayerId(0)}: server_core::session: action applied game=BEN4NG player=PlayerId(0) action_type="PassPriority" event_count=1
2026-09-15T14:53:49.279558Z  INFO ws_message:game_session{game=BEN4NG player=PlayerId(0)}: phase_server: game submission processed (lock held) game=BEN4NG kind="action" lock_ms=7 ai_actions=0
2026-09-15T14:53:49.524068Z  INFO ws_message:game_session{game=BEN4NG player=PlayerId(1)}: server_core::session: action applied game=BEN4NG player=PlayerId(1) action_type="PassPriority" event_count=1
2026-09-15T14:53:49.533505Z  INFO ws_message:game_session{game=BEN4NG player=PlayerId(1)}: phase_server: game submission processed (lock held) game=BEN4NG kind="action" lock_ms=10 ai_actions=0
2026-09-15T14:53:49.780059Z  INFO ws_message:game_session{game=BEN4NG player=PlayerId(0)}: server_core::session: action applied game=BEN4NG player=PlayerId(0) action_type="DeclareAttackers" event_count=2
2026-09-15T14:53:49.789517Z  INFO ws_message:game_session{game=BEN4NG player=PlayerId(0)}: phase_server: game submission processed (lock held) game=BEN4NG kind="action" lock_ms=15 ai_actions=0
2026-09-15T14:53:50.027197Z  INFO ws_message:game_session{game=BEN4NG player=PlayerId(0)}: server_core::session: action applied game=BEN4NG player=PlayerId(0) action_type="PassPriority" event_count=1
2026-09-15T14:53:50.034608Z  INFO ws_message:game_session{game=BEN4NG player=PlayerId(0)}: phase_server: game submission processed (lock held) game=BEN4NG kind="action" lock_ms=9 ai_actions=0
2026-09-15T14:53:50.281578Z  INFO ws_message:game_session{game=BEN4NG player=PlayerId(1)}: server_core::session: action applied game=BEN4NG player=PlayerId(1) action_type="PassPriority" event_count=1
2026-09-15T14:53:50.289815Z  INFO ws_message:game_session{game=BEN4NG player=PlayerId(1)}: phase_server: game submission processed (lock held) game=BEN4NG kind="action" lock_ms=13 ai_actions=0
2026-09-15T14:53:50.529452Z  INFO ws_message:game_session{game=BEN4NG player=PlayerId(0)}: server_core::session: action applied game=BEN4NG player=PlayerId(0) action_type="PassPriority" event_count=1
2026-09-15T14:53:50.533897Z  INFO ws_message:game_session{game=BEN4NG player=PlayerId(0)}: phase_server: game submission processed (lock held) game=BEN4NG kind="action" lock_ms=6 ai_actions=0
2026-09-15T14:53:50.782993Z  INFO ws_message:game_session{game=BEN4NG player=PlayerId(1)}: server_core::session: action applied game=BEN4NG player=PlayerId(1) action_type="PassPriority" event_count=1
2026-09-15T14:53:50.788413Z  INFO ws_message:game_session{game=BEN4NG player=PlayerId(1)}: phase_server: game submission processed (lock held) game=BEN4NG kind="action" lock_ms=10 ai_actions=0
2026-09-15T14:53:51.034563Z  INFO ws_message:game_session{game=BEN4NG player=PlayerId(0)}: server_core::session: action applied game=BEN4NG player=PlayerId(0) action_type="PassPriority" event_count=1
2026-09-15T14:53:51.041136Z  INFO ws_message:game_session{game=BEN4NG player=PlayerId(0)}: phase_server: game submission processed (lock held) game=BEN4NG kind="action" lock_ms=10 ai_actions=0
2026-09-15T14:53:51.289360Z  INFO ws_message:game_session{game=BEN4NG player=PlayerId(1)}: server_core::session: action applied game=BEN4NG player=PlayerId(1) action_type="PassPriority" event_count=4
2026-09-15T14:53:51.291820Z  INFO ws_message:game_session{game=BEN4NG player=PlayerId(1)}: phase_server: game submission processed (lock held) game=BEN4NG kind="action" lock_ms=10 ai_actions=0
2026-09-15T14:53:51.537586Z  INFO ws_message:game_session{game=BEN4NG player=PlayerId(1)}: server_core::session: action applied game=BEN4NG player=PlayerId(1) action_type="PassPriority" event_count=1
2026-09-15T14:53:51.542474Z  INFO ws_message:game_session{game=BEN4NG player=PlayerId(1)}: phase_server: game submission processed (lock held) game=BEN4NG kind="action" lock_ms=7 ai_actions=0
2026-09-15T14:53:51.791273Z  INFO ws_message:game_session{game=BEN4NG player=PlayerId(0)}: server_core::session: action applied game=BEN4NG player=PlayerId(0) action_type="PassPriority" event_count=4
2026-09-15T14:53:51.792919Z  INFO ws_message:game_session{game=BEN4NG player=PlayerId(0)}: phase_server: game submission processed (lock held) game=BEN4NG kind="action" lock_ms=7 ai_actions=0
2026-09-15T14:53:52.039537Z  INFO ws_message:game_session{game=BEN4NG player=PlayerId(1)}: server_core::session: action applied game=BEN4NG player=PlayerId(1) action_type="PassPriority" event_count=1
2026-09-15T14:53:52.046932Z  INFO ws_message:game_session{game=BEN4NG player=PlayerId(1)}: phase_server: game submission processed (lock held) game=BEN4NG kind="action" lock_ms=9 ai_actions=0
2026-09-15T14:53:52.291238Z  INFO ws_message:game_session{game=BEN4NG player=PlayerId(0)}: server_core::session: action applied game=BEN4NG player=PlayerId(0) action_type="PassPriority" event_count=1
2026-09-15T14:53:52.324502Z  INFO ws_message:game_session{game=BEN4NG player=PlayerId(0)}: phase_server: game submission processed (lock held) game=BEN4NG kind="action" lock_ms=35 ai_actions=0
2026-09-15T14:53:52.545008Z  INFO ws_message:game_session{game=BEN4NG player=PlayerId(1)}: server_core::session: action applied game=BEN4NG player=PlayerId(1) action_type="PlayLand" event_count=2
2026-09-15T14:53:52.549930Z  INFO ws_message:game_session{game=BEN4NG player=PlayerId(1)}: phase_server: game submission processed (lock held) game=BEN4NG kind="action" lock_ms=9 ai_actions=0
2026-09-15T14:53:52.794144Z  INFO ws_message:game_session{game=BEN4NG player=PlayerId(1)}: server_core::session: action applied game=BEN4NG player=PlayerId(1) action_type="PassPriority" event_count=1
2026-09-15T14:53:52.799266Z  INFO ws_message:game_session{game=BEN4NG player=PlayerId(1)}: phase_server: game submission processed (lock held) game=BEN4NG kind="action" lock_ms=8 ai_actions=0
2026-09-15T14:53:53.045111Z  INFO ws_message:game_session{game=BEN4NG player=PlayerId(0)}: server_core::session: action applied game=BEN4NG player=PlayerId(0) action_type="PassPriority" event_count=1
2026-09-15T14:53:53.050388Z  INFO ws_message:game_session{game=BEN4NG player=PlayerId(0)}: phase_server: game submission processed (lock held) game=BEN4NG kind="action" lock_ms=7 ai_actions=0
2026-09-15T14:53:53.295738Z  INFO ws_message:game_session{game=BEN4NG player=PlayerId(1)}: server_core::session: action applied game=BEN4NG player=PlayerId(1) action_type="PassPriority" event_count=1
2026-09-15T14:53:53.301071Z  INFO ws_message:game_session{game=BEN4NG player=PlayerId(1)}: phase_server: game submission processed (lock held) game=BEN4NG kind="action" lock_ms=8 ai_actions=0
2026-09-15T14:53:53.545359Z  INFO ws_message:game_session{game=BEN4NG player=PlayerId(0)}: server_core::session: action applied game=BEN4NG player=PlayerId(0) action_type="PassPriority" event_count=1
2026-09-15T14:53:53.557253Z  INFO ws_message:game_session{game=BEN4NG player=PlayerId(0)}: phase_server: game submission processed (lock held) game=BEN4NG kind="action" lock_ms=13 ai_actions=0
2026-09-15T14:53:53.801267Z  INFO ws_message:game_session{game=BEN4NG player=PlayerId(1)}: server_core::session: action applied game=BEN4NG player=PlayerId(1) action_type="DeclareAttackers" event_count=2
2026-09-15T14:53:53.806280Z  INFO ws_message:game_session{game=BEN4NG player=PlayerId(1)}: phase_server: game submission processed (lock held) game=BEN4NG kind="action" lock_ms=11 ai_actions=0
2026-09-15T14:53:54.049052Z  INFO ws_message:game_session{game=BEN4NG player=PlayerId(1)}: server_core::session: action applied game=BEN4NG player=PlayerId(1) action_type="PassPriority" event_count=1
2026-09-15T14:53:54.055726Z  INFO ws_message:game_session{game=BEN4NG player=PlayerId(1)}: phase_server: game submission processed (lock held) game=BEN4NG kind="action" lock_ms=9 ai_actions=0
2026-09-15T14:53:54.303887Z  INFO ws_message:game_session{game=BEN4NG player=PlayerId(0)}: server_core::session: action applied game=BEN4NG player=PlayerId(0) action_type="PassPriority" event_count=1
2026-09-15T14:53:54.309005Z  INFO ws_message:game_session{game=BEN4NG player=PlayerId(0)}: phase_server: game submission processed (lock held) game=BEN4NG kind="action" lock_ms=10 ai_actions=0
2026-09-15T14:53:54.550519Z  INFO ws_message:game_session{game=BEN4NG player=PlayerId(1)}: server_core::session: action applied game=BEN4NG player=PlayerId(1) action_type="PassPriority" event_count=1
2026-09-15T14:53:54.557176Z  INFO ws_message:game_session{game=BEN4NG player=PlayerId(1)}: phase_server: game submission processed (lock held) game=BEN4NG kind="action" lock_ms=8 ai_actions=0
2026-09-15T14:53:54.807224Z  INFO ws_message:game_session{game=BEN4NG player=PlayerId(0)}: server_core::session: action applied game=BEN4NG player=PlayerId(0) action_type="PassPriority" event_count=1
2026-09-15T14:53:54.812070Z  INFO ws_message:game_session{game=BEN4NG player=PlayerId(0)}: phase_server: game submission processed (lock held) game=BEN4NG kind="action" lock_ms=11 ai_actions=0
2026-09-15T14:53:55.054755Z  INFO ws_message:game_session{game=BEN4NG player=PlayerId(1)}: server_core::session: action applied game=BEN4NG player=PlayerId(1) action_type="PassPriority" event_count=1
2026-09-15T14:53:55.060022Z  INFO ws_message:game_session{game=BEN4NG player=PlayerId(1)}: phase_server: game submission processed (lock held) game=BEN4NG kind="action" lock_ms=8 ai_actions=0
2026-09-15T14:53:55.309243Z  INFO ws_message:game_session{game=BEN4NG player=PlayerId(0)}: server_core::session: action applied game=BEN4NG player=PlayerId(0) action_type="PassPriority" event_count=4
2026-09-15T14:53:55.311917Z  INFO ws_message:game_session{game=BEN4NG player=PlayerId(0)}: phase_server: game submission processed (lock held) game=BEN4NG kind="action" lock_ms=8 ai_actions=0
2026-09-15T14:53:55.557208Z  INFO ws_message:game_session{game=BEN4NG player=PlayerId(0)}: server_core::session: action applied game=BEN4NG player=PlayerId(0) action_type="PassPriority" event_count=1
2026-09-15T14:53:55.561745Z  INFO ws_message:game_session{game=BEN4NG player=PlayerId(0)}: phase_server: game submission processed (lock held) game=BEN4NG kind="action" lock_ms=8 ai_actions=0
2026-09-15T14:53:55.810050Z  INFO ws_message:game_session{game=BEN4NG player=PlayerId(1)}: server_core::session: action applied game=BEN4NG player=PlayerId(1) action_type="PassPriority" event_count=4
2026-09-15T14:53:55.811777Z  INFO ws_message:game_session{game=BEN4NG player=PlayerId(1)}: phase_server: game submission processed (lock held) game=BEN4NG kind="action" lock_ms=7 ai_actions=0
2026-09-15T14:53:56.058363Z  INFO ws_message:game_session{game=BEN4NG player=PlayerId(0)}: server_core::session: action applied game=BEN4NG player=PlayerId(0) action_type="PassPriority" event_count=1
2026-09-15T14:53:56.063564Z  INFO ws_message:game_session{game=BEN4NG player=PlayerId(0)}: phase_server: game submission processed (lock held) game=BEN4NG kind="action" lock_ms=7 ai_actions=0
2026-09-15T14:53:56.309761Z  INFO ws_message:game_session{game=BEN4NG player=PlayerId(1)}: server_core::session: action applied game=BEN4NG player=PlayerId(1) action_type="PassPriority" event_count=1
2026-09-15T14:53:56.331575Z  INFO ws_message:game_session{game=BEN4NG player=PlayerId(1)}: phase_server: game submission processed (lock held) game=BEN4NG kind="action" lock_ms=24 ai_actions=0
2026-09-15T14:53:56.566079Z  INFO ws_message:game_session{game=BEN4NG player=PlayerId(0)}: server_core::session: action applied game=BEN4NG player=PlayerId(0) action_type="PlayLand" event_count=2
2026-09-15T14:53:56.574430Z  INFO ws_message:game_session{game=BEN4NG player=PlayerId(0)}: phase_server: game submission processed (lock held) game=BEN4NG kind="action" lock_ms=15 ai_actions=0
2026-09-15T14:53:56.812779Z  INFO ws_message:game_session{game=BEN4NG player=PlayerId(0)}: server_core::session: action applied game=BEN4NG player=PlayerId(0) action_type="PassPriority" event_count=1
2026-09-15T14:53:56.817496Z  INFO ws_message:game_session{game=BEN4NG player=PlayerId(0)}: phase_server: game submission processed (lock held) game=BEN4NG kind="action" lock_ms=7 ai_actions=0
2026-09-15T14:53:57.063206Z  INFO ws_message:game_session{game=BEN4NG player=PlayerId(1)}: server_core::session: action applied game=BEN4NG player=PlayerId(1) action_type="PassPriority" event_count=1
2026-09-15T14:53:57.068832Z  INFO ws_message:game_session{game=BEN4NG player=PlayerId(1)}: phase_server: game submission processed (lock held) game=BEN4NG kind="action" lock_ms=8 ai_actions=0
2026-09-15T14:53:57.315171Z  INFO ws_message:game_session{game=BEN4NG player=PlayerId(0)}: server_core::session: action applied game=BEN4NG player=PlayerId(0) action_type="PassPriority" event_count=1
2026-09-15T14:53:57.320107Z  INFO ws_message:game_session{game=BEN4NG player=PlayerId(0)}: phase_server: game submission processed (lock held) game=BEN4NG kind="action" lock_ms=7 ai_actions=0
2026-09-15T14:53:57.563742Z  INFO ws_message:game_session{game=BEN4NG player=PlayerId(1)}: server_core::session: action applied game=BEN4NG player=PlayerId(1) action_type="PassPriority" event_count=1
2026-09-15T14:53:57.573042Z  INFO ws_message:game_session{game=BEN4NG player=PlayerId(1)}: phase_server: game submission processed (lock held) game=BEN4NG kind="action" lock_ms=10 ai_actions=0
2026-09-15T14:53:57.819858Z  INFO ws_message:game_session{game=BEN4NG player=PlayerId(0)}: server_core::session: action applied game=BEN4NG player=PlayerId(0) action_type="DeclareAttackers" event_count=2
2026-09-15T14:53:57.825574Z  INFO ws_message:game_session{game=BEN4NG player=PlayerId(0)}: phase_server: game submission processed (lock held) game=BEN4NG kind="action" lock_ms=11 ai_actions=0
2026-09-15T14:53:58.067560Z  INFO ws_message:game_session{game=BEN4NG player=PlayerId(0)}: server_core::session: action applied game=BEN4NG player=PlayerId(0) action_type="PassPriority" event_count=1
2026-09-15T14:53:58.072600Z  INFO ws_message:game_session{game=BEN4NG player=PlayerId(0)}: phase_server: game submission processed (lock held) game=BEN4NG kind="action" lock_ms=7 ai_actions=0
2026-09-15T14:53:58.321395Z  INFO ws_message:game_session{game=BEN4NG player=PlayerId(1)}: server_core::session: action applied game=BEN4NG player=PlayerId(1) action_type="PassPriority" event_count=1
2026-09-15T14:53:58.330053Z  INFO ws_message:game_session{game=BEN4NG player=PlayerId(1)}: phase_server: game submission processed (lock held) game=BEN4NG kind="action" lock_ms=13 ai_actions=0
2026-09-15T14:53:58.569291Z  INFO ws_message:game_session{game=BEN4NG player=PlayerId(0)}: server_core::session: action applied game=BEN4NG player=PlayerId(0) action_type="PassPriority" event_count=1
2026-09-15T14:53:58.574308Z  INFO ws_message:game_session{game=BEN4NG player=PlayerId(0)}: phase_server: game submission processed (lock held) game=BEN4NG kind="action" lock_ms=6 ai_actions=0
2026-09-15T14:53:58.824774Z  INFO ws_message:game_session{game=BEN4NG player=PlayerId(1)}: server_core::session: action applied game=BEN4NG player=PlayerId(1) action_type="PassPriority" event_count=1
2026-09-15T14:53:58.832838Z  INFO ws_message:game_session{game=BEN4NG player=PlayerId(1)}: phase_server: game submission processed (lock held) game=BEN4NG kind="action" lock_ms=12 ai_actions=0
2026-09-15T14:53:59.494441Z  INFO ws_message:game_session{game=BEN4NG player=PlayerId(0)}: server_core::session: action applied game=BEN4NG player=PlayerId(0) action_type="PassPriority" event_count=1
2026-09-15T14:53:59.499981Z  INFO ws_message:game_session{game=BEN4NG player=PlayerId(0)}: phase_server: game submission processed (lock held) game=BEN4NG kind="action" lock_ms=7 ai_actions=0
2026-09-15T14:53:59.747353Z  INFO ws_message:game_session{game=BEN4NG player=PlayerId(1)}: server_core::session: action applied game=BEN4NG player=PlayerId(1) action_type="PassPriority" event_count=4
2026-09-15T14:53:59.749712Z  INFO ws_message:game_session{game=BEN4NG player=PlayerId(1)}: phase_server: game submission processed (lock held) game=BEN4NG kind="action" lock_ms=7 ai_actions=0
2026-09-15T14:53:59.996713Z  INFO ws_message:game_session{game=BEN4NG player=PlayerId(1)}: server_core::session: action applied game=BEN4NG player=PlayerId(1) action_type="PassPriority" event_count=1
2026-09-15T14:54:00.002206Z  INFO ws_message:game_session{game=BEN4NG player=PlayerId(1)}: phase_server: game submission processed (lock held) game=BEN4NG kind="action" lock_ms=8 ai_actions=0
2026-09-15T14:54:00.250013Z  INFO ws_message:game_session{game=BEN4NG player=PlayerId(0)}: server_core::session: action applied game=BEN4NG player=PlayerId(0) action_type="PassPriority" event_count=4
2026-09-15T14:54:00.251537Z  INFO ws_message:game_session{game=BEN4NG player=PlayerId(0)}: phase_server: game submission processed (lock held) game=BEN4NG kind="action" lock_ms=6 ai_actions=0
2026-09-15T14:54:00.498045Z  INFO ws_message:game_session{game=BEN4NG player=PlayerId(1)}: server_core::session: action applied game=BEN4NG player=PlayerId(1) action_type="PassPriority" event_count=1
2026-09-15T14:54:00.503428Z  INFO ws_message:game_session{game=BEN4NG player=PlayerId(1)}: phase_server: game submission processed (lock held) game=BEN4NG kind="action" lock_ms=7 ai_actions=0
2026-09-15T14:54:00.749523Z  INFO ws_message:game_session{game=BEN4NG player=PlayerId(0)}: server_core::session: action applied game=BEN4NG player=PlayerId(0) action_type="PassPriority" event_count=1
2026-09-15T14:54:00.780451Z  INFO ws_message:game_session{game=BEN4NG player=PlayerId(0)}: phase_server: game submission processed (lock held) game=BEN4NG kind="action" lock_ms=33 ai_actions=0
2026-09-15T14:54:01.002968Z  INFO ws_message:game_session{game=BEN4NG player=PlayerId(1)}: server_core::session: action applied game=BEN4NG player=PlayerId(1) action_type="PlayLand" event_count=2
2026-09-15T14:54:01.007346Z  INFO ws_message:game_session{game=BEN4NG player=PlayerId(1)}: phase_server: game submission processed (lock held) game=BEN4NG kind="action" lock_ms=9 ai_actions=0
2026-09-15T14:54:01.257688Z  INFO ws_message:game_session{game=BEN4NG player=PlayerId(1)}: server_core::session: action applied game=BEN4NG player=PlayerId(1) action_type="CastSpell" event_count=12
2026-09-15T14:54:01.258942Z  INFO ws_message:game_session{game=BEN4NG player=PlayerId(1)}: phase_server: game submission processed (lock held) game=BEN4NG kind="action" lock_ms=9 ai_actions=0
2026-09-15T14:54:01.503683Z  INFO ws_message:game_session{game=BEN4NG player=PlayerId(1)}: server_core::session: action applied game=BEN4NG player=PlayerId(1) action_type="PassPriority" event_count=1
2026-09-15T14:54:01.511233Z  INFO ws_message:game_session{game=BEN4NG player=PlayerId(1)}: phase_server: game submission processed (lock held) game=BEN4NG kind="action" lock_ms=10 ai_actions=0
2026-09-15T14:54:01.759852Z  INFO ws_message:game_session{game=BEN4NG player=PlayerId(0)}: server_core::session: action applied game=BEN4NG player=PlayerId(0) action_type="PassPriority" event_count=2
2026-09-15T14:54:01.765841Z  INFO ws_message:game_session{game=BEN4NG player=PlayerId(0)}: phase_server: game submission processed (lock held) game=BEN4NG kind="action" lock_ms=13 ai_actions=0
2026-09-15T14:54:02.008657Z  INFO ws_message:game_session{game=BEN4NG player=PlayerId(1)}: server_core::session: action applied game=BEN4NG player=PlayerId(1) action_type="PassPriority" event_count=1
2026-09-15T14:54:02.011008Z  INFO ws_message:game_session{game=BEN4NG player=PlayerId(1)}: phase_server: game submission processed (lock held) game=BEN4NG kind="action" lock_ms=7 ai_actions=0
2026-09-15T14:54:02.259097Z  INFO ws_message:game_session{game=BEN4NG player=PlayerId(0)}: server_core::session: action applied game=BEN4NG player=PlayerId(0) action_type="PassPriority" event_count=1
2026-09-15T14:54:02.275646Z  INFO ws_message:game_session{game=BEN4NG player=PlayerId(0)}: phase_server: game submission processed (lock held) game=BEN4NG kind="action" lock_ms=19 ai_actions=0
2026-09-15T14:54:02.555961Z  INFO ws_message:game_session{game=BEN4NG player=PlayerId(1)}: server_core::session: interaction applied game=BEN4NG player=PlayerId(1) action_type="DecideOptionalEffect" event_count=3
2026-09-15T14:54:02.562677Z  INFO ws_message:game_session{game=BEN4NG player=PlayerId(1)}: phase_server: game submission processed (lock held) game=BEN4NG kind="interaction" lock_ms=56 ai_actions=0
2026-09-15T14:54:02.761159Z  INFO ws_message:game_session{game=BEN4NG player=PlayerId(1)}: server_core::session: action applied game=BEN4NG player=PlayerId(1) action_type="PassPriority" event_count=1
2026-09-15T14:54:02.767819Z  INFO ws_message:game_session{game=BEN4NG player=PlayerId(1)}: phase_server: game submission processed (lock held) game=BEN4NG kind="action" lock_ms=10 ai_actions=0
2026-09-15T14:54:02.963805Z  INFO ws_message:game_session{game=BEN4NG player=PlayerId(0)}: server_core::session: action applied game=BEN4NG player=PlayerId(0) action_type="PassPriority" event_count=1
2026-09-15T14:54:02.969870Z  INFO ws_message:game_session{game=BEN4NG player=PlayerId(0)}: phase_server: game submission processed (lock held) game=BEN4NG kind="action" lock_ms=8 ai_actions=0
2026-09-15T14:54:03.263283Z  INFO ws_message:game_session{game=BEN4NG player=PlayerId(1)}: server_core::session: action applied game=BEN4NG player=PlayerId(1) action_type="PassPriority" event_count=1
2026-09-15T14:54:03.272552Z  INFO ws_message:game_session{game=BEN4NG player=PlayerId(1)}: phase_server: game submission processed (lock held) game=BEN4NG kind="action" lock_ms=12 ai_actions=0
2026-09-15T14:54:03.464145Z  INFO ws_message:game_session{game=BEN4NG player=PlayerId(0)}: server_core::session: action applied game=BEN4NG player=PlayerId(0) action_type="PassPriority" event_count=1
2026-09-15T14:54:03.474275Z  INFO ws_message:game_session{game=BEN4NG player=PlayerId(0)}: phase_server: game submission processed (lock held) game=BEN4NG kind="action" lock_ms=11 ai_actions=0
2026-09-15T14:54:03.532382Z  INFO ws_message:game_session{game=BEN4NG player=PlayerId(1)}: server_core::session: action applied game=BEN4NG player=PlayerId(1) action_type="DeclareAttackers" event_count=2
2026-09-15T14:54:03.540437Z  INFO ws_message:game_session{game=BEN4NG player=PlayerId(1)}: phase_server: game submission processed (lock held) game=BEN4NG kind="action" lock_ms=14 ai_actions=0
2026-09-15T14:54:03.780808Z  INFO ws_message:game_session{game=BEN4NG player=PlayerId(1)}: server_core::session: action applied game=BEN4NG player=PlayerId(1) action_type="PassPriority" event_count=1
2026-09-15T14:54:03.787722Z  INFO ws_message:game_session{game=BEN4NG player=PlayerId(1)}: phase_server: game submission processed (lock held) game=BEN4NG kind="action" lock_ms=10 ai_actions=0
2026-09-15T14:54:03.970346Z  INFO ws_message:game_session{game=BEN4NG player=PlayerId(0)}: server_core::session: action applied game=BEN4NG player=PlayerId(0) action_type="PassPriority" event_count=1
2026-09-15T14:54:03.975922Z  INFO ws_message:game_session{game=BEN4NG player=PlayerId(0)}: phase_server: game submission processed (lock held) game=BEN4NG kind="action" lock_ms=11 ai_actions=0
2026-09-15T14:54:04.291162Z  INFO ws_message:game_session{game=BEN4NG player=PlayerId(1)}: server_core::session: action applied game=BEN4NG player=PlayerId(1) action_type="PassPriority" event_count=1
2026-09-15T14:54:04.299161Z  INFO ws_message:game_session{game=BEN4NG player=PlayerId(1)}: phase_server: game submission processed (lock held) game=BEN4NG kind="action" lock_ms=11 ai_actions=0
2026-09-15T14:54:04.472038Z  INFO ws_message:game_session{game=BEN4NG player=PlayerId(0)}: server_core::session: action applied game=BEN4NG player=PlayerId(0) action_type="PassPriority" event_count=1
2026-09-15T14:54:04.477734Z  INFO ws_message:game_session{game=BEN4NG player=PlayerId(0)}: phase_server: game submission processed (lock held) game=BEN4NG kind="action" lock_ms=11 ai_actions=0
2026-09-15T14:54:04.541641Z  INFO ws_message:game_session{game=BEN4NG player=PlayerId(1)}: server_core::session: action applied game=BEN4NG player=PlayerId(1) action_type="PassPriority" event_count=1
2026-09-15T14:54:04.549457Z  INFO ws_message:game_session{game=BEN4NG player=PlayerId(1)}: phase_server: game submission processed (lock held) game=BEN4NG kind="action" lock_ms=10 ai_actions=0
2026-09-15T14:54:04.722263Z  INFO ws_message:game_session{game=BEN4NG player=PlayerId(0)}: server_core::session: action applied game=BEN4NG player=PlayerId(0) action_type="PassPriority" event_count=4
2026-09-15T14:54:04.724875Z  INFO ws_message:game_session{game=BEN4NG player=PlayerId(0)}: phase_server: game submission processed (lock held) game=BEN4NG kind="action" lock_ms=7 ai_actions=0
2026-09-15T14:54:09.349802Z  INFO phase_server: client disconnected game=Some("BEN4NG") player=Some(PlayerId(1))
2026-09-15T14:54:09.349887Z  INFO server_core::session: player disconnected game=BEN4NG player=PlayerId(1)
2026-09-15T14:54:09.350450Z  INFO phase_server: client disconnected game=Some("BEN4NG") player=Some(PlayerId(0))
2026-09-15T14:54:09.350470Z  INFO server_core::session: player disconnected game=BEN4NG player=PlayerId(0)
