2026-09-14T04:54:26.738128Z  INFO ws_message: server_core::session: game session created game=G7O3EF player_count=2
2026-09-14T04:54:26.758417Z  INFO ws_message: phase_server: game created via lobby game=G7O3EF host=P0-nykthos players=2
2026-09-14T04:54:26.825113Z  INFO ws_message: phase_server: JoinGameWithPassword game=G7O3EF joiner=P1-passive
2026-09-14T04:54:26.825346Z  INFO ws_message: server_core::session: player joined session game=G7O3EF player=PlayerId(1) seat=1
2026-09-14T04:54:26.852510Z  INFO ws_message: phase_server: player joined via lobby game=G7O3EF player=PlayerId(1)
2026-09-14T04:54:27.015819Z  WARN phase_server: Full snapshot was no longer current game=G7O3EF disposition=SupersededOrRetired
2026-09-14T04:54:27.249814Z  INFO ws_message:game_session{game=G7O3EF player=PlayerId(0)}: server_core::session: action applied game=G7O3EF player=PlayerId(0) action_type="MulliganDecision" event_count=0
2026-09-14T04:54:27.261224Z  INFO ws_message:game_session{game=G7O3EF player=PlayerId(0)}: phase_server: game submission processed (lock held) game=G7O3EF kind="action" lock_ms=11 ai_actions=0
2026-09-14T04:54:27.324934Z  INFO ws_message:game_session{game=G7O3EF player=PlayerId(1)}: server_core::session: action applied game=G7O3EF player=PlayerId(1) action_type="MulliganDecision" event_count=1
2026-09-14T04:54:27.326247Z  INFO ws_message:game_session{game=G7O3EF player=PlayerId(1)}: phase_server: game submission processed (lock held) game=G7O3EF kind="action" lock_ms=5 ai_actions=0
2026-09-14T04:54:27.501498Z  INFO ws_message:game_session{game=G7O3EF player=PlayerId(1)}: server_core::session: action applied game=G7O3EF player=PlayerId(1) action_type="PassPriority" event_count=1
2026-09-14T04:54:27.505862Z  INFO ws_message:game_session{game=G7O3EF player=PlayerId(1)}: phase_server: game submission processed (lock held) game=G7O3EF kind="action" lock_ms=4 ai_actions=0
2026-09-14T04:54:27.751861Z  INFO ws_message:game_session{game=G7O3EF player=PlayerId(0)}: server_core::session: action applied game=G7O3EF player=PlayerId(0) action_type="PassPriority" event_count=2
2026-09-14T04:54:27.787840Z  INFO ws_message:game_session{game=G7O3EF player=PlayerId(0)}: phase_server: game submission processed (lock held) game=G7O3EF kind="action" lock_ms=36 ai_actions=0
2026-09-14T04:54:28.002855Z  INFO ws_message:game_session{game=G7O3EF player=PlayerId(1)}: server_core::session: action applied game=G7O3EF player=PlayerId(1) action_type="PassPriority" event_count=1
2026-09-14T04:54:28.006557Z  INFO ws_message:game_session{game=G7O3EF player=PlayerId(1)}: phase_server: game submission processed (lock held) game=G7O3EF kind="action" lock_ms=4 ai_actions=0
2026-09-14T04:54:28.253932Z  INFO ws_message:game_session{game=G7O3EF player=PlayerId(0)}: server_core::session: action applied game=G7O3EF player=PlayerId(0) action_type="PassPriority" event_count=1
2026-09-14T04:54:28.256203Z  INFO ws_message:game_session{game=G7O3EF player=PlayerId(0)}: phase_server: game submission processed (lock held) game=G7O3EF kind="action" lock_ms=2 ai_actions=0
2026-09-14T04:54:28.505465Z  INFO ws_message:game_session{game=G7O3EF player=PlayerId(1)}: server_core::session: action applied game=G7O3EF player=PlayerId(1) action_type="PassPriority" event_count=1
2026-09-14T04:54:28.509426Z  INFO ws_message:game_session{game=G7O3EF player=PlayerId(1)}: phase_server: game submission processed (lock held) game=G7O3EF kind="action" lock_ms=4 ai_actions=0
2026-09-14T04:54:28.763151Z  INFO ws_message:game_session{game=G7O3EF player=PlayerId(0)}: server_core::session: action applied game=G7O3EF player=PlayerId(0) action_type="PassPriority" event_count=3
2026-09-14T04:54:28.767611Z  INFO ws_message:game_session{game=G7O3EF player=PlayerId(0)}: phase_server: game submission processed (lock held) game=G7O3EF kind="action" lock_ms=12 ai_actions=0
2026-09-14T04:54:29.009320Z  INFO ws_message:game_session{game=G7O3EF player=PlayerId(1)}: server_core::session: action applied game=G7O3EF player=PlayerId(1) action_type="PassPriority" event_count=1
2026-09-14T04:54:29.014959Z  INFO ws_message:game_session{game=G7O3EF player=PlayerId(1)}: phase_server: game submission processed (lock held) game=G7O3EF kind="action" lock_ms=6 ai_actions=0
2026-09-14T04:54:29.263386Z  INFO ws_message:game_session{game=G7O3EF player=PlayerId(0)}: server_core::session: action applied game=G7O3EF player=PlayerId(0) action_type="PassPriority" event_count=1
2026-09-14T04:54:29.294486Z  INFO ws_message:game_session{game=G7O3EF player=PlayerId(0)}: phase_server: game submission processed (lock held) game=G7O3EF kind="action" lock_ms=35 ai_actions=0
2026-09-14T04:54:29.510477Z  INFO ws_message:game_session{game=G7O3EF player=PlayerId(1)}: server_core::session: action applied game=G7O3EF player=PlayerId(1) action_type="PassPriority" event_count=1
2026-09-14T04:54:29.514140Z  INFO ws_message:game_session{game=G7O3EF player=PlayerId(1)}: phase_server: game submission processed (lock held) game=G7O3EF kind="action" lock_ms=4 ai_actions=0
2026-09-14T04:54:29.764887Z  INFO ws_message:game_session{game=G7O3EF player=PlayerId(0)}: server_core::session: action applied game=G7O3EF player=PlayerId(0) action_type="PassPriority" event_count=1
2026-09-14T04:54:29.766617Z  INFO ws_message:game_session{game=G7O3EF player=PlayerId(0)}: phase_server: game submission processed (lock held) game=G7O3EF kind="action" lock_ms=5 ai_actions=0
2026-09-14T04:54:30.012575Z  INFO ws_message:game_session{game=G7O3EF player=PlayerId(1)}: server_core::session: action applied game=G7O3EF player=PlayerId(1) action_type="PassPriority" event_count=1
2026-09-14T04:54:30.016492Z  INFO ws_message:game_session{game=G7O3EF player=PlayerId(1)}: phase_server: game submission processed (lock held) game=G7O3EF kind="action" lock_ms=4 ai_actions=0
2026-09-14T04:54:30.269009Z  INFO ws_message:game_session{game=G7O3EF player=PlayerId(0)}: server_core::session: action applied game=G7O3EF player=PlayerId(0) action_type="PassPriority" event_count=4
2026-09-14T04:54:30.270952Z  INFO ws_message:game_session{game=G7O3EF player=PlayerId(0)}: phase_server: game submission processed (lock held) game=G7O3EF kind="action" lock_ms=7 ai_actions=0
2026-09-14T04:54:30.514861Z  INFO ws_message:game_session{game=G7O3EF player=PlayerId(0)}: server_core::session: action applied game=G7O3EF player=PlayerId(0) action_type="PassPriority" event_count=1
2026-09-14T04:54:30.516644Z  INFO ws_message:game_session{game=G7O3EF player=PlayerId(0)}: phase_server: game submission processed (lock held) game=G7O3EF kind="action" lock_ms=2 ai_actions=0
2026-09-14T04:54:30.770784Z  INFO ws_message:game_session{game=G7O3EF player=PlayerId(1)}: server_core::session: action applied game=G7O3EF player=PlayerId(1) action_type="PassPriority" event_count=4
2026-09-14T04:54:30.773224Z  INFO ws_message:game_session{game=G7O3EF player=PlayerId(1)}: phase_server: game submission processed (lock held) game=G7O3EF kind="action" lock_ms=7 ai_actions=0
2026-09-14T04:54:31.016724Z  INFO ws_message:game_session{game=G7O3EF player=PlayerId(0)}: server_core::session: action applied game=G7O3EF player=PlayerId(0) action_type="PassPriority" event_count=1
2026-09-14T04:54:31.018610Z  INFO ws_message:game_session{game=G7O3EF player=PlayerId(0)}: phase_server: game submission processed (lock held) game=G7O3EF kind="action" lock_ms=2 ai_actions=0
2026-09-14T04:54:31.268085Z  INFO ws_message:game_session{game=G7O3EF player=PlayerId(1)}: server_core::session: action applied game=G7O3EF player=PlayerId(1) action_type="PassPriority" event_count=1
2026-09-14T04:54:31.289685Z  INFO ws_message:game_session{game=G7O3EF player=PlayerId(1)}: phase_server: game submission processed (lock held) game=G7O3EF kind="action" lock_ms=22 ai_actions=0
2026-09-14T04:54:31.523024Z  INFO ws_message:game_session{game=G7O3EF player=PlayerId(0)}: server_core::session: action applied game=G7O3EF player=PlayerId(0) action_type="PlayLand" event_count=2
2026-09-14T04:54:31.531806Z  INFO ws_message:game_session{game=G7O3EF player=PlayerId(0)}: phase_server: game submission processed (lock held) game=G7O3EF kind="action" lock_ms=13 ai_actions=0
2026-09-14T04:54:31.771456Z  INFO ws_message:game_session{game=G7O3EF player=PlayerId(0)}: server_core::session: action applied game=G7O3EF player=PlayerId(0) action_type="PassPriority" event_count=1
2026-09-14T04:54:31.773170Z  INFO ws_message:game_session{game=G7O3EF player=PlayerId(0)}: phase_server: game submission processed (lock held) game=G7O3EF kind="action" lock_ms=3 ai_actions=0
2026-09-14T04:54:32.023026Z  INFO ws_message:game_session{game=G7O3EF player=PlayerId(1)}: server_core::session: action applied game=G7O3EF player=PlayerId(1) action_type="PassPriority" event_count=1
2026-09-14T04:54:32.031260Z  INFO ws_message:game_session{game=G7O3EF player=PlayerId(1)}: phase_server: game submission processed (lock held) game=G7O3EF kind="action" lock_ms=9 ai_actions=0
2026-09-14T04:54:32.274360Z  INFO ws_message:game_session{game=G7O3EF player=PlayerId(0)}: server_core::session: action applied game=G7O3EF player=PlayerId(0) action_type="PassPriority" event_count=1
2026-09-14T04:54:32.276970Z  INFO ws_message:game_session{game=G7O3EF player=PlayerId(0)}: phase_server: game submission processed (lock held) game=G7O3EF kind="action" lock_ms=4 ai_actions=0
2026-09-14T04:54:32.530724Z  INFO ws_message:game_session{game=G7O3EF player=PlayerId(1)}: server_core::session: action applied game=G7O3EF player=PlayerId(1) action_type="PassPriority" event_count=3
2026-09-14T04:54:32.539607Z  INFO ws_message:game_session{game=G7O3EF player=PlayerId(1)}: phase_server: game submission processed (lock held) game=G7O3EF kind="action" lock_ms=13 ai_actions=0
2026-09-14T04:54:32.776644Z  INFO ws_message:game_session{game=G7O3EF player=PlayerId(0)}: server_core::session: action applied game=G7O3EF player=PlayerId(0) action_type="PassPriority" event_count=1
2026-09-14T04:54:32.778587Z  INFO ws_message:game_session{game=G7O3EF player=PlayerId(0)}: phase_server: game submission processed (lock held) game=G7O3EF kind="action" lock_ms=3 ai_actions=0
2026-09-14T04:54:33.031709Z  INFO ws_message:game_session{game=G7O3EF player=PlayerId(1)}: server_core::session: action applied game=G7O3EF player=PlayerId(1) action_type="PassPriority" event_count=1
2026-09-14T04:54:33.039853Z  INFO ws_message:game_session{game=G7O3EF player=PlayerId(1)}: phase_server: game submission processed (lock held) game=G7O3EF kind="action" lock_ms=12 ai_actions=0
2026-09-14T04:54:33.278124Z  INFO ws_message:game_session{game=G7O3EF player=PlayerId(0)}: server_core::session: action applied game=G7O3EF player=PlayerId(0) action_type="PassPriority" event_count=1
2026-09-14T04:54:33.279830Z  INFO ws_message:game_session{game=G7O3EF player=PlayerId(0)}: phase_server: game submission processed (lock held) game=G7O3EF kind="action" lock_ms=3 ai_actions=0
2026-09-14T04:54:33.532984Z  INFO ws_message:game_session{game=G7O3EF player=PlayerId(1)}: server_core::session: action applied game=G7O3EF player=PlayerId(1) action_type="PassPriority" event_count=1
2026-09-14T04:54:33.542358Z  INFO ws_message:game_session{game=G7O3EF player=PlayerId(1)}: phase_server: game submission processed (lock held) game=G7O3EF kind="action" lock_ms=13 ai_actions=0
2026-09-14T04:54:33.779202Z  INFO ws_message:game_session{game=G7O3EF player=PlayerId(0)}: server_core::session: action applied game=G7O3EF player=PlayerId(0) action_type="PassPriority" event_count=1
2026-09-14T04:54:33.780937Z  INFO ws_message:game_session{game=G7O3EF player=PlayerId(0)}: phase_server: game submission processed (lock held) game=G7O3EF kind="action" lock_ms=2 ai_actions=0
2026-09-14T04:54:34.035425Z  INFO ws_message:game_session{game=G7O3EF player=PlayerId(1)}: server_core::session: action applied game=G7O3EF player=PlayerId(1) action_type="PassPriority" event_count=4
2026-09-14T04:54:34.036726Z  INFO ws_message:game_session{game=G7O3EF player=PlayerId(1)}: phase_server: game submission processed (lock held) game=G7O3EF kind="action" lock_ms=6 ai_actions=0
2026-09-14T04:54:34.282700Z  INFO ws_message:game_session{game=G7O3EF player=PlayerId(1)}: server_core::session: action applied game=G7O3EF player=PlayerId(1) action_type="PassPriority" event_count=1
2026-09-14T04:54:34.289748Z  INFO ws_message:game_session{game=G7O3EF player=PlayerId(1)}: phase_server: game submission processed (lock held) game=G7O3EF kind="action" lock_ms=7 ai_actions=0
2026-09-14T04:54:34.539885Z  INFO ws_message:game_session{game=G7O3EF player=PlayerId(0)}: server_core::session: action applied game=G7O3EF player=PlayerId(0) action_type="PassPriority" event_count=4
2026-09-14T04:54:34.541213Z  INFO ws_message:game_session{game=G7O3EF player=PlayerId(0)}: phase_server: game submission processed (lock held) game=G7O3EF kind="action" lock_ms=9 ai_actions=0
2026-09-14T04:54:34.784126Z  INFO ws_message:game_session{game=G7O3EF player=PlayerId(1)}: server_core::session: action applied game=G7O3EF player=PlayerId(1) action_type="PassPriority" event_count=1
2026-09-14T04:54:34.791619Z  INFO ws_message:game_session{game=G7O3EF player=PlayerId(1)}: phase_server: game submission processed (lock held) game=G7O3EF kind="action" lock_ms=8 ai_actions=0
2026-09-14T04:54:35.034929Z  INFO ws_message:game_session{game=G7O3EF player=PlayerId(0)}: server_core::session: action applied game=G7O3EF player=PlayerId(0) action_type="PassPriority" event_count=1
2026-09-14T04:54:35.073495Z  INFO ws_message:game_session{game=G7O3EF player=PlayerId(0)}: phase_server: game submission processed (lock held) game=G7O3EF kind="action" lock_ms=39 ai_actions=0
2026-09-14T04:54:35.286122Z  INFO ws_message:game_session{game=G7O3EF player=PlayerId(1)}: server_core::session: action applied game=G7O3EF player=PlayerId(1) action_type="PassPriority" event_count=1
2026-09-14T04:54:35.292969Z  INFO ws_message:game_session{game=G7O3EF player=PlayerId(1)}: phase_server: game submission processed (lock held) game=G7O3EF kind="action" lock_ms=7 ai_actions=0
2026-09-14T04:54:35.538473Z  INFO ws_message:game_session{game=G7O3EF player=PlayerId(0)}: server_core::session: action applied game=G7O3EF player=PlayerId(0) action_type="PassPriority" event_count=1
2026-09-14T04:54:35.540441Z  INFO ws_message:game_session{game=G7O3EF player=PlayerId(0)}: phase_server: game submission processed (lock held) game=G7O3EF kind="action" lock_ms=3 ai_actions=0
2026-09-14T04:54:35.788590Z  INFO ws_message:game_session{game=G7O3EF player=PlayerId(1)}: server_core::session: action applied game=G7O3EF player=PlayerId(1) action_type="PassPriority" event_count=1
2026-09-14T04:54:35.797141Z  INFO ws_message:game_session{game=G7O3EF player=PlayerId(1)}: phase_server: game submission processed (lock held) game=G7O3EF kind="action" lock_ms=9 ai_actions=0
2026-09-14T04:54:36.045185Z  INFO ws_message:game_session{game=G7O3EF player=PlayerId(0)}: server_core::session: action applied game=G7O3EF player=PlayerId(0) action_type="PassPriority" event_count=3
2026-09-14T04:54:36.047739Z  INFO ws_message:game_session{game=G7O3EF player=PlayerId(0)}: phase_server: game submission processed (lock held) game=G7O3EF kind="action" lock_ms=8 ai_actions=0
2026-09-14T04:54:36.290922Z  INFO ws_message:game_session{game=G7O3EF player=PlayerId(1)}: server_core::session: action applied game=G7O3EF player=PlayerId(1) action_type="PassPriority" event_count=1
2026-09-14T04:54:36.297843Z  INFO ws_message:game_session{game=G7O3EF player=PlayerId(1)}: phase_server: game submission processed (lock held) game=G7O3EF kind="action" lock_ms=7 ai_actions=0
2026-09-14T04:54:36.545703Z  INFO ws_message:game_session{game=G7O3EF player=PlayerId(0)}: server_core::session: action applied game=G7O3EF player=PlayerId(0) action_type="PassPriority" event_count=1
2026-09-14T04:54:36.581597Z  INFO ws_message:game_session{game=G7O3EF player=PlayerId(0)}: phase_server: game submission processed (lock held) game=G7O3EF kind="action" lock_ms=41 ai_actions=0
2026-09-14T04:54:36.792931Z  INFO ws_message:game_session{game=G7O3EF player=PlayerId(1)}: server_core::session: action applied game=G7O3EF player=PlayerId(1) action_type="PassPriority" event_count=1
2026-09-14T04:54:36.803689Z  INFO ws_message:game_session{game=G7O3EF player=PlayerId(1)}: phase_server: game submission processed (lock held) game=G7O3EF kind="action" lock_ms=11 ai_actions=0
2026-09-14T04:54:37.049136Z  INFO ws_message:game_session{game=G7O3EF player=PlayerId(0)}: server_core::session: action applied game=G7O3EF player=PlayerId(0) action_type="PassPriority" event_count=1
2026-09-14T04:54:37.051741Z  INFO ws_message:game_session{game=G7O3EF player=PlayerId(0)}: phase_server: game submission processed (lock held) game=G7O3EF kind="action" lock_ms=8 ai_actions=0
2026-09-14T04:54:37.295308Z  INFO ws_message:game_session{game=G7O3EF player=PlayerId(1)}: server_core::session: action applied game=G7O3EF player=PlayerId(1) action_type="PassPriority" event_count=1
2026-09-14T04:54:37.302539Z  INFO ws_message:game_session{game=G7O3EF player=PlayerId(1)}: phase_server: game submission processed (lock held) game=G7O3EF kind="action" lock_ms=8 ai_actions=0
2026-09-14T04:54:37.549495Z  INFO ws_message:game_session{game=G7O3EF player=PlayerId(0)}: server_core::session: action applied game=G7O3EF player=PlayerId(0) action_type="PassPriority" event_count=1
2026-09-14T04:54:37.593654Z  INFO ws_message:game_session{game=G7O3EF player=PlayerId(0)}: phase_server: game submission processed (lock held) game=G7O3EF kind="action" lock_ms=48 ai_actions=0
2026-09-14T04:54:37.808797Z  INFO ws_message:game_session{game=G7O3EF player=PlayerId(1)}: server_core::session: interaction applied game=G7O3EF player=PlayerId(1) action_type="SelectCards" event_count=5
2026-09-14T04:54:37.818612Z  INFO ws_message:game_session{game=G7O3EF player=PlayerId(1)}: phase_server: game submission processed (lock held) game=G7O3EF kind="interaction" lock_ms=21 ai_actions=0
2026-09-14T04:54:38.048663Z  INFO ws_message:game_session{game=G7O3EF player=PlayerId(0)}: server_core::session: action applied game=G7O3EF player=PlayerId(0) action_type="PassPriority" event_count=1
2026-09-14T04:54:38.050615Z  INFO ws_message:game_session{game=G7O3EF player=PlayerId(0)}: phase_server: game submission processed (lock held) game=G7O3EF kind="action" lock_ms=3 ai_actions=0
2026-09-14T04:54:38.304618Z  INFO ws_message:game_session{game=G7O3EF player=PlayerId(1)}: server_core::session: action applied game=G7O3EF player=PlayerId(1) action_type="PassPriority" event_count=4
2026-09-14T04:54:38.311468Z  INFO ws_message:game_session{game=G7O3EF player=PlayerId(1)}: phase_server: game submission processed (lock held) game=G7O3EF kind="action" lock_ms=11 ai_actions=0
2026-09-14T04:54:38.550916Z  INFO ws_message:game_session{game=G7O3EF player=PlayerId(0)}: server_core::session: action applied game=G7O3EF player=PlayerId(0) action_type="PassPriority" event_count=1
2026-09-14T04:54:38.552818Z  INFO ws_message:game_session{game=G7O3EF player=PlayerId(0)}: phase_server: game submission processed (lock held) game=G7O3EF kind="action" lock_ms=3 ai_actions=0
2026-09-14T04:54:38.803744Z  INFO ws_message:game_session{game=G7O3EF player=PlayerId(1)}: server_core::session: action applied game=G7O3EF player=PlayerId(1) action_type="PassPriority" event_count=1
2026-09-14T04:54:38.826189Z  INFO ws_message:game_session{game=G7O3EF player=PlayerId(1)}: phase_server: game submission processed (lock held) game=G7O3EF kind="action" lock_ms=23 ai_actions=0
2026-09-14T04:54:39.058858Z  INFO ws_message:game_session{game=G7O3EF player=PlayerId(0)}: server_core::session: action applied game=G7O3EF player=PlayerId(0) action_type="PlayLand" event_count=2
2026-09-14T04:54:39.070833Z  INFO ws_message:game_session{game=G7O3EF player=PlayerId(0)}: phase_server: game submission processed (lock held) game=G7O3EF kind="action" lock_ms=17 ai_actions=0
2026-09-14T04:54:39.305592Z  INFO ws_message:game_session{game=G7O3EF player=PlayerId(0)}: server_core::session: action applied game=G7O3EF player=PlayerId(0) action_type="PassPriority" event_count=1
2026-09-14T04:54:39.307605Z  INFO ws_message:game_session{game=G7O3EF player=PlayerId(0)}: phase_server: game submission processed (lock held) game=G7O3EF kind="action" lock_ms=3 ai_actions=0
2026-09-14T04:54:39.558385Z  INFO ws_message:game_session{game=G7O3EF player=PlayerId(1)}: server_core::session: action applied game=G7O3EF player=PlayerId(1) action_type="PassPriority" event_count=1
2026-09-14T04:54:39.566129Z  INFO ws_message:game_session{game=G7O3EF player=PlayerId(1)}: phase_server: game submission processed (lock held) game=G7O3EF kind="action" lock_ms=10 ai_actions=0
2026-09-14T04:54:39.808203Z  INFO ws_message:game_session{game=G7O3EF player=PlayerId(0)}: server_core::session: action applied game=G7O3EF player=PlayerId(0) action_type="PassPriority" event_count=1
2026-09-14T04:54:39.810058Z  INFO ws_message:game_session{game=G7O3EF player=PlayerId(0)}: phase_server: game submission processed (lock held) game=G7O3EF kind="action" lock_ms=3 ai_actions=0
2026-09-14T04:54:40.063577Z  INFO ws_message:game_session{game=G7O3EF player=PlayerId(1)}: server_core::session: action applied game=G7O3EF player=PlayerId(1) action_type="PassPriority" event_count=3
2026-09-14T04:54:40.071255Z  INFO ws_message:game_session{game=G7O3EF player=PlayerId(1)}: phase_server: game submission processed (lock held) game=G7O3EF kind="action" lock_ms=13 ai_actions=0
2026-09-14T04:54:40.310232Z  INFO ws_message:game_session{game=G7O3EF player=PlayerId(0)}: server_core::session: action applied game=G7O3EF player=PlayerId(0) action_type="PassPriority" event_count=1
2026-09-14T04:54:40.312145Z  INFO ws_message:game_session{game=G7O3EF player=PlayerId(0)}: phase_server: game submission processed (lock held) game=G7O3EF kind="action" lock_ms=3 ai_actions=0
2026-09-14T04:54:40.567296Z  INFO ws_message:game_session{game=G7O3EF player=PlayerId(1)}: server_core::session: action applied game=G7O3EF player=PlayerId(1) action_type="PassPriority" event_count=1
2026-09-14T04:54:40.579434Z  INFO ws_message:game_session{game=G7O3EF player=PlayerId(1)}: phase_server: game submission processed (lock held) game=G7O3EF kind="action" lock_ms=19 ai_actions=0
2026-09-14T04:54:40.813127Z  INFO ws_message:game_session{game=G7O3EF player=PlayerId(0)}: server_core::session: action applied game=G7O3EF player=PlayerId(0) action_type="PassPriority" event_count=1
2026-09-14T04:54:40.814917Z  INFO ws_message:game_session{game=G7O3EF player=PlayerId(0)}: phase_server: game submission processed (lock held) game=G7O3EF kind="action" lock_ms=3 ai_actions=0
2026-09-14T04:54:41.066200Z  INFO ws_message:game_session{game=G7O3EF player=PlayerId(1)}: server_core::session: action applied game=G7O3EF player=PlayerId(1) action_type="PassPriority" event_count=1
2026-09-14T04:54:41.074043Z  INFO ws_message:game_session{game=G7O3EF player=PlayerId(1)}: phase_server: game submission processed (lock held) game=G7O3EF kind="action" lock_ms=12 ai_actions=0
2026-09-14T04:54:41.314809Z  INFO ws_message:game_session{game=G7O3EF player=PlayerId(0)}: server_core::session: action applied game=G7O3EF player=PlayerId(0) action_type="PassPriority" event_count=1
2026-09-14T04:54:41.316651Z  INFO ws_message:game_session{game=G7O3EF player=PlayerId(0)}: phase_server: game submission processed (lock held) game=G7O3EF kind="action" lock_ms=3 ai_actions=0
2026-09-14T04:54:41.570316Z  INFO ws_message:game_session{game=G7O3EF player=PlayerId(1)}: server_core::session: action applied game=G7O3EF player=PlayerId(1) action_type="PassPriority" event_count=4
2026-09-14T04:54:41.572129Z  INFO ws_message:game_session{game=G7O3EF player=PlayerId(1)}: phase_server: game submission processed (lock held) game=G7O3EF kind="action" lock_ms=6 ai_actions=0
2026-09-14T04:54:41.817894Z  INFO ws_message:game_session{game=G7O3EF player=PlayerId(1)}: server_core::session: action applied game=G7O3EF player=PlayerId(1) action_type="PassPriority" event_count=1
2026-09-14T04:54:41.825397Z  INFO ws_message:game_session{game=G7O3EF player=PlayerId(1)}: phase_server: game submission processed (lock held) game=G7O3EF kind="action" lock_ms=8 ai_actions=0
2026-09-14T04:54:42.073295Z  INFO ws_message:game_session{game=G7O3EF player=PlayerId(0)}: server_core::session: action applied game=G7O3EF player=PlayerId(0) action_type="PassPriority" event_count=4
2026-09-14T04:54:42.074490Z  INFO ws_message:game_session{game=G7O3EF player=PlayerId(0)}: phase_server: game submission processed (lock held) game=G7O3EF kind="action" lock_ms=7 ai_actions=0
2026-09-14T04:54:42.321049Z  INFO ws_message:game_session{game=G7O3EF player=PlayerId(1)}: server_core::session: action applied game=G7O3EF player=PlayerId(1) action_type="PassPriority" event_count=1
2026-09-14T04:54:42.328102Z  INFO ws_message:game_session{game=G7O3EF player=PlayerId(1)}: phase_server: game submission processed (lock held) game=G7O3EF kind="action" lock_ms=8 ai_actions=0
2026-09-14T04:54:42.571840Z  INFO ws_message:game_session{game=G7O3EF player=PlayerId(0)}: server_core::session: action applied game=G7O3EF player=PlayerId(0) action_type="PassPriority" event_count=1
2026-09-14T04:54:42.608122Z  INFO ws_message:game_session{game=G7O3EF player=PlayerId(0)}: phase_server: game submission processed (lock held) game=G7O3EF kind="action" lock_ms=37 ai_actions=0
2026-09-14T04:54:42.822851Z  INFO ws_message:game_session{game=G7O3EF player=PlayerId(1)}: server_core::session: action applied game=G7O3EF player=PlayerId(1) action_type="PassPriority" event_count=1
2026-09-14T04:54:42.829865Z  INFO ws_message:game_session{game=G7O3EF player=PlayerId(1)}: phase_server: game submission processed (lock held) game=G7O3EF kind="action" lock_ms=8 ai_actions=0
2026-09-14T04:54:43.075104Z  INFO ws_message:game_session{game=G7O3EF player=PlayerId(0)}: server_core::session: action applied game=G7O3EF player=PlayerId(0) action_type="PassPriority" event_count=1
2026-09-14T04:54:43.077179Z  INFO ws_message:game_session{game=G7O3EF player=PlayerId(0)}: phase_server: game submission processed (lock held) game=G7O3EF kind="action" lock_ms=4 ai_actions=0
2026-09-14T04:54:43.326392Z  INFO ws_message:game_session{game=G7O3EF player=PlayerId(1)}: server_core::session: action applied game=G7O3EF player=PlayerId(1) action_type="PassPriority" event_count=1
2026-09-14T04:54:43.340173Z  INFO ws_message:game_session{game=G7O3EF player=PlayerId(1)}: phase_server: game submission processed (lock held) game=G7O3EF kind="action" lock_ms=15 ai_actions=0
2026-09-14T04:54:43.581365Z  INFO ws_message:game_session{game=G7O3EF player=PlayerId(0)}: server_core::session: action applied game=G7O3EF player=PlayerId(0) action_type="PassPriority" event_count=3
2026-09-14T04:54:43.583768Z  INFO ws_message:game_session{game=G7O3EF player=PlayerId(0)}: phase_server: game submission processed (lock held) game=G7O3EF kind="action" lock_ms=7 ai_actions=0
2026-09-14T04:54:43.828549Z  INFO ws_message:game_session{game=G7O3EF player=PlayerId(1)}: server_core::session: action applied game=G7O3EF player=PlayerId(1) action_type="PassPriority" event_count=1
2026-09-14T04:54:43.835943Z  INFO ws_message:game_session{game=G7O3EF player=PlayerId(1)}: phase_server: game submission processed (lock held) game=G7O3EF kind="action" lock_ms=8 ai_actions=0
2026-09-14T04:54:44.082714Z  INFO ws_message:game_session{game=G7O3EF player=PlayerId(0)}: server_core::session: action applied game=G7O3EF player=PlayerId(0) action_type="PassPriority" event_count=1
2026-09-14T04:54:44.120047Z  INFO ws_message:game_session{game=G7O3EF player=PlayerId(0)}: phase_server: game submission processed (lock held) game=G7O3EF kind="action" lock_ms=42 ai_actions=0
2026-09-14T04:54:44.330860Z  INFO ws_message:game_session{game=G7O3EF player=PlayerId(1)}: server_core::session: action applied game=G7O3EF player=PlayerId(1) action_type="PassPriority" event_count=1
2026-09-14T04:54:44.338149Z  INFO ws_message:game_session{game=G7O3EF player=PlayerId(1)}: phase_server: game submission processed (lock held) game=G7O3EF kind="action" lock_ms=8 ai_actions=0
2026-09-14T04:54:44.587451Z  INFO ws_message:game_session{game=G7O3EF player=PlayerId(0)}: server_core::session: action applied game=G7O3EF player=PlayerId(0) action_type="PassPriority" event_count=1
2026-09-14T04:54:44.589354Z  INFO ws_message:game_session{game=G7O3EF player=PlayerId(0)}: phase_server: game submission processed (lock held) game=G7O3EF kind="action" lock_ms=7 ai_actions=0
2026-09-14T04:54:44.835289Z  INFO ws_message:game_session{game=G7O3EF player=PlayerId(1)}: server_core::session: action applied game=G7O3EF player=PlayerId(1) action_type="PassPriority" event_count=1
2026-09-14T04:54:44.842577Z  INFO ws_message:game_session{game=G7O3EF player=PlayerId(1)}: phase_server: game submission processed (lock held) game=G7O3EF kind="action" lock_ms=8 ai_actions=0
2026-09-14T04:54:45.090572Z  INFO ws_message:game_session{game=G7O3EF player=PlayerId(0)}: server_core::session: action applied game=G7O3EF player=PlayerId(0) action_type="PassPriority" event_count=1
2026-09-14T04:54:45.130976Z  INFO ws_message:game_session{game=G7O3EF player=PlayerId(0)}: phase_server: game submission processed (lock held) game=G7O3EF kind="action" lock_ms=44 ai_actions=0
2026-09-14T04:54:45.347884Z  INFO ws_message:game_session{game=G7O3EF player=PlayerId(1)}: server_core::session: interaction applied game=G7O3EF player=PlayerId(1) action_type="SelectCards" event_count=5
2026-09-14T04:54:45.354413Z  INFO ws_message:game_session{game=G7O3EF player=PlayerId(1)}: phase_server: game submission processed (lock held) game=G7O3EF kind="interaction" lock_ms=16 ai_actions=0
2026-09-14T04:54:45.589706Z  INFO ws_message:game_session{game=G7O3EF player=PlayerId(0)}: server_core::session: action applied game=G7O3EF player=PlayerId(0) action_type="PassPriority" event_count=1
2026-09-14T04:54:45.591574Z  INFO ws_message:game_session{game=G7O3EF player=PlayerId(0)}: phase_server: game submission processed (lock held) game=G7O3EF kind="action" lock_ms=3 ai_actions=0
2026-09-14T04:54:45.848944Z  INFO ws_message:game_session{game=G7O3EF player=PlayerId(1)}: server_core::session: action applied game=G7O3EF player=PlayerId(1) action_type="PassPriority" event_count=4
2026-09-14T04:54:45.865866Z  INFO ws_message:game_session{game=G7O3EF player=PlayerId(1)}: phase_server: game submission processed (lock held) game=G7O3EF kind="action" lock_ms=25 ai_actions=0
2026-09-14T04:54:46.093049Z  INFO ws_message:game_session{game=G7O3EF player=PlayerId(0)}: server_core::session: action applied game=G7O3EF player=PlayerId(0) action_type="PassPriority" event_count=1
2026-09-14T04:54:46.094896Z  INFO ws_message:game_session{game=G7O3EF player=PlayerId(0)}: phase_server: game submission processed (lock held) game=G7O3EF kind="action" lock_ms=3 ai_actions=0
2026-09-14T04:54:46.344209Z  INFO ws_message:game_session{game=G7O3EF player=PlayerId(1)}: server_core::session: action applied game=G7O3EF player=PlayerId(1) action_type="PassPriority" event_count=1
2026-09-14T04:54:46.363589Z  INFO ws_message:game_session{game=G7O3EF player=PlayerId(1)}: phase_server: game submission processed (lock held) game=G7O3EF kind="action" lock_ms=20 ai_actions=0
2026-09-14T04:54:46.596372Z  INFO ws_message:game_session{game=G7O3EF player=PlayerId(0)}: server_core::session: action applied game=G7O3EF player=PlayerId(0) action_type="PassPriority" event_count=1
2026-09-14T04:54:46.598855Z  INFO ws_message:game_session{game=G7O3EF player=PlayerId(0)}: phase_server: game submission processed (lock held) game=G7O3EF kind="action" lock_ms=4 ai_actions=0
2026-09-14T04:54:46.846377Z  INFO ws_message:game_session{game=G7O3EF player=PlayerId(1)}: server_core::session: action applied game=G7O3EF player=PlayerId(1) action_type="PassPriority" event_count=1
2026-09-14T04:54:46.855561Z  INFO ws_message:game_session{game=G7O3EF player=PlayerId(1)}: phase_server: game submission processed (lock held) game=G7O3EF kind="action" lock_ms=10 ai_actions=0
2026-09-14T04:54:47.098080Z  INFO ws_message:game_session{game=G7O3EF player=PlayerId(0)}: server_core::session: action applied game=G7O3EF player=PlayerId(0) action_type="PassPriority" event_count=1
2026-09-14T04:54:47.099982Z  INFO ws_message:game_session{game=G7O3EF player=PlayerId(0)}: phase_server: game submission processed (lock held) game=G7O3EF kind="action" lock_ms=4 ai_actions=0
2026-09-14T04:54:47.351494Z  INFO ws_message:game_session{game=G7O3EF player=PlayerId(1)}: server_core::session: action applied game=G7O3EF player=PlayerId(1) action_type="PassPriority" event_count=3
2026-09-14T04:54:47.360506Z  INFO ws_message:game_session{game=G7O3EF player=PlayerId(1)}: phase_server: game submission processed (lock held) game=G7O3EF kind="action" lock_ms=14 ai_actions=0
2026-09-14T04:54:47.599885Z  INFO ws_message:game_session{game=G7O3EF player=PlayerId(0)}: server_core::session: action applied game=G7O3EF player=PlayerId(0) action_type="PassPriority" event_count=1
2026-09-14T04:54:47.602480Z  INFO ws_message:game_session{game=G7O3EF player=PlayerId(0)}: phase_server: game submission processed (lock held) game=G7O3EF kind="action" lock_ms=5 ai_actions=0
2026-09-14T04:54:47.853259Z  INFO ws_message:game_session{game=G7O3EF player=PlayerId(1)}: server_core::session: action applied game=G7O3EF player=PlayerId(1) action_type="PassPriority" event_count=1
2026-09-14T04:54:47.876189Z  INFO ws_message:game_session{game=G7O3EF player=PlayerId(1)}: phase_server: game submission processed (lock held) game=G7O3EF kind="action" lock_ms=27 ai_actions=0
2026-09-14T04:54:48.102260Z  INFO ws_message:game_session{game=G7O3EF player=PlayerId(0)}: server_core::session: action applied game=G7O3EF player=PlayerId(0) action_type="PassPriority" event_count=1
2026-09-14T04:54:48.104506Z  INFO ws_message:game_session{game=G7O3EF player=PlayerId(0)}: phase_server: game submission processed (lock held) game=G7O3EF kind="action" lock_ms=4 ai_actions=0
2026-09-14T04:54:48.356015Z  INFO ws_message:game_session{game=G7O3EF player=PlayerId(1)}: server_core::session: action applied game=G7O3EF player=PlayerId(1) action_type="PassPriority" event_count=1
2026-09-14T04:54:48.366961Z  INFO ws_message:game_session{game=G7O3EF player=PlayerId(1)}: phase_server: game submission processed (lock held) game=G7O3EF kind="action" lock_ms=16 ai_actions=0
2026-09-14T04:54:48.602439Z  INFO ws_message:game_session{game=G7O3EF player=PlayerId(0)}: server_core::session: action applied game=G7O3EF player=PlayerId(0) action_type="PassPriority" event_count=1
2026-09-14T04:54:48.604944Z  INFO ws_message:game_session{game=G7O3EF player=PlayerId(0)}: phase_server: game submission processed (lock held) game=G7O3EF kind="action" lock_ms=3 ai_actions=0
2026-09-14T04:54:48.859126Z  INFO ws_message:game_session{game=G7O3EF player=PlayerId(1)}: server_core::session: action applied game=G7O3EF player=PlayerId(1) action_type="PassPriority" event_count=1
2026-09-14T04:54:48.901078Z  INFO ws_message:game_session{game=G7O3EF player=PlayerId(1)}: phase_server: game submission processed (lock held) game=G7O3EF kind="action" lock_ms=46 ai_actions=0
2026-09-14T04:54:49.115818Z  INFO ws_message:game_session{game=G7O3EF player=PlayerId(0)}: server_core::session: interaction applied game=G7O3EF player=PlayerId(0) action_type="SelectCards" event_count=5
2026-09-14T04:54:49.118014Z  INFO ws_message:game_session{game=G7O3EF player=PlayerId(0)}: phase_server: game submission processed (lock held) game=G7O3EF kind="interaction" lock_ms=12 ai_actions=0
2026-09-14T04:54:49.358437Z  INFO ws_message:game_session{game=G7O3EF player=PlayerId(1)}: server_core::session: action applied game=G7O3EF player=PlayerId(1) action_type="PassPriority" event_count=1
2026-09-14T04:54:49.366207Z  INFO ws_message:game_session{game=G7O3EF player=PlayerId(1)}: phase_server: game submission processed (lock held) game=G7O3EF kind="action" lock_ms=9 ai_actions=0
2026-09-14T04:54:49.612509Z  INFO ws_message:game_session{game=G7O3EF player=PlayerId(0)}: server_core::session: action applied game=G7O3EF player=PlayerId(0) action_type="PassPriority" event_count=4
2026-09-14T04:54:49.615130Z  INFO ws_message:game_session{game=G7O3EF player=PlayerId(0)}: phase_server: game submission processed (lock held) game=G7O3EF kind="action" lock_ms=7 ai_actions=0
2026-09-14T04:54:49.859692Z  INFO ws_message:game_session{game=G7O3EF player=PlayerId(1)}: server_core::session: action applied game=G7O3EF player=PlayerId(1) action_type="PassPriority" event_count=1
2026-09-14T04:54:49.867539Z  INFO ws_message:game_session{game=G7O3EF player=PlayerId(1)}: phase_server: game submission processed (lock held) game=G7O3EF kind="action" lock_ms=9 ai_actions=0
2026-09-14T04:54:50.110293Z  INFO ws_message:game_session{game=G7O3EF player=PlayerId(0)}: server_core::session: action applied game=G7O3EF player=PlayerId(0) action_type="PassPriority" event_count=1
2026-09-14T04:54:50.147538Z  INFO ws_message:game_session{game=G7O3EF player=PlayerId(0)}: phase_server: game submission processed (lock held) game=G7O3EF kind="action" lock_ms=39 ai_actions=0
2026-09-14T04:54:50.361679Z  INFO ws_message:game_session{game=G7O3EF player=PlayerId(1)}: server_core::session: action applied game=G7O3EF player=PlayerId(1) action_type="PassPriority" event_count=1
2026-09-14T04:54:50.369332Z  INFO ws_message:game_session{game=G7O3EF player=PlayerId(1)}: phase_server: game submission processed (lock held) game=G7O3EF kind="action" lock_ms=10 ai_actions=0
2026-09-14T04:54:50.611800Z  INFO ws_message:game_session{game=G7O3EF player=PlayerId(0)}: server_core::session: action applied game=G7O3EF player=PlayerId(0) action_type="PassPriority" event_count=1
2026-09-14T04:54:50.614263Z  INFO ws_message:game_session{game=G7O3EF player=PlayerId(0)}: phase_server: game submission processed (lock held) game=G7O3EF kind="action" lock_ms=4 ai_actions=0
2026-09-14T04:54:50.865189Z  INFO ws_message:game_session{game=G7O3EF player=PlayerId(1)}: server_core::session: action applied game=G7O3EF player=PlayerId(1) action_type="PassPriority" event_count=1
2026-09-14T04:54:50.875183Z  INFO ws_message:game_session{game=G7O3EF player=PlayerId(1)}: phase_server: game submission processed (lock held) game=G7O3EF kind="action" lock_ms=12 ai_actions=0
2026-09-14T04:54:51.118738Z  INFO ws_message:game_session{game=G7O3EF player=PlayerId(0)}: server_core::session: action applied game=G7O3EF player=PlayerId(0) action_type="PassPriority" event_count=3
2026-09-14T04:54:51.120854Z  INFO ws_message:game_session{game=G7O3EF player=PlayerId(0)}: phase_server: game submission processed (lock held) game=G7O3EF kind="action" lock_ms=7 ai_actions=0
2026-09-14T04:54:51.368617Z  INFO ws_message:game_session{game=G7O3EF player=PlayerId(1)}: server_core::session: action applied game=G7O3EF player=PlayerId(1) action_type="PassPriority" event_count=1
2026-09-14T04:54:51.376634Z  INFO ws_message:game_session{game=G7O3EF player=PlayerId(1)}: phase_server: game submission processed (lock held) game=G7O3EF kind="action" lock_ms=10 ai_actions=0
2026-09-14T04:54:51.621556Z  INFO ws_message:game_session{game=G7O3EF player=PlayerId(0)}: server_core::session: action applied game=G7O3EF player=PlayerId(0) action_type="PassPriority" event_count=1
2026-09-14T04:54:51.657694Z  INFO ws_message:game_session{game=G7O3EF player=PlayerId(0)}: phase_server: game submission processed (lock held) game=G7O3EF kind="action" lock_ms=40 ai_actions=0
2026-09-14T04:54:51.870972Z  INFO ws_message:game_session{game=G7O3EF player=PlayerId(1)}: server_core::session: action applied game=G7O3EF player=PlayerId(1) action_type="PassPriority" event_count=1
2026-09-14T04:54:51.878980Z  INFO ws_message:game_session{game=G7O3EF player=PlayerId(1)}: phase_server: game submission processed (lock held) game=G7O3EF kind="action" lock_ms=10 ai_actions=0
2026-09-14T04:54:52.127583Z  INFO ws_message:game_session{game=G7O3EF player=PlayerId(0)}: server_core::session: action applied game=G7O3EF player=PlayerId(0) action_type="PassPriority" event_count=1
2026-09-14T04:54:52.130794Z  INFO ws_message:game_session{game=G7O3EF player=PlayerId(0)}: phase_server: game submission processed (lock held) game=G7O3EF kind="action" lock_ms=11 ai_actions=0
2026-09-14T04:54:52.371937Z  INFO ws_message:game_session{game=G7O3EF player=PlayerId(1)}: server_core::session: action applied game=G7O3EF player=PlayerId(1) action_type="PassPriority" event_count=1
2026-09-14T04:54:52.380062Z  INFO ws_message:game_session{game=G7O3EF player=PlayerId(1)}: phase_server: game submission processed (lock held) game=G7O3EF kind="action" lock_ms=9 ai_actions=0
2026-09-14T04:54:52.625423Z  INFO ws_message:game_session{game=G7O3EF player=PlayerId(0)}: server_core::session: action applied game=G7O3EF player=PlayerId(0) action_type="PassPriority" event_count=1
2026-09-14T04:54:52.662952Z  INFO ws_message:game_session{game=G7O3EF player=PlayerId(0)}: phase_server: game submission processed (lock held) game=G7O3EF kind="action" lock_ms=42 ai_actions=0
2026-09-14T04:54:52.884833Z  INFO ws_message:game_session{game=G7O3EF player=PlayerId(1)}: server_core::session: interaction applied game=G7O3EF player=PlayerId(1) action_type="SelectCards" event_count=5
2026-09-14T04:54:52.893145Z  INFO ws_message:game_session{game=G7O3EF player=PlayerId(1)}: phase_server: game submission processed (lock held) game=G7O3EF kind="interaction" lock_ms=20 ai_actions=0
2026-09-14T04:54:53.124954Z  INFO ws_message:game_session{game=G7O3EF player=PlayerId(0)}: server_core::session: action applied game=G7O3EF player=PlayerId(0) action_type="PassPriority" event_count=1
2026-09-14T04:54:53.127090Z  INFO ws_message:game_session{game=G7O3EF player=PlayerId(0)}: phase_server: game submission processed (lock held) game=G7O3EF kind="action" lock_ms=3 ai_actions=0
2026-09-14T04:54:53.380861Z  INFO ws_message:game_session{game=G7O3EF player=PlayerId(1)}: server_core::session: action applied game=G7O3EF player=PlayerId(1) action_type="PassPriority" event_count=4
2026-09-14T04:54:53.390567Z  INFO ws_message:game_session{game=G7O3EF player=PlayerId(1)}: phase_server: game submission processed (lock held) game=G7O3EF kind="action" lock_ms=15 ai_actions=0
2026-09-14T04:54:53.627867Z  INFO ws_message:game_session{game=G7O3EF player=PlayerId(0)}: server_core::session: action applied game=G7O3EF player=PlayerId(0) action_type="PassPriority" event_count=1
2026-09-14T04:54:53.629861Z  INFO ws_message:game_session{game=G7O3EF player=PlayerId(0)}: phase_server: game submission processed (lock held) game=G7O3EF kind="action" lock_ms=3 ai_actions=0
2026-09-14T04:54:53.880484Z  INFO ws_message:game_session{game=G7O3EF player=PlayerId(1)}: server_core::session: action applied game=G7O3EF player=PlayerId(1) action_type="PassPriority" event_count=1
2026-09-14T04:54:53.907726Z  INFO ws_message:game_session{game=G7O3EF player=PlayerId(1)}: phase_server: game submission processed (lock held) game=G7O3EF kind="action" lock_ms=29 ai_actions=0
2026-09-14T04:54:54.184317Z  INFO ws_message:game_session{game=G7O3EF player=PlayerId(0)}: server_core::session: action applied game=G7O3EF player=PlayerId(0) action_type="PlayLand" event_count=2
2026-09-14T04:54:54.205833Z  INFO ws_message:game_session{game=G7O3EF player=PlayerId(0)}: phase_server: game submission processed (lock held) game=G7O3EF kind="action" lock_ms=27 ai_actions=0
2026-09-14T04:54:54.431209Z  INFO ws_message:game_session{game=G7O3EF player=PlayerId(0)}: server_core::session: action applied game=G7O3EF player=PlayerId(0) action_type="PassPriority" event_count=1
2026-09-14T04:54:54.433280Z  INFO ws_message:game_session{game=G7O3EF player=PlayerId(0)}: phase_server: game submission processed (lock held) game=G7O3EF kind="action" lock_ms=4 ai_actions=0
2026-09-14T04:54:54.683557Z  INFO ws_message:game_session{game=G7O3EF player=PlayerId(1)}: server_core::session: action applied game=G7O3EF player=PlayerId(1) action_type="PassPriority" event_count=1
2026-09-14T04:54:54.692447Z  INFO ws_message:game_session{game=G7O3EF player=PlayerId(1)}: phase_server: game submission processed (lock held) game=G7O3EF kind="action" lock_ms=11 ai_actions=0
2026-09-14T04:54:54.933257Z  INFO ws_message:game_session{game=G7O3EF player=PlayerId(0)}: server_core::session: action applied game=G7O3EF player=PlayerId(0) action_type="PassPriority" event_count=1
2026-09-14T04:54:54.935503Z  INFO ws_message:game_session{game=G7O3EF player=PlayerId(0)}: phase_server: game submission processed (lock held) game=G7O3EF kind="action" lock_ms=4 ai_actions=0
2026-09-14T04:54:55.187746Z  INFO ws_message:game_session{game=G7O3EF player=PlayerId(1)}: server_core::session: action applied game=G7O3EF player=PlayerId(1) action_type="PassPriority" event_count=3
2026-09-14T04:54:55.195978Z  INFO ws_message:game_session{game=G7O3EF player=PlayerId(1)}: phase_server: game submission processed (lock held) game=G7O3EF kind="action" lock_ms=14 ai_actions=0
2026-09-14T04:54:55.435251Z  INFO ws_message:game_session{game=G7O3EF player=PlayerId(0)}: server_core::session: action applied game=G7O3EF player=PlayerId(0) action_type="PassPriority" event_count=1
2026-09-14T04:54:55.437343Z  INFO ws_message:game_session{game=G7O3EF player=PlayerId(0)}: phase_server: game submission processed (lock held) game=G7O3EF kind="action" lock_ms=4 ai_actions=0
2026-09-14T04:54:55.689506Z  INFO ws_message:game_session{game=G7O3EF player=PlayerId(1)}: server_core::session: action applied game=G7O3EF player=PlayerId(1) action_type="PassPriority" event_count=1
2026-09-14T04:54:55.711662Z  INFO ws_message:game_session{game=G7O3EF player=PlayerId(1)}: phase_server: game submission processed (lock held) game=G7O3EF kind="action" lock_ms=27 ai_actions=0
2026-09-14T04:54:55.937534Z  INFO ws_message:game_session{game=G7O3EF player=PlayerId(0)}: server_core::session: action applied game=G7O3EF player=PlayerId(0) action_type="PassPriority" event_count=1
2026-09-14T04:54:55.939599Z  INFO ws_message:game_session{game=G7O3EF player=PlayerId(0)}: phase_server: game submission processed (lock held) game=G7O3EF kind="action" lock_ms=4 ai_actions=0
2026-09-14T04:54:56.190751Z  INFO ws_message:game_session{game=G7O3EF player=PlayerId(1)}: server_core::session: action applied game=G7O3EF player=PlayerId(1) action_type="PassPriority" event_count=1
2026-09-14T04:54:56.198498Z  INFO ws_message:game_session{game=G7O3EF player=PlayerId(1)}: phase_server: game submission processed (lock held) game=G7O3EF kind="action" lock_ms=12 ai_actions=0
2026-09-14T04:54:56.439043Z  INFO ws_message:game_session{game=G7O3EF player=PlayerId(0)}: server_core::session: action applied game=G7O3EF player=PlayerId(0) action_type="PassPriority" event_count=1
2026-09-14T04:54:56.441092Z  INFO ws_message:game_session{game=G7O3EF player=PlayerId(0)}: phase_server: game submission processed (lock held) game=G7O3EF kind="action" lock_ms=3 ai_actions=0
2026-09-14T04:54:56.694861Z  INFO ws_message:game_session{game=G7O3EF player=PlayerId(1)}: server_core::session: action applied game=G7O3EF player=PlayerId(1) action_type="PassPriority" event_count=4
2026-09-14T04:54:56.697233Z  INFO ws_message:game_session{game=G7O3EF player=PlayerId(1)}: phase_server: game submission processed (lock held) game=G7O3EF kind="action" lock_ms=7 ai_actions=0
2026-09-14T04:54:56.944527Z  INFO ws_message:game_session{game=G7O3EF player=PlayerId(1)}: server_core::session: action applied game=G7O3EF player=PlayerId(1) action_type="PassPriority" event_count=1
2026-09-14T04:54:56.952287Z  INFO ws_message:game_session{game=G7O3EF player=PlayerId(1)}: phase_server: game submission processed (lock held) game=G7O3EF kind="action" lock_ms=10 ai_actions=0
2026-09-14T04:54:57.198348Z  INFO ws_message:game_session{game=G7O3EF player=PlayerId(0)}: server_core::session: action applied game=G7O3EF player=PlayerId(0) action_type="PassPriority" event_count=4
2026-09-14T04:54:57.199727Z  INFO ws_message:game_session{game=G7O3EF player=PlayerId(0)}: phase_server: game submission processed (lock held) game=G7O3EF kind="action" lock_ms=7 ai_actions=0
2026-09-14T04:54:57.446833Z  INFO ws_message:game_session{game=G7O3EF player=PlayerId(1)}: server_core::session: action applied game=G7O3EF player=PlayerId(1) action_type="PassPriority" event_count=1
2026-09-14T04:54:57.454440Z  INFO ws_message:game_session{game=G7O3EF player=PlayerId(1)}: phase_server: game submission processed (lock held) game=G7O3EF kind="action" lock_ms=9 ai_actions=0
2026-09-14T04:54:57.697856Z  INFO ws_message:game_session{game=G7O3EF player=PlayerId(0)}: server_core::session: action applied game=G7O3EF player=PlayerId(0) action_type="PassPriority" event_count=1
2026-09-14T04:54:57.735401Z  INFO ws_message:game_session{game=G7O3EF player=PlayerId(0)}: phase_server: game submission processed (lock held) game=G7O3EF kind="action" lock_ms=39 ai_actions=0
2026-09-14T04:54:57.950364Z  INFO ws_message:game_session{game=G7O3EF player=PlayerId(1)}: server_core::session: action applied game=G7O3EF player=PlayerId(1) action_type="PassPriority" event_count=1
2026-09-14T04:54:57.967545Z  INFO ws_message:game_session{game=G7O3EF player=PlayerId(1)}: phase_server: game submission processed (lock held) game=G7O3EF kind="action" lock_ms=20 ai_actions=0
2026-09-14T04:54:58.200798Z  INFO ws_message:game_session{game=G7O3EF player=PlayerId(0)}: server_core::session: action applied game=G7O3EF player=PlayerId(0) action_type="PassPriority" event_count=1
2026-09-14T04:54:58.203356Z  INFO ws_message:game_session{game=G7O3EF player=PlayerId(0)}: phase_server: game submission processed (lock held) game=G7O3EF kind="action" lock_ms=5 ai_actions=0
2026-09-14T04:54:58.450885Z  INFO ws_message:game_session{game=G7O3EF player=PlayerId(1)}: server_core::session: action applied game=G7O3EF player=PlayerId(1) action_type="PassPriority" event_count=1
2026-09-14T04:54:58.459007Z  INFO ws_message:game_session{game=G7O3EF player=PlayerId(1)}: phase_server: game submission processed (lock held) game=G7O3EF kind="action" lock_ms=10 ai_actions=0
2026-09-14T04:54:58.706068Z  INFO ws_message:game_session{game=G7O3EF player=PlayerId(0)}: server_core::session: action applied game=G7O3EF player=PlayerId(0) action_type="PassPriority" event_count=3
2026-09-14T04:54:58.708233Z  INFO ws_message:game_session{game=G7O3EF player=PlayerId(0)}: phase_server: game submission processed (lock held) game=G7O3EF kind="action" lock_ms=8 ai_actions=0
2026-09-14T04:54:58.953815Z  INFO ws_message:game_session{game=G7O3EF player=PlayerId(1)}: server_core::session: action applied game=G7O3EF player=PlayerId(1) action_type="PassPriority" event_count=1
2026-09-14T04:54:58.962334Z  INFO ws_message:game_session{game=G7O3EF player=PlayerId(1)}: phase_server: game submission processed (lock held) game=G7O3EF kind="action" lock_ms=10 ai_actions=0
2026-09-14T04:54:59.207586Z  INFO ws_message:game_session{game=G7O3EF player=PlayerId(0)}: server_core::session: action applied game=G7O3EF player=PlayerId(0) action_type="PassPriority" event_count=1
2026-09-14T04:54:59.246891Z  INFO ws_message:game_session{game=G7O3EF player=PlayerId(0)}: phase_server: game submission processed (lock held) game=G7O3EF kind="action" lock_ms=44 ai_actions=0
2026-09-14T04:54:59.455226Z  INFO ws_message:game_session{game=G7O3EF player=PlayerId(1)}: server_core::session: action applied game=G7O3EF player=PlayerId(1) action_type="PassPriority" event_count=1
2026-09-14T04:54:59.463094Z  INFO ws_message:game_session{game=G7O3EF player=PlayerId(1)}: phase_server: game submission processed (lock held) game=G7O3EF kind="action" lock_ms=9 ai_actions=0
2026-09-14T04:54:59.710310Z  INFO ws_message:game_session{game=G7O3EF player=PlayerId(0)}: server_core::session: action applied game=G7O3EF player=PlayerId(0) action_type="PassPriority" event_count=1
2026-09-14T04:54:59.713180Z  INFO ws_message:game_session{game=G7O3EF player=PlayerId(0)}: phase_server: game submission processed (lock held) game=G7O3EF kind="action" lock_ms=8 ai_actions=0
2026-09-14T04:54:59.957176Z  INFO ws_message:game_session{game=G7O3EF player=PlayerId(1)}: server_core::session: action applied game=G7O3EF player=PlayerId(1) action_type="PassPriority" event_count=1
2026-09-14T04:54:59.965442Z  INFO ws_message:game_session{game=G7O3EF player=PlayerId(1)}: phase_server: game submission processed (lock held) game=G7O3EF kind="action" lock_ms=9 ai_actions=0
2026-09-14T04:55:00.211176Z  INFO ws_message:game_session{game=G7O3EF player=PlayerId(0)}: server_core::session: action applied game=G7O3EF player=PlayerId(0) action_type="PassPriority" event_count=1
2026-09-14T04:55:00.251429Z  INFO ws_message:game_session{game=G7O3EF player=PlayerId(0)}: phase_server: game submission processed (lock held) game=G7O3EF kind="action" lock_ms=44 ai_actions=0
2026-09-14T04:55:00.469997Z  INFO ws_message:game_session{game=G7O3EF player=PlayerId(1)}: server_core::session: interaction applied game=G7O3EF player=PlayerId(1) action_type="SelectCards" event_count=5
2026-09-14T04:55:00.478205Z  INFO ws_message:game_session{game=G7O3EF player=PlayerId(1)}: phase_server: game submission processed (lock held) game=G7O3EF kind="interaction" lock_ms=19 ai_actions=0
2026-09-14T04:55:00.711200Z  INFO ws_message:game_session{game=G7O3EF player=PlayerId(0)}: server_core::session: action applied game=G7O3EF player=PlayerId(0) action_type="PassPriority" event_count=1
2026-09-14T04:55:00.713455Z  INFO ws_message:game_session{game=G7O3EF player=PlayerId(0)}: phase_server: game submission processed (lock held) game=G7O3EF kind="action" lock_ms=4 ai_actions=0
2026-09-14T04:55:00.966229Z  INFO ws_message:game_session{game=G7O3EF player=PlayerId(1)}: server_core::session: action applied game=G7O3EF player=PlayerId(1) action_type="PassPriority" event_count=4
2026-09-14T04:55:00.973876Z  INFO ws_message:game_session{game=G7O3EF player=PlayerId(1)}: phase_server: game submission processed (lock held) game=G7O3EF kind="action" lock_ms=13 ai_actions=0
2026-09-14T04:55:01.212909Z  INFO ws_message:game_session{game=G7O3EF player=PlayerId(0)}: server_core::session: action applied game=G7O3EF player=PlayerId(0) action_type="PassPriority" event_count=1
2026-09-14T04:55:01.215110Z  INFO ws_message:game_session{game=G7O3EF player=PlayerId(0)}: phase_server: game submission processed (lock held) game=G7O3EF kind="action" lock_ms=4 ai_actions=0
2026-09-14T04:55:01.465797Z  INFO ws_message:game_session{game=G7O3EF player=PlayerId(1)}: server_core::session: action applied game=G7O3EF player=PlayerId(1) action_type="PassPriority" event_count=1
2026-09-14T04:55:01.504837Z  INFO ws_message:game_session{game=G7O3EF player=PlayerId(1)}: phase_server: game submission processed (lock held) game=G7O3EF kind="action" lock_ms=42 ai_actions=0
2026-09-14T04:55:01.721035Z  INFO ws_message:game_session{game=G7O3EF player=PlayerId(0)}: server_core::session: action applied game=G7O3EF player=PlayerId(0) action_type="PlayLand" event_count=2
2026-09-14T04:55:01.748302Z  INFO ws_message:game_session{game=G7O3EF player=PlayerId(0)}: phase_server: game submission processed (lock held) game=G7O3EF kind="action" lock_ms=34 ai_actions=0
2026-09-14T04:55:01.967853Z  INFO ws_message:game_session{game=G7O3EF player=PlayerId(0)}: server_core::session: action applied game=G7O3EF player=PlayerId(0) action_type="PassPriority" event_count=1
2026-09-14T04:55:01.969905Z  INFO ws_message:game_session{game=G7O3EF player=PlayerId(0)}: phase_server: game submission processed (lock held) game=G7O3EF kind="action" lock_ms=4 ai_actions=0
2026-09-14T04:55:02.219905Z  INFO ws_message:game_session{game=G7O3EF player=PlayerId(1)}: server_core::session: action applied game=G7O3EF player=PlayerId(1) action_type="PassPriority" event_count=1
2026-09-14T04:55:02.227662Z  INFO ws_message:game_session{game=G7O3EF player=PlayerId(1)}: phase_server: game submission processed (lock held) game=G7O3EF kind="action" lock_ms=10 ai_actions=0
2026-09-14T04:55:02.470413Z  INFO ws_message:game_session{game=G7O3EF player=PlayerId(0)}: server_core::session: action applied game=G7O3EF player=PlayerId(0) action_type="PassPriority" event_count=1
2026-09-14T04:55:02.472873Z  INFO ws_message:game_session{game=G7O3EF player=PlayerId(0)}: phase_server: game submission processed (lock held) game=G7O3EF kind="action" lock_ms=4 ai_actions=0
2026-09-14T04:55:02.725339Z  INFO ws_message:game_session{game=G7O3EF player=PlayerId(1)}: server_core::session: action applied game=G7O3EF player=PlayerId(1) action_type="PassPriority" event_count=3
2026-09-14T04:55:02.733542Z  INFO ws_message:game_session{game=G7O3EF player=PlayerId(1)}: phase_server: game submission processed (lock held) game=G7O3EF kind="action" lock_ms=14 ai_actions=0
2026-09-14T04:55:02.973573Z  INFO ws_message:game_session{game=G7O3EF player=PlayerId(0)}: server_core::session: action applied game=G7O3EF player=PlayerId(0) action_type="PassPriority" event_count=1
2026-09-14T04:55:02.976368Z  INFO ws_message:game_session{game=G7O3EF player=PlayerId(0)}: phase_server: game submission processed (lock held) game=G7O3EF kind="action" lock_ms=6 ai_actions=0
2026-09-14T04:55:03.229594Z  INFO ws_message:game_session{game=G7O3EF player=PlayerId(1)}: server_core::session: action applied game=G7O3EF player=PlayerId(1) action_type="PassPriority" event_count=1
2026-09-14T04:55:03.257628Z  INFO ws_message:game_session{game=G7O3EF player=PlayerId(1)}: phase_server: game submission processed (lock held) game=G7O3EF kind="action" lock_ms=34 ai_actions=0
2026-09-14T04:55:03.477323Z  INFO ws_message:game_session{game=G7O3EF player=PlayerId(0)}: server_core::session: action applied game=G7O3EF player=PlayerId(0) action_type="PassPriority" event_count=1
2026-09-14T04:55:03.479442Z  INFO ws_message:game_session{game=G7O3EF player=PlayerId(0)}: phase_server: game submission processed (lock held) game=G7O3EF kind="action" lock_ms=4 ai_actions=0
2026-09-14T04:55:03.733117Z  INFO ws_message:game_session{game=G7O3EF player=PlayerId(1)}: server_core::session: action applied game=G7O3EF player=PlayerId(1) action_type="PassPriority" event_count=1
2026-09-14T04:55:03.745129Z  INFO ws_message:game_session{game=G7O3EF player=PlayerId(1)}: phase_server: game submission processed (lock held) game=G7O3EF kind="action" lock_ms=17 ai_actions=0
2026-09-14T04:55:03.980313Z  INFO ws_message:game_session{game=G7O3EF player=PlayerId(0)}: server_core::session: action applied game=G7O3EF player=PlayerId(0) action_type="PassPriority" event_count=1
2026-09-14T04:55:03.982663Z  INFO ws_message:game_session{game=G7O3EF player=PlayerId(0)}: phase_server: game submission processed (lock held) game=G7O3EF kind="action" lock_ms=4 ai_actions=0
2026-09-14T04:55:04.282076Z  INFO ws_message:game_session{game=G7O3EF player=PlayerId(1)}: server_core::session: action applied game=G7O3EF player=PlayerId(1) action_type="PassPriority" event_count=4
2026-09-14T04:55:04.296041Z  INFO ws_message:game_session{game=G7O3EF player=PlayerId(1)}: phase_server: game submission processed (lock held) game=G7O3EF kind="action" lock_ms=66 ai_actions=0
2026-09-14T04:55:04.482694Z  INFO ws_message:game_session{game=G7O3EF player=PlayerId(1)}: server_core::session: action applied game=G7O3EF player=PlayerId(1) action_type="PassPriority" event_count=1
2026-09-14T04:55:04.490728Z  INFO ws_message:game_session{game=G7O3EF player=PlayerId(1)}: phase_server: game submission processed (lock held) game=G7O3EF kind="action" lock_ms=9 ai_actions=0
2026-09-14T04:55:04.737746Z  INFO ws_message:game_session{game=G7O3EF player=PlayerId(0)}: server_core::session: action applied game=G7O3EF player=PlayerId(0) action_type="PassPriority" event_count=4
2026-09-14T04:55:04.739699Z  INFO ws_message:game_session{game=G7O3EF player=PlayerId(0)}: phase_server: game submission processed (lock held) game=G7O3EF kind="action" lock_ms=8 ai_actions=0
2026-09-14T04:55:04.984984Z  INFO ws_message:game_session{game=G7O3EF player=PlayerId(1)}: server_core::session: action applied game=G7O3EF player=PlayerId(1) action_type="PassPriority" event_count=1
2026-09-14T04:55:04.993291Z  INFO ws_message:game_session{game=G7O3EF player=PlayerId(1)}: phase_server: game submission processed (lock held) game=G7O3EF kind="action" lock_ms=10 ai_actions=0
2026-09-14T04:55:05.235743Z  INFO ws_message:game_session{game=G7O3EF player=PlayerId(0)}: server_core::session: action applied game=G7O3EF player=PlayerId(0) action_type="PassPriority" event_count=1
2026-09-14T04:55:05.277236Z  INFO ws_message:game_session{game=G7O3EF player=PlayerId(0)}: phase_server: game submission processed (lock held) game=G7O3EF kind="action" lock_ms=43 ai_actions=0
2026-09-14T04:55:05.487064Z  INFO ws_message:game_session{game=G7O3EF player=PlayerId(1)}: server_core::session: action applied game=G7O3EF player=PlayerId(1) action_type="PassPriority" event_count=1
2026-09-14T04:55:05.497177Z  INFO ws_message:game_session{game=G7O3EF player=PlayerId(1)}: phase_server: game submission processed (lock held) game=G7O3EF kind="action" lock_ms=12 ai_actions=0
2026-09-14T04:55:05.740821Z  INFO ws_message:game_session{game=G7O3EF player=PlayerId(0)}: server_core::session: action applied game=G7O3EF player=PlayerId(0) action_type="PassPriority" event_count=1
2026-09-14T04:55:05.745422Z  INFO ws_message:game_session{game=G7O3EF player=PlayerId(0)}: phase_server: game submission processed (lock held) game=G7O3EF kind="action" lock_ms=9 ai_actions=0
2026-09-14T04:55:05.989425Z  INFO ws_message:game_session{game=G7O3EF player=PlayerId(1)}: server_core::session: action applied game=G7O3EF player=PlayerId(1) action_type="PassPriority" event_count=1
2026-09-14T04:55:05.997476Z  INFO ws_message:game_session{game=G7O3EF player=PlayerId(1)}: phase_server: game submission processed (lock held) game=G7O3EF kind="action" lock_ms=10 ai_actions=0
2026-09-14T04:55:06.244269Z  INFO ws_message:game_session{game=G7O3EF player=PlayerId(0)}: server_core::session: action applied game=G7O3EF player=PlayerId(0) action_type="PassPriority" event_count=3
2026-09-14T04:55:06.246573Z  INFO ws_message:game_session{game=G7O3EF player=PlayerId(0)}: phase_server: game submission processed (lock held) game=G7O3EF kind="action" lock_ms=8 ai_actions=0
2026-09-14T04:55:06.492834Z  INFO ws_message:game_session{game=G7O3EF player=PlayerId(1)}: server_core::session: action applied game=G7O3EF player=PlayerId(1) action_type="PassPriority" event_count=1
2026-09-14T04:55:06.500890Z  INFO ws_message:game_session{game=G7O3EF player=PlayerId(1)}: phase_server: game submission processed (lock held) game=G7O3EF kind="action" lock_ms=10 ai_actions=0
2026-09-14T04:55:06.747178Z  INFO ws_message:game_session{game=G7O3EF player=PlayerId(0)}: server_core::session: action applied game=G7O3EF player=PlayerId(0) action_type="PassPriority" event_count=1
2026-09-14T04:55:06.784221Z  INFO ws_message:game_session{game=G7O3EF player=PlayerId(0)}: phase_server: game submission processed (lock held) game=G7O3EF kind="action" lock_ms=42 ai_actions=0
2026-09-14T04:55:06.994842Z  INFO ws_message:game_session{game=G7O3EF player=PlayerId(1)}: server_core::session: action applied game=G7O3EF player=PlayerId(1) action_type="PassPriority" event_count=1
2026-09-14T04:55:07.003839Z  INFO ws_message:game_session{game=G7O3EF player=PlayerId(1)}: phase_server: game submission processed (lock held) game=G7O3EF kind="action" lock_ms=11 ai_actions=0
2026-09-14T04:55:07.248575Z  INFO ws_message:game_session{game=G7O3EF player=PlayerId(0)}: server_core::session: action applied game=G7O3EF player=PlayerId(0) action_type="PassPriority" event_count=1
2026-09-14T04:55:07.250860Z  INFO ws_message:game_session{game=G7O3EF player=PlayerId(0)}: phase_server: game submission processed (lock held) game=G7O3EF kind="action" lock_ms=7 ai_actions=0
2026-09-14T04:55:07.497656Z  INFO ws_message:game_session{game=G7O3EF player=PlayerId(1)}: server_core::session: action applied game=G7O3EF player=PlayerId(1) action_type="PassPriority" event_count=1
2026-09-14T04:55:07.506804Z  INFO ws_message:game_session{game=G7O3EF player=PlayerId(1)}: phase_server: game submission processed (lock held) game=G7O3EF kind="action" lock_ms=10 ai_actions=0
2026-09-14T04:55:07.751405Z  INFO ws_message:game_session{game=G7O3EF player=PlayerId(0)}: server_core::session: action applied game=G7O3EF player=PlayerId(0) action_type="PassPriority" event_count=1
2026-09-14T04:55:07.790175Z  INFO ws_message:game_session{game=G7O3EF player=PlayerId(0)}: phase_server: game submission processed (lock held) game=G7O3EF kind="action" lock_ms=43 ai_actions=0
2026-09-14T04:55:08.010675Z  INFO ws_message:game_session{game=G7O3EF player=PlayerId(1)}: server_core::session: interaction applied game=G7O3EF player=PlayerId(1) action_type="SelectCards" event_count=5
2026-09-14T04:55:08.018983Z  INFO ws_message:game_session{game=G7O3EF player=PlayerId(1)}: phase_server: game submission processed (lock held) game=G7O3EF kind="interaction" lock_ms=20 ai_actions=0
2026-09-14T04:55:08.251641Z  INFO ws_message:game_session{game=G7O3EF player=PlayerId(0)}: server_core::session: action applied game=G7O3EF player=PlayerId(0) action_type="PassPriority" event_count=1
2026-09-14T04:55:08.254136Z  INFO ws_message:game_session{game=G7O3EF player=PlayerId(0)}: phase_server: game submission processed (lock held) game=G7O3EF kind="action" lock_ms=5 ai_actions=0
2026-09-14T04:55:08.505126Z  INFO ws_message:game_session{game=G7O3EF player=PlayerId(1)}: server_core::session: action applied game=G7O3EF player=PlayerId(1) action_type="PassPriority" event_count=4
2026-09-14T04:55:08.512816Z  INFO ws_message:game_session{game=G7O3EF player=PlayerId(1)}: phase_server: game submission processed (lock held) game=G7O3EF kind="action" lock_ms=13 ai_actions=0
2026-09-14T04:55:08.752368Z  INFO ws_message:game_session{game=G7O3EF player=PlayerId(0)}: server_core::session: action applied game=G7O3EF player=PlayerId(0) action_type="PassPriority" event_count=1
2026-09-14T04:55:08.755169Z  INFO ws_message:game_session{game=G7O3EF player=PlayerId(0)}: phase_server: game submission processed (lock held) game=G7O3EF kind="action" lock_ms=5 ai_actions=0
2026-09-14T04:55:09.004883Z  INFO ws_message:game_session{game=G7O3EF player=PlayerId(1)}: server_core::session: action applied game=G7O3EF player=PlayerId(1) action_type="PassPriority" event_count=1
2026-09-14T04:55:09.045446Z  INFO ws_message:game_session{game=G7O3EF player=PlayerId(1)}: phase_server: game submission processed (lock held) game=G7O3EF kind="action" lock_ms=42 ai_actions=0
2026-09-14T04:55:09.259655Z  INFO ws_message:game_session{game=G7O3EF player=PlayerId(0)}: server_core::session: action applied game=G7O3EF player=PlayerId(0) action_type="PlayLand" event_count=2
2026-09-14T04:55:09.288021Z  INFO ws_message:game_session{game=G7O3EF player=PlayerId(0)}: phase_server: game submission processed (lock held) game=G7O3EF kind="action" lock_ms=35 ai_actions=0
2026-09-14T04:55:09.512413Z  INFO ws_message:game_session{game=G7O3EF player=PlayerId(0)}: server_core::session: action applied game=G7O3EF player=PlayerId(0) action_type="CastSpell" event_count=12
2026-09-14T04:55:09.520226Z  INFO ws_message:game_session{game=G7O3EF player=PlayerId(0)}: phase_server: game submission processed (lock held) game=G7O3EF kind="action" lock_ms=14 ai_actions=0
2026-09-14T04:55:09.759296Z  INFO ws_message:game_session{game=G7O3EF player=PlayerId(0)}: server_core::session: action applied game=G7O3EF player=PlayerId(0) action_type="PassPriority" event_count=1
2026-09-14T04:55:09.762188Z  INFO ws_message:game_session{game=G7O3EF player=PlayerId(0)}: phase_server: game submission processed (lock held) game=G7O3EF kind="action" lock_ms=6 ai_actions=0
2026-09-14T04:55:10.010129Z  INFO ws_message:game_session{game=G7O3EF player=PlayerId(1)}: server_core::session: action applied game=G7O3EF player=PlayerId(1) action_type="PassPriority" event_count=2
2026-09-14T04:55:10.031689Z  INFO ws_message:game_session{game=G7O3EF player=PlayerId(1)}: phase_server: game submission processed (lock held) game=G7O3EF kind="action" lock_ms=24 ai_actions=0
2026-09-14T04:55:10.267935Z  INFO ws_message:game_session{game=G7O3EF player=PlayerId(0)}: server_core::session: action applied game=G7O3EF player=PlayerId(0) action_type="PassPriority" event_count=1
2026-09-14T04:55:10.273812Z  INFO ws_message:game_session{game=G7O3EF player=PlayerId(0)}: phase_server: game submission processed (lock held) game=G7O3EF kind="action" lock_ms=14 ai_actions=0
2026-09-14T04:55:10.514373Z  INFO ws_message:game_session{game=G7O3EF player=PlayerId(1)}: server_core::session: action applied game=G7O3EF player=PlayerId(1) action_type="PassPriority" event_count=1
2026-09-14T04:55:10.522517Z  INFO ws_message:game_session{game=G7O3EF player=PlayerId(1)}: phase_server: game submission processed (lock held) game=G7O3EF kind="action" lock_ms=10 ai_actions=0
2026-09-14T04:55:10.765719Z  INFO ws_message:game_session{game=G7O3EF player=PlayerId(0)}: server_core::session: action applied game=G7O3EF player=PlayerId(0) action_type="PassPriority" event_count=1
2026-09-14T04:55:10.768077Z  INFO ws_message:game_session{game=G7O3EF player=PlayerId(0)}: phase_server: game submission processed (lock held) game=G7O3EF kind="action" lock_ms=5 ai_actions=0
2026-09-14T04:55:11.352084Z  INFO ws_message:game_session{game=G7O3EF player=PlayerId(1)}: server_core::session: action applied game=G7O3EF player=PlayerId(1) action_type="PassPriority" event_count=3
2026-09-14T04:55:11.360434Z  INFO ws_message:game_session{game=G7O3EF player=PlayerId(1)}: phase_server: game submission processed (lock held) game=G7O3EF kind="action" lock_ms=14 ai_actions=0
2026-09-14T04:55:11.598293Z  INFO ws_message:game_session{game=G7O3EF player=PlayerId(0)}: server_core::session: action applied game=G7O3EF player=PlayerId(0) action_type="PassPriority" event_count=1
2026-09-14T04:55:11.600580Z  INFO ws_message:game_session{game=G7O3EF player=PlayerId(0)}: phase_server: game submission processed (lock held) game=G7O3EF kind="action" lock_ms=4 ai_actions=0
2026-09-14T04:55:11.853600Z  INFO ws_message:game_session{game=G7O3EF player=PlayerId(1)}: server_core::session: action applied game=G7O3EF player=PlayerId(1) action_type="PassPriority" event_count=1
2026-09-14T04:55:11.875183Z  INFO ws_message:game_session{game=G7O3EF player=PlayerId(1)}: phase_server: game submission processed (lock held) game=G7O3EF kind="action" lock_ms=26 ai_actions=0
2026-09-14T04:55:12.102635Z  INFO ws_message:game_session{game=G7O3EF player=PlayerId(0)}: server_core::session: action applied game=G7O3EF player=PlayerId(0) action_type="PassPriority" event_count=1
2026-09-14T04:55:12.105025Z  INFO ws_message:game_session{game=G7O3EF player=PlayerId(0)}: phase_server: game submission processed (lock held) game=G7O3EF kind="action" lock_ms=4 ai_actions=0
2026-09-14T04:55:12.356047Z  INFO ws_message:game_session{game=G7O3EF player=PlayerId(1)}: server_core::session: action applied game=G7O3EF player=PlayerId(1) action_type="PassPriority" event_count=1
2026-09-14T04:55:12.364691Z  INFO ws_message:game_session{game=G7O3EF player=PlayerId(1)}: phase_server: game submission processed (lock held) game=G7O3EF kind="action" lock_ms=13 ai_actions=0
2026-09-14T04:55:12.605392Z  INFO ws_message:game_session{game=G7O3EF player=PlayerId(0)}: server_core::session: action applied game=G7O3EF player=PlayerId(0) action_type="PassPriority" event_count=1
2026-09-14T04:55:12.607632Z  INFO ws_message:game_session{game=G7O3EF player=PlayerId(0)}: phase_server: game submission processed (lock held) game=G7O3EF kind="action" lock_ms=5 ai_actions=0
2026-09-14T04:55:12.859604Z  INFO ws_message:game_session{game=G7O3EF player=PlayerId(1)}: server_core::session: action applied game=G7O3EF player=PlayerId(1) action_type="PassPriority" event_count=4
2026-09-14T04:55:12.861933Z  INFO ws_message:game_session{game=G7O3EF player=PlayerId(1)}: phase_server: game submission processed (lock held) game=G7O3EF kind="action" lock_ms=8 ai_actions=0
2026-09-14T04:55:13.106358Z  INFO ws_message:game_session{game=G7O3EF player=PlayerId(1)}: server_core::session: action applied game=G7O3EF player=PlayerId(1) action_type="PassPriority" event_count=1
2026-09-14T04:55:13.114212Z  INFO ws_message:game_session{game=G7O3EF player=PlayerId(1)}: phase_server: game submission processed (lock held) game=G7O3EF kind="action" lock_ms=10 ai_actions=0
2026-09-14T04:55:13.360295Z  INFO ws_message:game_session{game=G7O3EF player=PlayerId(0)}: server_core::session: action applied game=G7O3EF player=PlayerId(0) action_type="PassPriority" event_count=4
2026-09-14T04:55:13.361874Z  INFO ws_message:game_session{game=G7O3EF player=PlayerId(0)}: phase_server: game submission processed (lock held) game=G7O3EF kind="action" lock_ms=7 ai_actions=0
2026-09-14T04:55:13.608675Z  INFO ws_message:game_session{game=G7O3EF player=PlayerId(1)}: server_core::session: action applied game=G7O3EF player=PlayerId(1) action_type="PassPriority" event_count=1
2026-09-14T04:55:13.616531Z  INFO ws_message:game_session{game=G7O3EF player=PlayerId(1)}: phase_server: game submission processed (lock held) game=G7O3EF kind="action" lock_ms=10 ai_actions=0
2026-09-14T04:55:13.859354Z  INFO ws_message:game_session{game=G7O3EF player=PlayerId(0)}: server_core::session: action applied game=G7O3EF player=PlayerId(0) action_type="PassPriority" event_count=1
2026-09-14T04:55:13.910504Z  INFO ws_message:game_session{game=G7O3EF player=PlayerId(0)}: phase_server: game submission processed (lock held) game=G7O3EF kind="action" lock_ms=53 ai_actions=0
2026-09-14T04:55:14.110748Z  INFO ws_message:game_session{game=G7O3EF player=PlayerId(1)}: server_core::session: action applied game=G7O3EF player=PlayerId(1) action_type="PassPriority" event_count=1
2026-09-14T04:55:14.119209Z  INFO ws_message:game_session{game=G7O3EF player=PlayerId(1)}: phase_server: game submission processed (lock held) game=G7O3EF kind="action" lock_ms=11 ai_actions=0
2026-09-14T04:55:14.368720Z  INFO ws_message:game_session{game=G7O3EF player=PlayerId(0)}: server_core::session: action applied game=G7O3EF player=PlayerId(0) action_type="PassPriority" event_count=1
2026-09-14T04:55:14.375837Z  INFO ws_message:game_session{game=G7O3EF player=PlayerId(0)}: phase_server: game submission processed (lock held) game=G7O3EF kind="action" lock_ms=16 ai_actions=0
2026-09-14T04:55:14.612910Z  INFO ws_message:game_session{game=G7O3EF player=PlayerId(1)}: server_core::session: action applied game=G7O3EF player=PlayerId(1) action_type="PassPriority" event_count=1
2026-09-14T04:55:14.620655Z  INFO ws_message:game_session{game=G7O3EF player=PlayerId(1)}: phase_server: game submission processed (lock held) game=G7O3EF kind="action" lock_ms=10 ai_actions=0
2026-09-14T04:55:14.867730Z  INFO ws_message:game_session{game=G7O3EF player=PlayerId(0)}: server_core::session: action applied game=G7O3EF player=PlayerId(0) action_type="PassPriority" event_count=3
2026-09-14T04:55:14.870238Z  INFO ws_message:game_session{game=G7O3EF player=PlayerId(0)}: phase_server: game submission processed (lock held) game=G7O3EF kind="action" lock_ms=8 ai_actions=0
2026-09-14T04:55:15.115913Z  INFO ws_message:game_session{game=G7O3EF player=PlayerId(1)}: server_core::session: action applied game=G7O3EF player=PlayerId(1) action_type="PassPriority" event_count=1
2026-09-14T04:55:15.124410Z  INFO ws_message:game_session{game=G7O3EF player=PlayerId(1)}: phase_server: game submission processed (lock held) game=G7O3EF kind="action" lock_ms=11 ai_actions=0
2026-09-14T04:55:15.369277Z  INFO ws_message:game_session{game=G7O3EF player=PlayerId(0)}: server_core::session: action applied game=G7O3EF player=PlayerId(0) action_type="PassPriority" event_count=1
2026-09-14T04:55:15.406583Z  INFO ws_message:game_session{game=G7O3EF player=PlayerId(0)}: phase_server: game submission processed (lock held) game=G7O3EF kind="action" lock_ms=42 ai_actions=0
2026-09-14T04:55:15.618628Z  INFO ws_message:game_session{game=G7O3EF player=PlayerId(1)}: server_core::session: action applied game=G7O3EF player=PlayerId(1) action_type="PassPriority" event_count=1
2026-09-14T04:55:15.627329Z  INFO ws_message:game_session{game=G7O3EF player=PlayerId(1)}: phase_server: game submission processed (lock held) game=G7O3EF kind="action" lock_ms=11 ai_actions=0
2026-09-14T04:55:15.873108Z  INFO ws_message:game_session{game=G7O3EF player=PlayerId(0)}: server_core::session: action applied game=G7O3EF player=PlayerId(0) action_type="PassPriority" event_count=1
2026-09-14T04:55:15.878833Z  INFO ws_message:game_session{game=G7O3EF player=PlayerId(0)}: phase_server: game submission processed (lock held) game=G7O3EF kind="action" lock_ms=11 ai_actions=0
2026-09-14T04:55:16.120375Z  INFO ws_message:game_session{game=G7O3EF player=PlayerId(1)}: server_core::session: action applied game=G7O3EF player=PlayerId(1) action_type="PassPriority" event_count=1
2026-09-14T04:55:16.128361Z  INFO ws_message:game_session{game=G7O3EF player=PlayerId(1)}: phase_server: game submission processed (lock held) game=G7O3EF kind="action" lock_ms=10 ai_actions=0
2026-09-14T04:55:16.374198Z  INFO ws_message:game_session{game=G7O3EF player=PlayerId(0)}: server_core::session: action applied game=G7O3EF player=PlayerId(0) action_type="PassPriority" event_count=1
2026-09-14T04:55:16.414600Z  INFO ws_message:game_session{game=G7O3EF player=PlayerId(0)}: phase_server: game submission processed (lock held) game=G7O3EF kind="action" lock_ms=45 ai_actions=0
2026-09-14T04:55:16.631594Z  INFO ws_message:game_session{game=G7O3EF player=PlayerId(1)}: server_core::session: interaction applied game=G7O3EF player=PlayerId(1) action_type="SelectCards" event_count=7
2026-09-14T04:55:16.640335Z  INFO ws_message:game_session{game=G7O3EF player=PlayerId(1)}: phase_server: game submission processed (lock held) game=G7O3EF kind="interaction" lock_ms=19 ai_actions=0
2026-09-14T04:55:16.875407Z  INFO ws_message:game_session{game=G7O3EF player=PlayerId(0)}: server_core::session: action applied game=G7O3EF player=PlayerId(0) action_type="PassPriority" event_count=1
2026-09-14T04:55:16.878667Z  INFO ws_message:game_session{game=G7O3EF player=PlayerId(0)}: phase_server: game submission processed (lock held) game=G7O3EF kind="action" lock_ms=5 ai_actions=0
2026-09-14T04:55:17.129977Z  INFO ws_message:game_session{game=G7O3EF player=PlayerId(1)}: server_core::session: action applied game=G7O3EF player=PlayerId(1) action_type="PassPriority" event_count=4
2026-09-14T04:55:17.137290Z  INFO ws_message:game_session{game=G7O3EF player=PlayerId(1)}: phase_server: game submission processed (lock held) game=G7O3EF kind="action" lock_ms=12 ai_actions=0
2026-09-14T04:55:17.377395Z  INFO ws_message:game_session{game=G7O3EF player=PlayerId(0)}: server_core::session: action applied game=G7O3EF player=PlayerId(0) action_type="PassPriority" event_count=1
2026-09-14T04:55:17.379904Z  INFO ws_message:game_session{game=G7O3EF player=PlayerId(0)}: phase_server: game submission processed (lock held) game=G7O3EF kind="action" lock_ms=5 ai_actions=0
2026-09-14T04:55:17.629038Z  INFO ws_message:game_session{game=G7O3EF player=PlayerId(1)}: server_core::session: action applied game=G7O3EF player=PlayerId(1) action_type="PassPriority" event_count=1
2026-09-14T04:55:17.663954Z  INFO ws_message:game_session{game=G7O3EF player=PlayerId(1)}: phase_server: game submission processed (lock held) game=G7O3EF kind="action" lock_ms=37 ai_actions=0
2026-09-14T04:55:17.885296Z  INFO ws_message:game_session{game=G7O3EF player=PlayerId(0)}: server_core::session: action applied game=G7O3EF player=PlayerId(0) action_type="PlayLand" event_count=2
2026-09-14T04:55:17.900034Z  INFO ws_message:game_session{game=G7O3EF player=PlayerId(0)}: phase_server: game submission processed (lock held) game=G7O3EF kind="action" lock_ms=21 ai_actions=0
2026-09-14T04:55:18.138666Z  INFO ws_message:game_session{game=G7O3EF player=PlayerId(0)}: server_core::session: action applied game=G7O3EF player=PlayerId(0) action_type="CastSpell" event_count=28
2026-09-14T04:55:18.141215Z  INFO ws_message:game_session{game=G7O3EF player=PlayerId(0)}: phase_server: game submission processed (lock held) game=G7O3EF kind="action" lock_ms=10 ai_actions=0
2026-09-14T04:55:18.385247Z  INFO ws_message:game_session{game=G7O3EF player=PlayerId(0)}: server_core::session: action applied game=G7O3EF player=PlayerId(0) action_type="PassPriority" event_count=1
2026-09-14T04:55:18.388218Z  INFO ws_message:game_session{game=G7O3EF player=PlayerId(0)}: phase_server: game submission processed (lock held) game=G7O3EF kind="action" lock_ms=6 ai_actions=0
2026-09-14T04:55:18.637416Z  INFO ws_message:game_session{game=G7O3EF player=PlayerId(1)}: server_core::session: action applied game=G7O3EF player=PlayerId(1) action_type="PassPriority" event_count=2
2026-09-14T04:55:18.642186Z  INFO ws_message:game_session{game=G7O3EF player=PlayerId(1)}: phase_server: game submission processed (lock held) game=G7O3EF kind="action" lock_ms=8 ai_actions=0
2026-09-14T04:55:18.889209Z  INFO ws_message:game_session{game=G7O3EF player=PlayerId(0)}: server_core::session: action applied game=G7O3EF player=PlayerId(0) action_type="PassPriority" event_count=1
2026-09-14T04:55:18.892792Z  INFO ws_message:game_session{game=G7O3EF player=PlayerId(0)}: phase_server: game submission processed (lock held) game=G7O3EF kind="action" lock_ms=7 ai_actions=0
2026-09-14T04:55:19.140828Z  INFO ws_message:game_session{game=G7O3EF player=PlayerId(1)}: server_core::session: action applied game=G7O3EF player=PlayerId(1) action_type="PassPriority" event_count=1
2026-09-14T04:55:19.147184Z  INFO ws_message:game_session{game=G7O3EF player=PlayerId(1)}: phase_server: game submission processed (lock held) game=G7O3EF kind="action" lock_ms=9 ai_actions=0
2026-09-14T04:55:19.391266Z  INFO ws_message:game_session{game=G7O3EF player=PlayerId(0)}: server_core::session: action applied game=G7O3EF player=PlayerId(0) action_type="PassPriority" event_count=1
2026-09-14T04:55:19.394639Z  INFO ws_message:game_session{game=G7O3EF player=PlayerId(0)}: phase_server: game submission processed (lock held) game=G7O3EF kind="action" lock_ms=6 ai_actions=0
2026-09-14T04:55:19.642943Z  INFO ws_message:game_session{game=G7O3EF player=PlayerId(1)}: server_core::session: action applied game=G7O3EF player=PlayerId(1) action_type="PassPriority" event_count=1
2026-09-14T04:55:19.653138Z  INFO ws_message:game_session{game=G7O3EF player=PlayerId(1)}: phase_server: game submission processed (lock held) game=G7O3EF kind="action" lock_ms=13 ai_actions=0
2026-09-14T04:55:19.894771Z  INFO ws_message:game_session{game=G7O3EF player=PlayerId(0)}: server_core::session: action applied game=G7O3EF player=PlayerId(0) action_type="DeclareAttackers" event_count=2
2026-09-14T04:55:19.898776Z  INFO ws_message:game_session{game=G7O3EF player=PlayerId(0)}: phase_server: game submission processed (lock held) game=G7O3EF kind="action" lock_ms=9 ai_actions=0
2026-09-14T04:55:20.143514Z  INFO ws_message:game_session{game=G7O3EF player=PlayerId(0)}: server_core::session: action applied game=G7O3EF player=PlayerId(0) action_type="PassPriority" event_count=1
2026-09-14T04:55:20.145830Z  INFO ws_message:game_session{game=G7O3EF player=PlayerId(0)}: phase_server: game submission processed (lock held) game=G7O3EF kind="action" lock_ms=5 ai_actions=0
2026-09-14T04:55:20.399738Z  INFO ws_message:game_session{game=G7O3EF player=PlayerId(1)}: server_core::session: action applied game=G7O3EF player=PlayerId(1) action_type="PassPriority" event_count=1
2026-09-14T04:55:20.405616Z  INFO ws_message:game_session{game=G7O3EF player=PlayerId(1)}: phase_server: game submission processed (lock held) game=G7O3EF kind="action" lock_ms=12 ai_actions=0
2026-09-14T04:55:20.645644Z  INFO ws_message:game_session{game=G7O3EF player=PlayerId(0)}: server_core::session: action applied game=G7O3EF player=PlayerId(0) action_type="PassPriority" event_count=1
2026-09-14T04:55:20.648259Z  INFO ws_message:game_session{game=G7O3EF player=PlayerId(0)}: phase_server: game submission processed (lock held) game=G7O3EF kind="action" lock_ms=5 ai_actions=0
2026-09-14T04:55:20.899292Z  INFO ws_message:game_session{game=G7O3EF player=PlayerId(1)}: server_core::session: action applied game=G7O3EF player=PlayerId(1) action_type="PassPriority" event_count=1
2026-09-14T04:55:20.902886Z  INFO ws_message:game_session{game=G7O3EF player=PlayerId(1)}: phase_server: game submission processed (lock held) game=G7O3EF kind="action" lock_ms=9 ai_actions=0
2026-09-14T04:55:21.148592Z  INFO ws_message:game_session{game=G7O3EF player=PlayerId(0)}: server_core::session: action applied game=G7O3EF player=PlayerId(0) action_type="PassPriority" event_count=1
2026-09-14T04:55:21.151077Z  INFO ws_message:game_session{game=G7O3EF player=PlayerId(0)}: phase_server: game submission processed (lock held) game=G7O3EF kind="action" lock_ms=6 ai_actions=0
2026-09-14T04:55:21.402226Z  INFO ws_message:game_session{game=G7O3EF player=PlayerId(1)}: server_core::session: action applied game=G7O3EF player=PlayerId(1) action_type="PassPriority" event_count=4
2026-09-14T04:55:21.404889Z  INFO ws_message:game_session{game=G7O3EF player=PlayerId(1)}: phase_server: game submission processed (lock held) game=G7O3EF kind="action" lock_ms=8 ai_actions=0
2026-09-14T04:55:21.650336Z  INFO ws_message:game_session{game=G7O3EF player=PlayerId(1)}: server_core::session: action applied game=G7O3EF player=PlayerId(1) action_type="PassPriority" event_count=1
2026-09-14T04:55:21.653875Z  INFO ws_message:game_session{game=G7O3EF player=PlayerId(1)}: phase_server: game submission processed (lock held) game=G7O3EF kind="action" lock_ms=6 ai_actions=0
2026-09-14T04:55:21.904774Z  INFO ws_message:game_session{game=G7O3EF player=PlayerId(0)}: server_core::session: action applied game=G7O3EF player=PlayerId(0) action_type="PassPriority" event_count=4
2026-09-14T04:55:21.906504Z  INFO ws_message:game_session{game=G7O3EF player=PlayerId(0)}: phase_server: game submission processed (lock held) game=G7O3EF kind="action" lock_ms=7 ai_actions=0
2026-09-14T04:55:22.153137Z  INFO ws_message:game_session{game=G7O3EF player=PlayerId(1)}: server_core::session: action applied game=G7O3EF player=PlayerId(1) action_type="PassPriority" event_count=1
2026-09-14T04:55:22.156515Z  INFO ws_message:game_session{game=G7O3EF player=PlayerId(1)}: phase_server: game submission processed (lock held) game=G7O3EF kind="action" lock_ms=6 ai_actions=0
2026-09-14T04:55:22.404670Z  INFO ws_message:game_session{game=G7O3EF player=PlayerId(0)}: server_core::session: action applied game=G7O3EF player=PlayerId(0) action_type="PassPriority" event_count=1
2026-09-14T04:55:22.444537Z  INFO ws_message:game_session{game=G7O3EF player=PlayerId(0)}: phase_server: game submission processed (lock held) game=G7O3EF kind="action" lock_ms=42 ai_actions=0
2026-09-14T04:55:22.655243Z  INFO ws_message:game_session{game=G7O3EF player=PlayerId(1)}: server_core::session: action applied game=G7O3EF player=PlayerId(1) action_type="PassPriority" event_count=1
2026-09-14T04:55:22.658893Z  INFO ws_message:game_session{game=G7O3EF player=PlayerId(1)}: phase_server: game submission processed (lock held) game=G7O3EF kind="action" lock_ms=6 ai_actions=0
2026-09-14T04:55:22.906982Z  INFO ws_message:game_session{game=G7O3EF player=PlayerId(0)}: server_core::session: action applied game=G7O3EF player=PlayerId(0) action_type="PassPriority" event_count=1
2026-09-14T04:55:22.909510Z  INFO ws_message:game_session{game=G7O3EF player=PlayerId(0)}: phase_server: game submission processed (lock held) game=G7O3EF kind="action" lock_ms=6 ai_actions=0
2026-09-14T04:55:23.157967Z  INFO ws_message:game_session{game=G7O3EF player=PlayerId(1)}: server_core::session: action applied game=G7O3EF player=PlayerId(1) action_type="PassPriority" event_count=1
2026-09-14T04:55:23.161301Z  INFO ws_message:game_session{game=G7O3EF player=PlayerId(1)}: phase_server: game submission processed (lock held) game=G7O3EF kind="action" lock_ms=6 ai_actions=0
2026-09-14T04:55:23.412034Z  INFO ws_message:game_session{game=G7O3EF player=PlayerId(0)}: server_core::session: action applied game=G7O3EF player=PlayerId(0) action_type="PassPriority" event_count=3
2026-09-14T04:55:23.415445Z  INFO ws_message:game_session{game=G7O3EF player=PlayerId(0)}: phase_server: game submission processed (lock held) game=G7O3EF kind="action" lock_ms=9 ai_actions=0
2026-09-14T04:55:23.660003Z  INFO ws_message:game_session{game=G7O3EF player=PlayerId(1)}: server_core::session: action applied game=G7O3EF player=PlayerId(1) action_type="PassPriority" event_count=1
2026-09-14T04:55:23.663290Z  INFO ws_message:game_session{game=G7O3EF player=PlayerId(1)}: phase_server: game submission processed (lock held) game=G7O3EF kind="action" lock_ms=6 ai_actions=0
2026-09-14T04:55:23.914076Z  INFO ws_message:game_session{game=G7O3EF player=PlayerId(0)}: server_core::session: action applied game=G7O3EF player=PlayerId(0) action_type="PassPriority" event_count=1
2026-09-14T04:55:23.954089Z  INFO ws_message:game_session{game=G7O3EF player=PlayerId(0)}: phase_server: game submission processed (lock held) game=G7O3EF kind="action" lock_ms=45 ai_actions=0
2026-09-14T04:55:24.162514Z  INFO ws_message:game_session{game=G7O3EF player=PlayerId(1)}: server_core::session: action applied game=G7O3EF player=PlayerId(1) action_type="PassPriority" event_count=1
2026-09-14T04:55:24.165869Z  INFO ws_message:game_session{game=G7O3EF player=PlayerId(1)}: phase_server: game submission processed (lock held) game=G7O3EF kind="action" lock_ms=6 ai_actions=0
2026-09-14T04:55:24.416116Z  INFO ws_message:game_session{game=G7O3EF player=PlayerId(0)}: server_core::session: action applied game=G7O3EF player=PlayerId(0) action_type="PassPriority" event_count=1
2026-09-14T04:55:24.418909Z  INFO ws_message:game_session{game=G7O3EF player=PlayerId(0)}: phase_server: game submission processed (lock held) game=G7O3EF kind="action" lock_ms=8 ai_actions=0
2026-09-14T04:55:24.663897Z  INFO ws_message:game_session{game=G7O3EF player=PlayerId(1)}: server_core::session: action applied game=G7O3EF player=PlayerId(1) action_type="PassPriority" event_count=1
2026-09-14T04:55:24.667224Z  INFO ws_message:game_session{game=G7O3EF player=PlayerId(1)}: phase_server: game submission processed (lock held) game=G7O3EF kind="action" lock_ms=5 ai_actions=0
2026-09-14T04:55:24.918716Z  INFO ws_message:game_session{game=G7O3EF player=PlayerId(0)}: server_core::session: action applied game=G7O3EF player=PlayerId(0) action_type="PassPriority" event_count=1
2026-09-14T04:55:24.960682Z  INFO ws_message:game_session{game=G7O3EF player=PlayerId(0)}: phase_server: game submission processed (lock held) game=G7O3EF kind="action" lock_ms=48 ai_actions=0
2026-09-14T04:55:25.177029Z  INFO ws_message:game_session{game=G7O3EF player=PlayerId(1)}: server_core::session: interaction applied game=G7O3EF player=PlayerId(1) action_type="SelectCards" event_count=11
2026-09-14T04:55:25.185505Z  INFO ws_message:game_session{game=G7O3EF player=PlayerId(1)}: phase_server: game submission processed (lock held) game=G7O3EF kind="interaction" lock_ms=21 ai_actions=0
2026-09-14T04:55:25.417114Z  INFO ws_message:game_session{game=G7O3EF player=PlayerId(0)}: server_core::session: action applied game=G7O3EF player=PlayerId(0) action_type="PassPriority" event_count=1
2026-09-14T04:55:25.420348Z  INFO ws_message:game_session{game=G7O3EF player=PlayerId(0)}: phase_server: game submission processed (lock held) game=G7O3EF kind="action" lock_ms=6 ai_actions=0
2026-09-14T04:55:25.671579Z  INFO ws_message:game_session{game=G7O3EF player=PlayerId(1)}: server_core::session: action applied game=G7O3EF player=PlayerId(1) action_type="PassPriority" event_count=4
2026-09-14T04:55:25.678911Z  INFO ws_message:game_session{game=G7O3EF player=PlayerId(1)}: phase_server: game submission processed (lock held) game=G7O3EF kind="action" lock_ms=13 ai_actions=0
2026-09-14T04:55:25.919658Z  INFO ws_message:game_session{game=G7O3EF player=PlayerId(0)}: server_core::session: action applied game=G7O3EF player=PlayerId(0) action_type="PassPriority" event_count=1
2026-09-14T04:55:25.922264Z  INFO ws_message:game_session{game=G7O3EF player=PlayerId(0)}: phase_server: game submission processed (lock held) game=G7O3EF kind="action" lock_ms=5 ai_actions=0
2026-09-14T04:55:26.171383Z  INFO ws_message:game_session{game=G7O3EF player=PlayerId(1)}: server_core::session: action applied game=G7O3EF player=PlayerId(1) action_type="PassPriority" event_count=1
2026-09-14T04:55:26.185847Z  INFO ws_message:game_session{game=G7O3EF player=PlayerId(1)}: phase_server: game submission processed (lock held) game=G7O3EF kind="action" lock_ms=17 ai_actions=0
2026-09-14T04:55:26.423464Z  INFO ws_message:game_session{game=G7O3EF player=PlayerId(0)}: server_core::session: action applied game=G7O3EF player=PlayerId(0) action_type="PassPriority" event_count=1
2026-09-14T04:55:26.426257Z  INFO ws_message:game_session{game=G7O3EF player=PlayerId(0)}: phase_server: game submission processed (lock held) game=G7O3EF kind="action" lock_ms=6 ai_actions=0
2026-09-14T04:55:26.674696Z  INFO ws_message:game_session{game=G7O3EF player=PlayerId(1)}: server_core::session: action applied game=G7O3EF player=PlayerId(1) action_type="PassPriority" event_count=1
2026-09-14T04:55:26.685290Z  INFO ws_message:game_session{game=G7O3EF player=PlayerId(1)}: phase_server: game submission processed (lock held) game=G7O3EF kind="action" lock_ms=14 ai_actions=0
2026-09-14T04:55:26.925977Z  INFO ws_message:game_session{game=G7O3EF player=PlayerId(0)}: server_core::session: action applied game=G7O3EF player=PlayerId(0) action_type="PassPriority" event_count=1
2026-09-14T04:55:26.928711Z  INFO ws_message:game_session{game=G7O3EF player=PlayerId(0)}: phase_server: game submission processed (lock held) game=G7O3EF kind="action" lock_ms=6 ai_actions=0
2026-09-14T04:55:27.177108Z  INFO ws_message:game_session{game=G7O3EF player=PlayerId(1)}: server_core::session: action applied game=G7O3EF player=PlayerId(1) action_type="PassPriority" event_count=1
2026-09-14T04:55:27.199200Z  INFO ws_message:game_session{game=G7O3EF player=PlayerId(1)}: phase_server: game submission processed (lock held) game=G7O3EF kind="action" lock_ms=24 ai_actions=0
2026-09-14T04:55:27.434721Z  INFO ws_message:game_session{game=G7O3EF player=PlayerId(0)}: server_core::session: action applied game=G7O3EF player=PlayerId(0) action_type="DeclareAttackers" event_count=2
2026-09-14T04:55:27.444127Z  INFO ws_message:game_session{game=G7O3EF player=PlayerId(0)}: phase_server: game submission processed (lock held) game=G7O3EF kind="action" lock_ms=17 ai_actions=0
2026-09-14T04:55:27.680887Z  INFO ws_message:game_session{game=G7O3EF player=PlayerId(0)}: server_core::session: action applied game=G7O3EF player=PlayerId(0) action_type="PassPriority" event_count=1
2026-09-14T04:55:27.683480Z  INFO ws_message:game_session{game=G7O3EF player=PlayerId(0)}: phase_server: game submission processed (lock held) game=G7O3EF kind="action" lock_ms=5 ai_actions=0
2026-09-14T04:55:28.158152Z  INFO ws_message:game_session{game=G7O3EF player=PlayerId(1)}: server_core::session: action applied game=G7O3EF player=PlayerId(1) action_type="PassPriority" event_count=1
2026-09-14T04:55:28.171720Z  INFO ws_message:game_session{game=G7O3EF player=PlayerId(1)}: phase_server: game submission processed (lock held) game=G7O3EF kind="action" lock_ms=19 ai_actions=0
2026-09-14T04:55:28.407129Z  INFO ws_message:game_session{game=G7O3EF player=PlayerId(0)}: server_core::session: action applied game=G7O3EF player=PlayerId(0) action_type="PassPriority" event_count=1
2026-09-14T04:55:28.410203Z  INFO ws_message:game_session{game=G7O3EF player=PlayerId(0)}: phase_server: game submission processed (lock held) game=G7O3EF kind="action" lock_ms=6 ai_actions=0
2026-09-14T04:55:28.660629Z  INFO ws_message:game_session{game=G7O3EF player=PlayerId(1)}: server_core::session: action applied game=G7O3EF player=PlayerId(1) action_type="PassPriority" event_count=1
2026-09-14T04:55:28.669298Z  INFO ws_message:game_session{game=G7O3EF player=PlayerId(1)}: phase_server: game submission processed (lock held) game=G7O3EF kind="action" lock_ms=14 ai_actions=0
2026-09-14T04:55:28.909078Z  INFO ws_message:game_session{game=G7O3EF player=PlayerId(0)}: server_core::session: action applied game=G7O3EF player=PlayerId(0) action_type="PassPriority" event_count=1
2026-09-14T04:55:28.911597Z  INFO ws_message:game_session{game=G7O3EF player=PlayerId(0)}: phase_server: game submission processed (lock held) game=G7O3EF kind="action" lock_ms=5 ai_actions=0
2026-09-14T04:55:29.162942Z  INFO ws_message:game_session{game=G7O3EF player=PlayerId(1)}: server_core::session: action applied game=G7O3EF player=PlayerId(1) action_type="PassPriority" event_count=4
2026-09-14T04:55:29.166715Z  INFO ws_message:game_session{game=G7O3EF player=PlayerId(1)}: phase_server: game submission processed (lock held) game=G7O3EF kind="action" lock_ms=9 ai_actions=0
2026-09-14T04:55:29.410655Z  INFO ws_message:game_session{game=G7O3EF player=PlayerId(1)}: server_core::session: action applied game=G7O3EF player=PlayerId(1) action_type="PassPriority" event_count=1
2026-09-14T04:55:29.418499Z  INFO ws_message:game_session{game=G7O3EF player=PlayerId(1)}: phase_server: game submission processed (lock held) game=G7O3EF kind="action" lock_ms=10 ai_actions=0
2026-09-14T04:55:29.665394Z  INFO ws_message:game_session{game=G7O3EF player=PlayerId(0)}: server_core::session: action applied game=G7O3EF player=PlayerId(0) action_type="PassPriority" event_count=4
2026-09-14T04:55:29.667307Z  INFO ws_message:game_session{game=G7O3EF player=PlayerId(0)}: phase_server: game submission processed (lock held) game=G7O3EF kind="action" lock_ms=8 ai_actions=0
2026-09-14T04:55:29.915570Z  INFO ws_message:game_session{game=G7O3EF player=PlayerId(1)}: server_core::session: action applied game=G7O3EF player=PlayerId(1) action_type="PassPriority" event_count=1
2026-09-14T04:55:29.923507Z  INFO ws_message:game_session{game=G7O3EF player=PlayerId(1)}: phase_server: game submission processed (lock held) game=G7O3EF kind="action" lock_ms=10 ai_actions=0
2026-09-14T04:55:30.166954Z  INFO ws_message:game_session{game=G7O3EF player=PlayerId(0)}: server_core::session: action applied game=G7O3EF player=PlayerId(0) action_type="PassPriority" event_count=1
2026-09-14T04:55:30.206539Z  INFO ws_message:game_session{game=G7O3EF player=PlayerId(0)}: phase_server: game submission processed (lock held) game=G7O3EF kind="action" lock_ms=42 ai_actions=0
2026-09-14T04:55:30.418685Z  INFO ws_message:game_session{game=G7O3EF player=PlayerId(1)}: server_core::session: action applied game=G7O3EF player=PlayerId(1) action_type="PassPriority" event_count=1
2026-09-14T04:55:30.426685Z  INFO ws_message:game_session{game=G7O3EF player=PlayerId(1)}: phase_server: game submission processed (lock held) game=G7O3EF kind="action" lock_ms=10 ai_actions=0
2026-09-14T04:55:30.670431Z  INFO ws_message:game_session{game=G7O3EF player=PlayerId(0)}: server_core::session: action applied game=G7O3EF player=PlayerId(0) action_type="PassPriority" event_count=1
2026-09-14T04:55:30.673445Z  INFO ws_message:game_session{game=G7O3EF player=PlayerId(0)}: phase_server: game submission processed (lock held) game=G7O3EF kind="action" lock_ms=6 ai_actions=0
2026-09-14T04:55:30.921834Z  INFO ws_message:game_session{game=G7O3EF player=PlayerId(1)}: server_core::session: action applied game=G7O3EF player=PlayerId(1) action_type="PassPriority" event_count=1
2026-09-14T04:55:30.930340Z  INFO ws_message:game_session{game=G7O3EF player=PlayerId(1)}: phase_server: game submission processed (lock held) game=G7O3EF kind="action" lock_ms=11 ai_actions=0
2026-09-14T04:55:31.176380Z  INFO ws_message:game_session{game=G7O3EF player=PlayerId(0)}: server_core::session: action applied game=G7O3EF player=PlayerId(0) action_type="PassPriority" event_count=3
2026-09-14T04:55:31.179325Z  INFO ws_message:game_session{game=G7O3EF player=PlayerId(0)}: phase_server: game submission processed (lock held) game=G7O3EF kind="action" lock_ms=9 ai_actions=0
2026-09-14T04:55:31.430372Z  INFO ws_message:game_session{game=G7O3EF player=PlayerId(1)}: server_core::session: action applied game=G7O3EF player=PlayerId(1) action_type="PassPriority" event_count=1
2026-09-14T04:55:31.447652Z  INFO ws_message:game_session{game=G7O3EF player=PlayerId(1)}: phase_server: game submission processed (lock held) game=G7O3EF kind="action" lock_ms=26 ai_actions=0
2026-09-14T04:55:31.678033Z  INFO ws_message:game_session{game=G7O3EF player=PlayerId(0)}: server_core::session: action applied game=G7O3EF player=PlayerId(0) action_type="PassPriority" event_count=1
2026-09-14T04:55:31.716922Z  INFO ws_message:game_session{game=G7O3EF player=PlayerId(0)}: phase_server: game submission processed (lock held) game=G7O3EF kind="action" lock_ms=44 ai_actions=0
2026-09-14T04:55:31.926214Z  INFO ws_message:game_session{game=G7O3EF player=PlayerId(1)}: server_core::session: action applied game=G7O3EF player=PlayerId(1) action_type="PassPriority" event_count=1
2026-09-14T04:55:31.934219Z  INFO ws_message:game_session{game=G7O3EF player=PlayerId(1)}: phase_server: game submission processed (lock held) game=G7O3EF kind="action" lock_ms=11 ai_actions=0
2026-09-14T04:55:32.181267Z  INFO ws_message:game_session{game=G7O3EF player=PlayerId(0)}: server_core::session: action applied game=G7O3EF player=PlayerId(0) action_type="PassPriority" event_count=1
2026-09-14T04:55:32.184010Z  INFO ws_message:game_session{game=G7O3EF player=PlayerId(0)}: phase_server: game submission processed (lock held) game=G7O3EF kind="action" lock_ms=9 ai_actions=0
2026-09-14T04:55:32.428434Z  INFO ws_message:game_session{game=G7O3EF player=PlayerId(1)}: server_core::session: action applied game=G7O3EF player=PlayerId(1) action_type="PassPriority" event_count=1
2026-09-14T04:55:32.436296Z  INFO ws_message:game_session{game=G7O3EF player=PlayerId(1)}: phase_server: game submission processed (lock held) game=G7O3EF kind="action" lock_ms=10 ai_actions=0
2026-09-14T04:55:32.681772Z  INFO ws_message:game_session{game=G7O3EF player=PlayerId(0)}: server_core::session: action applied game=G7O3EF player=PlayerId(0) action_type="PassPriority" event_count=1
2026-09-14T04:55:32.723194Z  INFO ws_message:game_session{game=G7O3EF player=PlayerId(0)}: phase_server: game submission processed (lock held) game=G7O3EF kind="action" lock_ms=46 ai_actions=0
2026-09-14T04:55:32.940972Z  INFO ws_message:game_session{game=G7O3EF player=PlayerId(1)}: server_core::session: interaction applied game=G7O3EF player=PlayerId(1) action_type="SelectCards" event_count=5
2026-09-14T04:55:32.949906Z  INFO ws_message:game_session{game=G7O3EF player=PlayerId(1)}: phase_server: game submission processed (lock held) game=G7O3EF kind="interaction" lock_ms=21 ai_actions=0
2026-09-14T04:55:33.182080Z  INFO ws_message:game_session{game=G7O3EF player=PlayerId(0)}: server_core::session: action applied game=G7O3EF player=PlayerId(0) action_type="PassPriority" event_count=1
2026-09-14T04:55:33.185311Z  INFO ws_message:game_session{game=G7O3EF player=PlayerId(0)}: phase_server: game submission processed (lock held) game=G7O3EF kind="action" lock_ms=6 ai_actions=0
2026-09-14T04:55:33.437044Z  INFO ws_message:game_session{game=G7O3EF player=PlayerId(1)}: server_core::session: action applied game=G7O3EF player=PlayerId(1) action_type="PassPriority" event_count=4
2026-09-14T04:55:33.446430Z  INFO ws_message:game_session{game=G7O3EF player=PlayerId(1)}: phase_server: game submission processed (lock held) game=G7O3EF kind="action" lock_ms=15 ai_actions=0
2026-09-14T04:55:33.684274Z  INFO ws_message:game_session{game=G7O3EF player=PlayerId(0)}: server_core::session: action applied game=G7O3EF player=PlayerId(0) action_type="PassPriority" event_count=1
2026-09-14T04:55:33.687328Z  INFO ws_message:game_session{game=G7O3EF player=PlayerId(0)}: phase_server: game submission processed (lock held) game=G7O3EF kind="action" lock_ms=6 ai_actions=0
2026-09-14T04:55:33.936492Z  INFO ws_message:game_session{game=G7O3EF player=PlayerId(1)}: server_core::session: action applied game=G7O3EF player=PlayerId(1) action_type="PassPriority" event_count=1
2026-09-14T04:55:33.961142Z  INFO ws_message:game_session{game=G7O3EF player=PlayerId(1)}: phase_server: game submission processed (lock held) game=G7O3EF kind="action" lock_ms=28 ai_actions=0
2026-09-14T04:55:34.188013Z  INFO ws_message:game_session{game=G7O3EF player=PlayerId(0)}: server_core::session: action applied game=G7O3EF player=PlayerId(0) action_type="PassPriority" event_count=1
2026-09-14T04:55:34.191298Z  INFO ws_message:game_session{game=G7O3EF player=PlayerId(0)}: phase_server: game submission processed (lock held) game=G7O3EF kind="action" lock_ms=6 ai_actions=0
2026-09-14T04:55:34.442409Z  INFO ws_message:game_session{game=G7O3EF player=PlayerId(1)}: server_core::session: action applied game=G7O3EF player=PlayerId(1) action_type="PassPriority" event_count=1
2026-09-14T04:55:34.452568Z  INFO ws_message:game_session{game=G7O3EF player=PlayerId(1)}: phase_server: game submission processed (lock held) game=G7O3EF kind="action" lock_ms=16 ai_actions=0
2026-09-14T04:55:34.690004Z  INFO ws_message:game_session{game=G7O3EF player=PlayerId(0)}: server_core::session: action applied game=G7O3EF player=PlayerId(0) action_type="PassPriority" event_count=1
2026-09-14T04:55:34.693120Z  INFO ws_message:game_session{game=G7O3EF player=PlayerId(0)}: phase_server: game submission processed (lock held) game=G7O3EF kind="action" lock_ms=6 ai_actions=0
2026-09-14T04:55:34.940185Z  INFO ws_message:game_session{game=G7O3EF player=PlayerId(1)}: server_core::session: action applied game=G7O3EF player=PlayerId(1) action_type="PassPriority" event_count=1
2026-09-14T04:55:34.959152Z  INFO ws_message:game_session{game=G7O3EF player=PlayerId(1)}: phase_server: game submission processed (lock held) game=G7O3EF kind="action" lock_ms=21 ai_actions=0
2026-09-14T04:55:35.194893Z  INFO ws_message:game_session{game=G7O3EF player=PlayerId(0)}: server_core::session: action applied game=G7O3EF player=PlayerId(0) action_type="DeclareAttackers" event_count=2
2026-09-14T04:55:35.203410Z  INFO ws_message:game_session{game=G7O3EF player=PlayerId(0)}: phase_server: game submission processed (lock held) game=G7O3EF kind="action" lock_ms=14 ai_actions=0
2026-09-14T04:55:35.443590Z  INFO ws_message:game_session{game=G7O3EF player=PlayerId(0)}: server_core::session: action applied game=G7O3EF player=PlayerId(0) action_type="PassPriority" event_count=1
2026-09-14T04:55:35.446475Z  INFO ws_message:game_session{game=G7O3EF player=PlayerId(0)}: phase_server: game submission processed (lock held) game=G7O3EF kind="action" lock_ms=5 ai_actions=0
2026-09-14T04:55:35.697885Z  INFO ws_message:game_session{game=G7O3EF player=PlayerId(1)}: server_core::session: action applied game=G7O3EF player=PlayerId(1) action_type="PassPriority" event_count=1
2026-09-14T04:55:35.716629Z  INFO ws_message:game_session{game=G7O3EF player=PlayerId(1)}: phase_server: game submission processed (lock held) game=G7O3EF kind="action" lock_ms=24 ai_actions=0
2026-09-14T04:55:35.947012Z  INFO ws_message:game_session{game=G7O3EF player=PlayerId(0)}: server_core::session: action applied game=G7O3EF player=PlayerId(0) action_type="PassPriority" event_count=1
2026-09-14T04:55:35.949583Z  INFO ws_message:game_session{game=G7O3EF player=PlayerId(0)}: phase_server: game submission processed (lock held) game=G7O3EF kind="action" lock_ms=6 ai_actions=0
2026-09-14T04:55:36.201325Z  INFO ws_message:game_session{game=G7O3EF player=PlayerId(1)}: server_core::session: action applied game=G7O3EF player=PlayerId(1) action_type="PassPriority" event_count=1
2026-09-14T04:55:36.216367Z  INFO ws_message:game_session{game=G7O3EF player=PlayerId(1)}: phase_server: game submission processed (lock held) game=G7O3EF kind="action" lock_ms=21 ai_actions=0
2026-09-14T04:55:36.448984Z  INFO ws_message:game_session{game=G7O3EF player=PlayerId(0)}: server_core::session: action applied game=G7O3EF player=PlayerId(0) action_type="PassPriority" event_count=1
2026-09-14T04:55:36.451554Z  INFO ws_message:game_session{game=G7O3EF player=PlayerId(0)}: phase_server: game submission processed (lock held) game=G7O3EF kind="action" lock_ms=5 ai_actions=0
2026-09-14T04:55:36.707245Z  INFO ws_message:game_session{game=G7O3EF player=PlayerId(1)}: server_core::session: action applied game=G7O3EF player=PlayerId(1) action_type="PassPriority" event_count=4
2026-09-14T04:55:36.715085Z  INFO ws_message:game_session{game=G7O3EF player=PlayerId(1)}: phase_server: game submission processed (lock held) game=G7O3EF kind="action" lock_ms=17 ai_actions=0
2026-09-14T04:55:36.952516Z  INFO ws_message:game_session{game=G7O3EF player=PlayerId(1)}: server_core::session: action applied game=G7O3EF player=PlayerId(1) action_type="PassPriority" event_count=1
2026-09-14T04:55:36.960631Z  INFO ws_message:game_session{game=G7O3EF player=PlayerId(1)}: phase_server: game submission processed (lock held) game=G7O3EF kind="action" lock_ms=11 ai_actions=0
2026-09-14T04:55:37.206992Z  INFO ws_message:game_session{game=G7O3EF player=PlayerId(0)}: server_core::session: action applied game=G7O3EF player=PlayerId(0) action_type="PassPriority" event_count=4
2026-09-14T04:55:37.209572Z  INFO ws_message:game_session{game=G7O3EF player=PlayerId(0)}: phase_server: game submission processed (lock held) game=G7O3EF kind="action" lock_ms=8 ai_actions=0
2026-09-14T04:55:37.454763Z  INFO ws_message:game_session{game=G7O3EF player=PlayerId(1)}: server_core::session: action applied game=G7O3EF player=PlayerId(1) action_type="PassPriority" event_count=1
2026-09-14T04:55:37.467180Z  INFO ws_message:game_session{game=G7O3EF player=PlayerId(1)}: phase_server: game submission processed (lock held) game=G7O3EF kind="action" lock_ms=15 ai_actions=0
2026-09-14T04:55:37.705442Z  INFO ws_message:game_session{game=G7O3EF player=PlayerId(0)}: server_core::session: action applied game=G7O3EF player=PlayerId(0) action_type="PassPriority" event_count=1
2026-09-14T04:55:37.746208Z  INFO ws_message:game_session{game=G7O3EF player=PlayerId(0)}: phase_server: game submission processed (lock held) game=G7O3EF kind="action" lock_ms=44 ai_actions=0
2026-09-14T04:55:37.956743Z  INFO ws_message:game_session{game=G7O3EF player=PlayerId(1)}: server_core::session: action applied game=G7O3EF player=PlayerId(1) action_type="PassPriority" event_count=1
2026-09-14T04:55:37.972894Z  INFO ws_message:game_session{game=G7O3EF player=PlayerId(1)}: phase_server: game submission processed (lock held) game=G7O3EF kind="action" lock_ms=19 ai_actions=0
2026-09-14T04:55:38.208505Z  INFO ws_message:game_session{game=G7O3EF player=PlayerId(0)}: server_core::session: action applied game=G7O3EF player=PlayerId(0) action_type="PassPriority" event_count=1
2026-09-14T04:55:38.211566Z  INFO ws_message:game_session{game=G7O3EF player=PlayerId(0)}: phase_server: game submission processed (lock held) game=G7O3EF kind="action" lock_ms=7 ai_actions=0
2026-09-14T04:55:38.459900Z  INFO ws_message:game_session{game=G7O3EF player=PlayerId(1)}: server_core::session: action applied game=G7O3EF player=PlayerId(1) action_type="PassPriority" event_count=1
2026-09-14T04:55:38.469916Z  INFO ws_message:game_session{game=G7O3EF player=PlayerId(1)}: phase_server: game submission processed (lock held) game=G7O3EF kind="action" lock_ms=13 ai_actions=0
2026-09-14T04:55:38.712793Z  INFO ws_message:game_session{game=G7O3EF player=PlayerId(0)}: server_core::session: action applied game=G7O3EF player=PlayerId(0) action_type="PassPriority" event_count=3
2026-09-14T04:55:38.715926Z  INFO ws_message:game_session{game=G7O3EF player=PlayerId(0)}: phase_server: game submission processed (lock held) game=G7O3EF kind="action" lock_ms=9 ai_actions=0
2026-09-14T04:55:38.961070Z  INFO ws_message:game_session{game=G7O3EF player=PlayerId(1)}: server_core::session: action applied game=G7O3EF player=PlayerId(1) action_type="PassPriority" event_count=1
2026-09-14T04:55:38.970220Z  INFO ws_message:game_session{game=G7O3EF player=PlayerId(1)}: phase_server: game submission processed (lock held) game=G7O3EF kind="action" lock_ms=12 ai_actions=0
2026-09-14T04:55:39.215357Z  INFO ws_message:game_session{game=G7O3EF player=PlayerId(0)}: server_core::session: action applied game=G7O3EF player=PlayerId(0) action_type="PassPriority" event_count=1
2026-09-14T04:55:39.255626Z  INFO ws_message:game_session{game=G7O3EF player=PlayerId(0)}: phase_server: game submission processed (lock held) game=G7O3EF kind="action" lock_ms=45 ai_actions=0
2026-09-14T04:55:39.463757Z  INFO ws_message:game_session{game=G7O3EF player=PlayerId(1)}: server_core::session: action applied game=G7O3EF player=PlayerId(1) action_type="PassPriority" event_count=1
2026-09-14T04:55:39.472051Z  INFO ws_message:game_session{game=G7O3EF player=PlayerId(1)}: phase_server: game submission processed (lock held) game=G7O3EF kind="action" lock_ms=11 ai_actions=0
2026-09-14T04:55:39.717490Z  INFO ws_message:game_session{game=G7O3EF player=PlayerId(0)}: server_core::session: action applied game=G7O3EF player=PlayerId(0) action_type="PassPriority" event_count=1
2026-09-14T04:55:39.720305Z  INFO ws_message:game_session{game=G7O3EF player=PlayerId(0)}: phase_server: game submission processed (lock held) game=G7O3EF kind="action" lock_ms=8 ai_actions=0
2026-09-14T04:55:39.967273Z  INFO ws_message:game_session{game=G7O3EF player=PlayerId(1)}: server_core::session: action applied game=G7O3EF player=PlayerId(1) action_type="PassPriority" event_count=1
2026-09-14T04:55:39.975228Z  INFO ws_message:game_session{game=G7O3EF player=PlayerId(1)}: phase_server: game submission processed (lock held) game=G7O3EF kind="action" lock_ms=10 ai_actions=0
2026-09-14T04:55:40.220892Z  INFO ws_message:game_session{game=G7O3EF player=PlayerId(0)}: server_core::session: action applied game=G7O3EF player=PlayerId(0) action_type="PassPriority" event_count=1
2026-09-14T04:55:40.260982Z  INFO ws_message:game_session{game=G7O3EF player=PlayerId(0)}: phase_server: game submission processed (lock held) game=G7O3EF kind="action" lock_ms=45 ai_actions=0
2026-09-14T04:55:40.477482Z  INFO ws_message:game_session{game=G7O3EF player=PlayerId(1)}: server_core::session: interaction applied game=G7O3EF player=PlayerId(1) action_type="SelectCards" event_count=5
2026-09-14T04:55:40.486028Z  INFO ws_message:game_session{game=G7O3EF player=PlayerId(1)}: phase_server: game submission processed (lock held) game=G7O3EF kind="interaction" lock_ms=19 ai_actions=0
2026-09-14T04:55:40.720108Z  INFO ws_message:game_session{game=G7O3EF player=PlayerId(0)}: server_core::session: action applied game=G7O3EF player=PlayerId(0) action_type="PassPriority" event_count=1
2026-09-14T04:55:40.722954Z  INFO ws_message:game_session{game=G7O3EF player=PlayerId(0)}: phase_server: game submission processed (lock held) game=G7O3EF kind="action" lock_ms=5 ai_actions=0
2026-09-14T04:55:40.977906Z  INFO ws_message:game_session{game=G7O3EF player=PlayerId(1)}: server_core::session: action applied game=G7O3EF player=PlayerId(1) action_type="PassPriority" event_count=4
2026-09-14T04:55:40.986003Z  INFO ws_message:game_session{game=G7O3EF player=PlayerId(1)}: phase_server: game submission processed (lock held) game=G7O3EF kind="action" lock_ms=15 ai_actions=0
2026-09-14T04:55:41.223178Z  INFO ws_message:game_session{game=G7O3EF player=PlayerId(0)}: server_core::session: action applied game=G7O3EF player=PlayerId(0) action_type="PassPriority" event_count=1
2026-09-14T04:55:41.226345Z  INFO ws_message:game_session{game=G7O3EF player=PlayerId(0)}: phase_server: game submission processed (lock held) game=G7O3EF kind="action" lock_ms=6 ai_actions=0
2026-09-14T04:55:41.474943Z  INFO ws_message:game_session{game=G7O3EF player=PlayerId(1)}: server_core::session: action applied game=G7O3EF player=PlayerId(1) action_type="PassPriority" event_count=1
2026-09-14T04:55:41.493105Z  INFO ws_message:game_session{game=G7O3EF player=PlayerId(1)}: phase_server: game submission processed (lock held) game=G7O3EF kind="action" lock_ms=21 ai_actions=0
2026-09-14T04:55:41.731252Z  INFO ws_message:game_session{game=G7O3EF player=PlayerId(0)}: server_core::session: action applied game=G7O3EF player=PlayerId(0) action_type="CastSpell" event_count=12
2026-09-14T04:55:41.738539Z  INFO ws_message:game_session{game=G7O3EF player=PlayerId(0)}: phase_server: game submission processed (lock held) game=G7O3EF kind="action" lock_ms=15 ai_actions=0
2026-09-14T04:55:41.983678Z  INFO ws_message:game_session{game=G7O3EF player=PlayerId(0)}: server_core::session: action applied game=G7O3EF player=PlayerId(0) action_type="PassPriority" event_count=1
2026-09-14T04:55:41.988725Z  INFO ws_message:game_session{game=G7O3EF player=PlayerId(0)}: phase_server: game submission processed (lock held) game=G7O3EF kind="action" lock_ms=10 ai_actions=0
2026-09-14T04:55:42.231974Z  INFO ws_message:game_session{game=G7O3EF player=PlayerId(1)}: server_core::session: action applied game=G7O3EF player=PlayerId(1) action_type="PassPriority" event_count=2
2026-09-14T04:55:42.270332Z  INFO ws_message:game_session{game=G7O3EF player=PlayerId(1)}: phase_server: game submission processed (lock held) game=G7O3EF kind="action" lock_ms=42 ai_actions=0
2026-09-14T04:55:42.886142Z  INFO ws_message:game_session{game=G7O3EF player=PlayerId(0)}: server_core::session: action applied game=G7O3EF player=PlayerId(0) action_type="CastSpell" event_count=1
2026-09-14T04:55:42.903077Z  INFO ws_message:game_session{game=G7O3EF player=PlayerId(0)}: phase_server: game submission processed (lock held) game=G7O3EF kind="action" lock_ms=19 ai_actions=0
2026-09-14T04:55:43.148529Z  INFO ws_message:game_session{game=G7O3EF player=PlayerId(0)}: server_core::session: interaction applied game=G7O3EF player=PlayerId(0) action_type="SelectModes" event_count=0
2026-09-14T04:55:43.167843Z  INFO ws_message:game_session{game=G7O3EF player=PlayerId(0)}: phase_server: game submission processed (lock held) game=G7O3EF kind="interaction" lock_ms=31 ai_actions=0
2026-09-14T04:55:43.401062Z  INFO ws_message:game_session{game=G7O3EF player=PlayerId(0)}: server_core::session: interaction applied game=G7O3EF player=PlayerId(0) action_type="ChooseTarget" event_count=8
2026-09-14T04:55:43.407044Z  INFO ws_message:game_session{game=G7O3EF player=PlayerId(0)}: phase_server: game submission processed (lock held) game=G7O3EF kind="interaction" lock_ms=19 ai_actions=0
2026-09-14T04:55:43.642808Z  INFO ws_message:game_session{game=G7O3EF player=PlayerId(0)}: server_core::session: action applied game=G7O3EF player=PlayerId(0) action_type="PassPriority" event_count=1
2026-09-14T04:55:43.646910Z  INFO ws_message:game_session{game=G7O3EF player=PlayerId(0)}: phase_server: game submission processed (lock held) game=G7O3EF kind="action" lock_ms=8 ai_actions=0
2026-09-14T04:55:43.826616Z  INFO ws_message:game_session{game=G7O3EF player=PlayerId(1)}: server_core::session: action applied game=G7O3EF player=PlayerId(1) action_type="PassPriority" event_count=4
2026-09-14T04:55:43.833247Z  INFO ws_message:game_session{game=G7O3EF player=PlayerId(1)}: phase_server: game submission processed (lock held) game=G7O3EF kind="action" lock_ms=13 ai_actions=0
2026-09-14T04:55:44.149128Z  INFO ws_message:game_session{game=G7O3EF player=PlayerId(0)}: server_core::session: action applied game=G7O3EF player=PlayerId(0) action_type="PassPriority" event_count=1
2026-09-14T04:55:44.152293Z  INFO ws_message:game_session{game=G7O3EF player=PlayerId(0)}: phase_server: game submission processed (lock held) game=G7O3EF kind="action" lock_ms=6 ai_actions=0
2026-09-14T04:55:44.324784Z  INFO ws_message:game_session{game=G7O3EF player=PlayerId(1)}: server_core::session: action applied game=G7O3EF player=PlayerId(1) action_type="PassPriority" event_count=1
2026-09-14T04:55:44.328834Z  INFO ws_message:game_session{game=G7O3EF player=PlayerId(1)}: phase_server: game submission processed (lock held) game=G7O3EF kind="action" lock_ms=7 ai_actions=0
2026-09-14T04:55:44.494137Z  INFO ws_message:game_session{game=G7O3EF player=PlayerId(0)}: server_core::session: interaction applied game=G7O3EF player=PlayerId(0) action_type="DecideOptionalEffect" event_count=0
2026-09-14T04:55:44.509255Z  INFO ws_message:game_session{game=G7O3EF player=PlayerId(0)}: phase_server: game submission processed (lock held) game=G7O3EF kind="interaction" lock_ms=25 ai_actions=0
2026-09-14T04:55:45.076723Z  INFO ws_message:game_session{game=G7O3EF player=PlayerId(0)}: server_core::session: interaction applied game=G7O3EF player=PlayerId(0) action_type="SelectCards" event_count=2
2026-09-14T04:55:45.112278Z  INFO ws_message:game_session{game=G7O3EF player=PlayerId(0)}: phase_server: game submission processed (lock held) game=G7O3EF kind="interaction" lock_ms=46 ai_actions=0
2026-09-14T04:55:45.321758Z  INFO ws_message:game_session{game=G7O3EF player=PlayerId(0)}: server_core::session: action applied game=G7O3EF player=PlayerId(0) action_type="PassPriority" event_count=1
2026-09-14T04:55:45.326231Z  INFO ws_message:game_session{game=G7O3EF player=PlayerId(0)}: phase_server: game submission processed (lock held) game=G7O3EF kind="action" lock_ms=8 ai_actions=0
2026-09-14T04:55:45.573443Z  INFO ws_message:game_session{game=G7O3EF player=PlayerId(1)}: server_core::session: action applied game=G7O3EF player=PlayerId(1) action_type="PassPriority" event_count=1
2026-09-14T04:55:45.586185Z  INFO ws_message:game_session{game=G7O3EF player=PlayerId(1)}: phase_server: game submission processed (lock held) game=G7O3EF kind="action" lock_ms=16 ai_actions=0
2026-09-14T04:55:45.899906Z  INFO ws_message:game_session{game=G7O3EF player=PlayerId(0)}: server_core::session: action applied game=G7O3EF player=PlayerId(0) action_type="PassPriority" event_count=1
2026-09-14T04:55:45.902794Z  INFO ws_message:game_session{game=G7O3EF player=PlayerId(0)}: phase_server: game submission processed (lock held) game=G7O3EF kind="action" lock_ms=6 ai_actions=0
