2026-10-02T16:47:38.067217Z  INFO ws_message: server_core::session: game session created game=DGC2LI player_count=3
2026-10-02T16:47:38.099694Z  INFO ws_message: phase_server: game created via lobby game=DGC2LI host=P0-kara players=3
2026-10-02T16:47:38.187118Z  INFO ws_message: phase_server: JoinGameWithPassword game=DGC2LI joiner=P1-bears
2026-10-02T16:47:38.187354Z  INFO ws_message: server_core::session: player joined session game=DGC2LI player=PlayerId(1) seat=1
2026-10-02T16:47:38.220402Z  INFO ws_message: phase_server: player joined game=DGC2LI player=PlayerId(1)
2026-10-02T16:47:38.245070Z  INFO ws_message: phase_server: JoinGameWithPassword game=DGC2LI joiner=P2-passive
2026-10-02T16:47:38.245265Z  INFO ws_message: server_core::session: player joined session game=DGC2LI player=PlayerId(2) seat=2
2026-10-02T16:47:38.268786Z  INFO ws_message: phase_server: player joined game=DGC2LI player=PlayerId(2)
2026-10-02T16:47:38.580872Z  WARN phase_server: Full snapshot was no longer current game=DGC2LI disposition=SupersededOrRetired
2026-10-02T16:47:41.295006Z  INFO ws_message:game_session{game=DGC2LI player=PlayerId(2)}: server_core::session: action applied game=DGC2LI player=PlayerId(2) action_type="MulliganDecision" event_count=0
2026-10-02T16:47:41.320428Z  INFO ws_message:game_session{game=DGC2LI player=PlayerId(2)}: phase_server: game submission processed (lock held) game=DGC2LI kind="action" lock_ms=26 ai_actions=0
2026-10-02T16:47:42.299245Z  INFO ws_message:game_session{game=DGC2LI player=PlayerId(0)}: server_core::session: action applied game=DGC2LI player=PlayerId(0) action_type="MulliganDecision" event_count=0
2026-10-02T16:47:42.314400Z  INFO ws_message:game_session{game=DGC2LI player=PlayerId(0)}: phase_server: game submission processed (lock held) game=DGC2LI kind="action" lock_ms=15 ai_actions=0
2026-10-02T16:47:42.423548Z  INFO ws_message:game_session{game=DGC2LI player=PlayerId(1)}: server_core::session: action applied game=DGC2LI player=PlayerId(1) action_type="MulliganDecision" event_count=1
2026-10-02T16:47:42.434210Z  INFO ws_message:game_session{game=DGC2LI player=PlayerId(1)}: phase_server: game submission processed (lock held) game=DGC2LI kind="action" lock_ms=17 ai_actions=0
2026-10-02T16:47:43.431722Z  INFO ws_message:game_session{game=DGC2LI player=PlayerId(0)}: server_core::session: action applied game=DGC2LI player=PlayerId(0) action_type="PassPriority" event_count=1
2026-10-02T16:47:43.434067Z  INFO ws_message:game_session{game=DGC2LI player=PlayerId(0)}: phase_server: game submission processed (lock held) game=DGC2LI kind="action" lock_ms=3 ai_actions=0
2026-10-02T16:47:44.437162Z  INFO ws_message:game_session{game=DGC2LI player=PlayerId(1)}: server_core::session: action applied game=DGC2LI player=PlayerId(1) action_type="PassPriority" event_count=1
2026-10-02T16:47:44.439098Z  INFO ws_message:game_session{game=DGC2LI player=PlayerId(1)}: phase_server: game submission processed (lock held) game=DGC2LI kind="action" lock_ms=2 ai_actions=0
2026-10-02T16:47:45.447061Z  INFO ws_message:game_session{game=DGC2LI player=PlayerId(2)}: server_core::session: action applied game=DGC2LI player=PlayerId(2) action_type="PassPriority" event_count=4
2026-10-02T16:47:45.448954Z  INFO ws_message:game_session{game=DGC2LI player=PlayerId(2)}: phase_server: game submission processed (lock held) game=DGC2LI kind="action" lock_ms=8 ai_actions=0
2026-10-02T16:47:46.445070Z  INFO ws_message:game_session{game=DGC2LI player=PlayerId(0)}: server_core::session: action applied game=DGC2LI player=PlayerId(0) action_type="PassPriority" event_count=1
2026-10-02T16:47:46.447402Z  INFO ws_message:game_session{game=DGC2LI player=PlayerId(0)}: phase_server: game submission processed (lock held) game=DGC2LI kind="action" lock_ms=3 ai_actions=0
2026-10-02T16:47:47.452632Z  INFO ws_message:game_session{game=DGC2LI player=PlayerId(1)}: server_core::session: action applied game=DGC2LI player=PlayerId(1) action_type="PassPriority" event_count=1
2026-10-02T16:47:47.455641Z  INFO ws_message:game_session{game=DGC2LI player=PlayerId(1)}: phase_server: game submission processed (lock held) game=DGC2LI kind="action" lock_ms=4 ai_actions=0
2026-10-02T16:47:48.455925Z  INFO ws_message:game_session{game=DGC2LI player=PlayerId(2)}: server_core::session: action applied game=DGC2LI player=PlayerId(2) action_type="PassPriority" event_count=1
2026-10-02T16:47:48.490155Z  INFO ws_message:game_session{game=DGC2LI player=PlayerId(2)}: phase_server: game submission processed (lock held) game=DGC2LI kind="action" lock_ms=35 ai_actions=0
2026-10-02T16:47:49.464184Z  INFO ws_message:game_session{game=DGC2LI player=PlayerId(0)}: server_core::session: action applied game=DGC2LI player=PlayerId(0) action_type="PlayLand" event_count=2
2026-10-02T16:47:49.469317Z  INFO ws_message:game_session{game=DGC2LI player=PlayerId(0)}: phase_server: game submission processed (lock held) game=DGC2LI kind="action" lock_ms=10 ai_actions=0
2026-10-02T16:47:50.467196Z  INFO ws_message:game_session{game=DGC2LI player=PlayerId(0)}: server_core::session: action applied game=DGC2LI player=PlayerId(0) action_type="PassPriority" event_count=1
2026-10-02T16:47:50.469533Z  INFO ws_message:game_session{game=DGC2LI player=PlayerId(0)}: phase_server: game submission processed (lock held) game=DGC2LI kind="action" lock_ms=3 ai_actions=0
2026-10-02T16:47:51.471597Z  INFO ws_message:game_session{game=DGC2LI player=PlayerId(1)}: server_core::session: action applied game=DGC2LI player=PlayerId(1) action_type="PassPriority" event_count=1
2026-10-02T16:47:51.473686Z  INFO ws_message:game_session{game=DGC2LI player=PlayerId(1)}: phase_server: game submission processed (lock held) game=DGC2LI kind="action" lock_ms=3 ai_actions=0
2026-10-02T16:47:52.476670Z  INFO ws_message:game_session{game=DGC2LI player=PlayerId(2)}: server_core::session: action applied game=DGC2LI player=PlayerId(2) action_type="PassPriority" event_count=1
2026-10-02T16:47:52.479438Z  INFO ws_message:game_session{game=DGC2LI player=PlayerId(2)}: phase_server: game submission processed (lock held) game=DGC2LI kind="action" lock_ms=4 ai_actions=0
2026-10-02T16:47:53.480305Z  INFO ws_message:game_session{game=DGC2LI player=PlayerId(0)}: server_core::session: action applied game=DGC2LI player=PlayerId(0) action_type="PassPriority" event_count=1
2026-10-02T16:47:53.482753Z  INFO ws_message:game_session{game=DGC2LI player=PlayerId(0)}: phase_server: game submission processed (lock held) game=DGC2LI kind="action" lock_ms=3 ai_actions=0
2026-10-02T16:47:54.484839Z  INFO ws_message:game_session{game=DGC2LI player=PlayerId(1)}: server_core::session: action applied game=DGC2LI player=PlayerId(1) action_type="PassPriority" event_count=1
2026-10-02T16:47:54.486702Z  INFO ws_message:game_session{game=DGC2LI player=PlayerId(1)}: phase_server: game submission processed (lock held) game=DGC2LI kind="action" lock_ms=4 ai_actions=0
2026-10-02T16:47:55.494328Z  INFO ws_message:game_session{game=DGC2LI player=PlayerId(2)}: server_core::session: action applied game=DGC2LI player=PlayerId(2) action_type="PassPriority" event_count=3
2026-10-02T16:47:55.497356Z  INFO ws_message:game_session{game=DGC2LI player=PlayerId(2)}: phase_server: game submission processed (lock held) game=DGC2LI kind="action" lock_ms=9 ai_actions=0
2026-10-02T16:47:56.492638Z  INFO ws_message:game_session{game=DGC2LI player=PlayerId(0)}: server_core::session: action applied game=DGC2LI player=PlayerId(0) action_type="PassPriority" event_count=1
2026-10-02T16:47:56.495195Z  INFO ws_message:game_session{game=DGC2LI player=PlayerId(0)}: phase_server: game submission processed (lock held) game=DGC2LI kind="action" lock_ms=3 ai_actions=0
2026-10-02T16:47:57.502466Z  INFO ws_message:game_session{game=DGC2LI player=PlayerId(1)}: server_core::session: action applied game=DGC2LI player=PlayerId(1) action_type="PassPriority" event_count=1
2026-10-02T16:47:57.504617Z  INFO ws_message:game_session{game=DGC2LI player=PlayerId(1)}: phase_server: game submission processed (lock held) game=DGC2LI kind="action" lock_ms=4 ai_actions=0
2026-10-02T16:47:58.508956Z  INFO ws_message:game_session{game=DGC2LI player=PlayerId(2)}: server_core::session: action applied game=DGC2LI player=PlayerId(2) action_type="PassPriority" event_count=1
2026-10-02T16:47:58.514872Z  INFO ws_message:game_session{game=DGC2LI player=PlayerId(2)}: phase_server: game submission processed (lock held) game=DGC2LI kind="action" lock_ms=10 ai_actions=0
2026-10-02T16:47:59.509794Z  INFO ws_message:game_session{game=DGC2LI player=PlayerId(0)}: server_core::session: action applied game=DGC2LI player=PlayerId(0) action_type="PassPriority" event_count=1
2026-10-02T16:47:59.512493Z  INFO ws_message:game_session{game=DGC2LI player=PlayerId(0)}: phase_server: game submission processed (lock held) game=DGC2LI kind="action" lock_ms=4 ai_actions=0
2026-10-02T16:48:00.515540Z  INFO ws_message:game_session{game=DGC2LI player=PlayerId(1)}: server_core::session: action applied game=DGC2LI player=PlayerId(1) action_type="PassPriority" event_count=1
2026-10-02T16:48:00.517558Z  INFO ws_message:game_session{game=DGC2LI player=PlayerId(1)}: phase_server: game submission processed (lock held) game=DGC2LI kind="action" lock_ms=3 ai_actions=0
2026-10-02T16:48:01.526694Z  INFO ws_message:game_session{game=DGC2LI player=PlayerId(2)}: server_core::session: action applied game=DGC2LI player=PlayerId(2) action_type="PassPriority" event_count=1
2026-10-02T16:48:01.529820Z  INFO ws_message:game_session{game=DGC2LI player=PlayerId(2)}: phase_server: game submission processed (lock held) game=DGC2LI kind="action" lock_ms=9 ai_actions=0
2026-10-02T16:48:02.527475Z  INFO ws_message:game_session{game=DGC2LI player=PlayerId(0)}: server_core::session: action applied game=DGC2LI player=PlayerId(0) action_type="PassPriority" event_count=1
2026-10-02T16:48:02.529748Z  INFO ws_message:game_session{game=DGC2LI player=PlayerId(0)}: phase_server: game submission processed (lock held) game=DGC2LI kind="action" lock_ms=3 ai_actions=0
2026-10-02T16:48:03.531722Z  INFO ws_message:game_session{game=DGC2LI player=PlayerId(1)}: server_core::session: action applied game=DGC2LI player=PlayerId(1) action_type="PassPriority" event_count=1
2026-10-02T16:48:03.533626Z  INFO ws_message:game_session{game=DGC2LI player=PlayerId(1)}: phase_server: game submission processed (lock held) game=DGC2LI kind="action" lock_ms=3 ai_actions=0
2026-10-02T16:48:04.539740Z  INFO ws_message:game_session{game=DGC2LI player=PlayerId(2)}: server_core::session: action applied game=DGC2LI player=PlayerId(2) action_type="PassPriority" event_count=4
2026-10-02T16:48:04.541199Z  INFO ws_message:game_session{game=DGC2LI player=PlayerId(2)}: phase_server: game submission processed (lock held) game=DGC2LI kind="action" lock_ms=7 ai_actions=0
2026-10-02T16:48:05.538456Z  INFO ws_message:game_session{game=DGC2LI player=PlayerId(1)}: server_core::session: action applied game=DGC2LI player=PlayerId(1) action_type="PassPriority" event_count=1
2026-10-02T16:48:05.540143Z  INFO ws_message:game_session{game=DGC2LI player=PlayerId(1)}: phase_server: game submission processed (lock held) game=DGC2LI kind="action" lock_ms=2 ai_actions=0
2026-10-02T16:48:06.541297Z  INFO ws_message:game_session{game=DGC2LI player=PlayerId(2)}: server_core::session: action applied game=DGC2LI player=PlayerId(2) action_type="PassPriority" event_count=1
2026-10-02T16:48:06.544217Z  INFO ws_message:game_session{game=DGC2LI player=PlayerId(2)}: phase_server: game submission processed (lock held) game=DGC2LI kind="action" lock_ms=3 ai_actions=0
2026-10-02T16:48:07.655508Z  INFO ws_message:game_session{game=DGC2LI player=PlayerId(0)}: server_core::session: action applied game=DGC2LI player=PlayerId(0) action_type="PassPriority" event_count=4
2026-10-02T16:48:07.657156Z  INFO ws_message:game_session{game=DGC2LI player=PlayerId(0)}: phase_server: game submission processed (lock held) game=DGC2LI kind="action" lock_ms=13 ai_actions=0
2026-10-02T16:48:08.648636Z  INFO ws_message:game_session{game=DGC2LI player=PlayerId(1)}: server_core::session: action applied game=DGC2LI player=PlayerId(1) action_type="PassPriority" event_count=1
2026-10-02T16:48:08.650675Z  INFO ws_message:game_session{game=DGC2LI player=PlayerId(1)}: phase_server: game submission processed (lock held) game=DGC2LI kind="action" lock_ms=3 ai_actions=0
2026-10-02T16:48:09.653333Z  INFO ws_message:game_session{game=DGC2LI player=PlayerId(2)}: server_core::session: action applied game=DGC2LI player=PlayerId(2) action_type="PassPriority" event_count=1
2026-10-02T16:48:09.656477Z  INFO ws_message:game_session{game=DGC2LI player=PlayerId(2)}: phase_server: game submission processed (lock held) game=DGC2LI kind="action" lock_ms=4 ai_actions=0
2026-10-02T16:48:10.660555Z  INFO ws_message:game_session{game=DGC2LI player=PlayerId(0)}: server_core::session: action applied game=DGC2LI player=PlayerId(0) action_type="PassPriority" event_count=1
2026-10-02T16:48:10.701762Z  INFO ws_message:game_session{game=DGC2LI player=PlayerId(0)}: phase_server: game submission processed (lock held) game=DGC2LI kind="action" lock_ms=44 ai_actions=0
2026-10-02T16:48:11.668153Z  INFO ws_message:game_session{game=DGC2LI player=PlayerId(1)}: server_core::session: action applied game=DGC2LI player=PlayerId(1) action_type="PlayLand" event_count=2
2026-10-02T16:48:11.677169Z  INFO ws_message:game_session{game=DGC2LI player=PlayerId(1)}: phase_server: game submission processed (lock held) game=DGC2LI kind="action" lock_ms=14 ai_actions=0
2026-10-02T16:48:12.668607Z  INFO ws_message:game_session{game=DGC2LI player=PlayerId(1)}: server_core::session: action applied game=DGC2LI player=PlayerId(1) action_type="PassPriority" event_count=1
2026-10-02T16:48:12.670925Z  INFO ws_message:game_session{game=DGC2LI player=PlayerId(1)}: phase_server: game submission processed (lock held) game=DGC2LI kind="action" lock_ms=3 ai_actions=0
2026-10-02T16:48:13.681848Z  INFO ws_message:game_session{game=DGC2LI player=PlayerId(2)}: server_core::session: action applied game=DGC2LI player=PlayerId(2) action_type="PassPriority" event_count=1
2026-10-02T16:48:13.684737Z  INFO ws_message:game_session{game=DGC2LI player=PlayerId(2)}: phase_server: game submission processed (lock held) game=DGC2LI kind="action" lock_ms=13 ai_actions=0
2026-10-02T16:48:14.676780Z  INFO ws_message:game_session{game=DGC2LI player=PlayerId(0)}: server_core::session: action applied game=DGC2LI player=PlayerId(0) action_type="PassPriority" event_count=1
2026-10-02T16:48:14.679618Z  INFO ws_message:game_session{game=DGC2LI player=PlayerId(0)}: phase_server: game submission processed (lock held) game=DGC2LI kind="action" lock_ms=4 ai_actions=0
2026-10-02T16:48:15.691952Z  INFO ws_message:game_session{game=DGC2LI player=PlayerId(1)}: server_core::session: action applied game=DGC2LI player=PlayerId(1) action_type="PassPriority" event_count=1
2026-10-02T16:48:15.698105Z  INFO ws_message:game_session{game=DGC2LI player=PlayerId(1)}: phase_server: game submission processed (lock held) game=DGC2LI kind="action" lock_ms=10 ai_actions=0
2026-10-02T16:48:16.697504Z  INFO ws_message:game_session{game=DGC2LI player=PlayerId(2)}: server_core::session: action applied game=DGC2LI player=PlayerId(2) action_type="PassPriority" event_count=1
2026-10-02T16:48:16.701312Z  INFO ws_message:game_session{game=DGC2LI player=PlayerId(2)}: phase_server: game submission processed (lock held) game=DGC2LI kind="action" lock_ms=8 ai_actions=0
2026-10-02T16:48:17.704607Z  INFO ws_message:game_session{game=DGC2LI player=PlayerId(0)}: server_core::session: action applied game=DGC2LI player=PlayerId(0) action_type="PassPriority" event_count=3
2026-10-02T16:48:17.708400Z  INFO ws_message:game_session{game=DGC2LI player=PlayerId(0)}: phase_server: game submission processed (lock held) game=DGC2LI kind="action" lock_ms=10 ai_actions=0
2026-10-02T16:48:18.704039Z  INFO ws_message:game_session{game=DGC2LI player=PlayerId(1)}: server_core::session: action applied game=DGC2LI player=PlayerId(1) action_type="PassPriority" event_count=1
2026-10-02T16:48:18.706263Z  INFO ws_message:game_session{game=DGC2LI player=PlayerId(1)}: phase_server: game submission processed (lock held) game=DGC2LI kind="action" lock_ms=3 ai_actions=0
2026-10-02T16:48:19.708335Z  INFO ws_message:game_session{game=DGC2LI player=PlayerId(2)}: server_core::session: action applied game=DGC2LI player=PlayerId(2) action_type="PassPriority" event_count=1
2026-10-02T16:48:19.711098Z  INFO ws_message:game_session{game=DGC2LI player=PlayerId(2)}: phase_server: game submission processed (lock held) game=DGC2LI kind="action" lock_ms=3 ai_actions=0
2026-10-02T16:48:20.717778Z  INFO ws_message:game_session{game=DGC2LI player=PlayerId(0)}: server_core::session: action applied game=DGC2LI player=PlayerId(0) action_type="PassPriority" event_count=1
2026-10-02T16:48:20.729391Z  INFO ws_message:game_session{game=DGC2LI player=PlayerId(0)}: phase_server: game submission processed (lock held) game=DGC2LI kind="action" lock_ms=18 ai_actions=0
2026-10-02T16:48:21.717666Z  INFO ws_message:game_session{game=DGC2LI player=PlayerId(1)}: server_core::session: action applied game=DGC2LI player=PlayerId(1) action_type="PassPriority" event_count=1
2026-10-02T16:48:21.719623Z  INFO ws_message:game_session{game=DGC2LI player=PlayerId(1)}: phase_server: game submission processed (lock held) game=DGC2LI kind="action" lock_ms=3 ai_actions=0
2026-10-02T16:48:22.722367Z  INFO ws_message:game_session{game=DGC2LI player=PlayerId(2)}: server_core::session: action applied game=DGC2LI player=PlayerId(2) action_type="PassPriority" event_count=1
2026-10-02T16:48:22.726582Z  INFO ws_message:game_session{game=DGC2LI player=PlayerId(2)}: phase_server: game submission processed (lock held) game=DGC2LI kind="action" lock_ms=5 ai_actions=0
2026-10-02T16:48:23.738897Z  INFO ws_message:game_session{game=DGC2LI player=PlayerId(0)}: server_core::session: action applied game=DGC2LI player=PlayerId(0) action_type="PassPriority" event_count=1
2026-10-02T16:48:23.743831Z  INFO ws_message:game_session{game=DGC2LI player=PlayerId(0)}: phase_server: game submission processed (lock held) game=DGC2LI kind="action" lock_ms=17 ai_actions=0
2026-10-02T16:48:24.732003Z  INFO ws_message:game_session{game=DGC2LI player=PlayerId(1)}: server_core::session: action applied game=DGC2LI player=PlayerId(1) action_type="PassPriority" event_count=1
2026-10-02T16:48:24.733807Z  INFO ws_message:game_session{game=DGC2LI player=PlayerId(1)}: phase_server: game submission processed (lock held) game=DGC2LI kind="action" lock_ms=3 ai_actions=0
2026-10-02T16:48:25.737679Z  INFO ws_message:game_session{game=DGC2LI player=PlayerId(2)}: server_core::session: action applied game=DGC2LI player=PlayerId(2) action_type="PassPriority" event_count=1
2026-10-02T16:48:25.741192Z  INFO ws_message:game_session{game=DGC2LI player=PlayerId(2)}: phase_server: game submission processed (lock held) game=DGC2LI kind="action" lock_ms=4 ai_actions=0
2026-10-02T16:48:26.751148Z  INFO ws_message:game_session{game=DGC2LI player=PlayerId(0)}: server_core::session: action applied game=DGC2LI player=PlayerId(0) action_type="PassPriority" event_count=4
2026-10-02T16:48:26.753511Z  INFO ws_message:game_session{game=DGC2LI player=PlayerId(0)}: phase_server: game submission processed (lock held) game=DGC2LI kind="action" lock_ms=11 ai_actions=0
2026-10-02T16:48:27.748970Z  INFO ws_message:game_session{game=DGC2LI player=PlayerId(2)}: server_core::session: action applied game=DGC2LI player=PlayerId(2) action_type="PassPriority" event_count=1
2026-10-02T16:48:27.752567Z  INFO ws_message:game_session{game=DGC2LI player=PlayerId(2)}: phase_server: game submission processed (lock held) game=DGC2LI kind="action" lock_ms=4 ai_actions=0
2026-10-02T16:48:28.754962Z  INFO ws_message:game_session{game=DGC2LI player=PlayerId(0)}: server_core::session: action applied game=DGC2LI player=PlayerId(0) action_type="PassPriority" event_count=1
2026-10-02T16:48:28.758485Z  INFO ws_message:game_session{game=DGC2LI player=PlayerId(0)}: phase_server: game submission processed (lock held) game=DGC2LI kind="action" lock_ms=5 ai_actions=0
2026-10-02T16:48:29.766983Z  INFO ws_message:game_session{game=DGC2LI player=PlayerId(1)}: server_core::session: action applied game=DGC2LI player=PlayerId(1) action_type="PassPriority" event_count=4
2026-10-02T16:48:29.768343Z  INFO ws_message:game_session{game=DGC2LI player=PlayerId(1)}: phase_server: game submission processed (lock held) game=DGC2LI kind="action" lock_ms=9 ai_actions=0
2026-10-02T16:48:30.764930Z  INFO ws_message:game_session{game=DGC2LI player=PlayerId(2)}: server_core::session: action applied game=DGC2LI player=PlayerId(2) action_type="PassPriority" event_count=1
2026-10-02T16:48:30.768497Z  INFO ws_message:game_session{game=DGC2LI player=PlayerId(2)}: phase_server: game submission processed (lock held) game=DGC2LI kind="action" lock_ms=5 ai_actions=0
2026-10-02T16:48:31.772252Z  INFO ws_message:game_session{game=DGC2LI player=PlayerId(0)}: server_core::session: action applied game=DGC2LI player=PlayerId(0) action_type="PassPriority" event_count=1
2026-10-02T16:48:31.795965Z  INFO ws_message:game_session{game=DGC2LI player=PlayerId(0)}: phase_server: game submission processed (lock held) game=DGC2LI kind="action" lock_ms=25 ai_actions=0
2026-10-02T16:48:32.779668Z  INFO ws_message:game_session{game=DGC2LI player=PlayerId(1)}: server_core::session: action applied game=DGC2LI player=PlayerId(1) action_type="PassPriority" event_count=1
2026-10-02T16:48:32.817407Z  INFO ws_message:game_session{game=DGC2LI player=PlayerId(1)}: phase_server: game submission processed (lock held) game=DGC2LI kind="action" lock_ms=40 ai_actions=0
2026-10-02T16:48:33.789719Z  INFO ws_message:game_session{game=DGC2LI player=PlayerId(2)}: server_core::session: action applied game=DGC2LI player=PlayerId(2) action_type="PlayLand" event_count=2
2026-10-02T16:48:33.793401Z  INFO ws_message:game_session{game=DGC2LI player=PlayerId(2)}: phase_server: game submission processed (lock held) game=DGC2LI kind="action" lock_ms=13 ai_actions=0
2026-10-02T16:48:34.785873Z  INFO ws_message:game_session{game=DGC2LI player=PlayerId(2)}: server_core::session: action applied game=DGC2LI player=PlayerId(2) action_type="PassPriority" event_count=1
2026-10-02T16:48:34.792421Z  INFO ws_message:game_session{game=DGC2LI player=PlayerId(2)}: phase_server: game submission processed (lock held) game=DGC2LI kind="action" lock_ms=7 ai_actions=0
2026-10-02T16:48:35.789839Z  INFO ws_message:game_session{game=DGC2LI player=PlayerId(0)}: server_core::session: action applied game=DGC2LI player=PlayerId(0) action_type="PassPriority" event_count=1
2026-10-02T16:48:35.792715Z  INFO ws_message:game_session{game=DGC2LI player=PlayerId(0)}: phase_server: game submission processed (lock held) game=DGC2LI kind="action" lock_ms=5 ai_actions=0
2026-10-02T16:48:36.792601Z  INFO ws_message:game_session{game=DGC2LI player=PlayerId(1)}: server_core::session: action applied game=DGC2LI player=PlayerId(1) action_type="PassPriority" event_count=1
2026-10-02T16:48:36.795028Z  INFO ws_message:game_session{game=DGC2LI player=PlayerId(1)}: phase_server: game submission processed (lock held) game=DGC2LI kind="action" lock_ms=3 ai_actions=0
2026-10-02T16:48:37.799561Z  INFO ws_message:game_session{game=DGC2LI player=PlayerId(2)}: server_core::session: action applied game=DGC2LI player=PlayerId(2) action_type="PassPriority" event_count=1
2026-10-02T16:48:37.802220Z  INFO ws_message:game_session{game=DGC2LI player=PlayerId(2)}: phase_server: game submission processed (lock held) game=DGC2LI kind="action" lock_ms=4 ai_actions=0
2026-10-02T16:48:38.805841Z  INFO ws_message:game_session{game=DGC2LI player=PlayerId(0)}: server_core::session: action applied game=DGC2LI player=PlayerId(0) action_type="PassPriority" event_count=1
2026-10-02T16:48:38.808789Z  INFO ws_message:game_session{game=DGC2LI player=PlayerId(0)}: phase_server: game submission processed (lock held) game=DGC2LI kind="action" lock_ms=5 ai_actions=0
2026-10-02T16:48:39.815598Z  INFO ws_message:game_session{game=DGC2LI player=PlayerId(1)}: server_core::session: action applied game=DGC2LI player=PlayerId(1) action_type="PassPriority" event_count=3
2026-10-02T16:48:39.818857Z  INFO ws_message:game_session{game=DGC2LI player=PlayerId(1)}: phase_server: game submission processed (lock held) game=DGC2LI kind="action" lock_ms=10 ai_actions=0
2026-10-02T16:48:40.815915Z  INFO ws_message:game_session{game=DGC2LI player=PlayerId(2)}: server_core::session: action applied game=DGC2LI player=PlayerId(2) action_type="PassPriority" event_count=1
2026-10-02T16:48:40.819363Z  INFO ws_message:game_session{game=DGC2LI player=PlayerId(2)}: phase_server: game submission processed (lock held) game=DGC2LI kind="action" lock_ms=6 ai_actions=0
2026-10-02T16:48:41.819258Z  INFO ws_message:game_session{game=DGC2LI player=PlayerId(0)}: server_core::session: action applied game=DGC2LI player=PlayerId(0) action_type="PassPriority" event_count=1
2026-10-02T16:48:41.822693Z  INFO ws_message:game_session{game=DGC2LI player=PlayerId(0)}: phase_server: game submission processed (lock held) game=DGC2LI kind="action" lock_ms=4 ai_actions=0
2026-10-02T16:48:42.829741Z  INFO ws_message:game_session{game=DGC2LI player=PlayerId(1)}: server_core::session: action applied game=DGC2LI player=PlayerId(1) action_type="PassPriority" event_count=1
2026-10-02T16:48:42.832330Z  INFO ws_message:game_session{game=DGC2LI player=PlayerId(1)}: phase_server: game submission processed (lock held) game=DGC2LI kind="action" lock_ms=7 ai_actions=0
2026-10-02T16:48:43.831139Z  INFO ws_message:game_session{game=DGC2LI player=PlayerId(2)}: server_core::session: action applied game=DGC2LI player=PlayerId(2) action_type="PassPriority" event_count=1
2026-10-02T16:48:43.834583Z  INFO ws_message:game_session{game=DGC2LI player=PlayerId(2)}: phase_server: game submission processed (lock held) game=DGC2LI kind="action" lock_ms=4 ai_actions=0
2026-10-02T16:48:44.836272Z  INFO ws_message:game_session{game=DGC2LI player=PlayerId(0)}: server_core::session: action applied game=DGC2LI player=PlayerId(0) action_type="PassPriority" event_count=1
2026-10-02T16:48:44.839723Z  INFO ws_message:game_session{game=DGC2LI player=PlayerId(0)}: phase_server: game submission processed (lock held) game=DGC2LI kind="action" lock_ms=5 ai_actions=0
2026-10-02T16:48:45.848040Z  INFO ws_message:game_session{game=DGC2LI player=PlayerId(1)}: server_core::session: action applied game=DGC2LI player=PlayerId(1) action_type="PassPriority" event_count=1
2026-10-02T16:48:45.850344Z  INFO ws_message:game_session{game=DGC2LI player=PlayerId(1)}: phase_server: game submission processed (lock held) game=DGC2LI kind="action" lock_ms=9 ai_actions=0
2026-10-02T16:48:46.846822Z  INFO ws_message:game_session{game=DGC2LI player=PlayerId(2)}: server_core::session: action applied game=DGC2LI player=PlayerId(2) action_type="PassPriority" event_count=1
2026-10-02T16:48:46.849352Z  INFO ws_message:game_session{game=DGC2LI player=PlayerId(2)}: phase_server: game submission processed (lock held) game=DGC2LI kind="action" lock_ms=4 ai_actions=0
2026-10-02T16:48:47.852853Z  INFO ws_message:game_session{game=DGC2LI player=PlayerId(0)}: server_core::session: action applied game=DGC2LI player=PlayerId(0) action_type="PassPriority" event_count=1
2026-10-02T16:48:47.856023Z  INFO ws_message:game_session{game=DGC2LI player=PlayerId(0)}: phase_server: game submission processed (lock held) game=DGC2LI kind="action" lock_ms=4 ai_actions=0
2026-10-02T16:48:48.863344Z  INFO ws_message:game_session{game=DGC2LI player=PlayerId(1)}: server_core::session: action applied game=DGC2LI player=PlayerId(1) action_type="PassPriority" event_count=4
2026-10-02T16:48:48.867413Z  INFO ws_message:game_session{game=DGC2LI player=PlayerId(1)}: phase_server: game submission processed (lock held) game=DGC2LI kind="action" lock_ms=12 ai_actions=0
2026-10-02T16:48:49.859803Z  INFO ws_message:game_session{game=DGC2LI player=PlayerId(0)}: server_core::session: action applied game=DGC2LI player=PlayerId(0) action_type="PassPriority" event_count=1
2026-10-02T16:48:49.863726Z  INFO ws_message:game_session{game=DGC2LI player=PlayerId(0)}: phase_server: game submission processed (lock held) game=DGC2LI kind="action" lock_ms=5 ai_actions=0
2026-10-02T16:48:50.864206Z  INFO ws_message:game_session{game=DGC2LI player=PlayerId(1)}: server_core::session: action applied game=DGC2LI player=PlayerId(1) action_type="PassPriority" event_count=1
2026-10-02T16:48:50.866564Z  INFO ws_message:game_session{game=DGC2LI player=PlayerId(1)}: phase_server: game submission processed (lock held) game=DGC2LI kind="action" lock_ms=3 ai_actions=0
2026-10-02T16:48:51.875574Z  INFO ws_message:game_session{game=DGC2LI player=PlayerId(2)}: server_core::session: action applied game=DGC2LI player=PlayerId(2) action_type="PassPriority" event_count=4
2026-10-02T16:48:51.877730Z  INFO ws_message:game_session{game=DGC2LI player=PlayerId(2)}: phase_server: game submission processed (lock held) game=DGC2LI kind="action" lock_ms=8 ai_actions=0
2026-10-02T16:48:52.878264Z  INFO ws_message:game_session{game=DGC2LI player=PlayerId(0)}: server_core::session: action applied game=DGC2LI player=PlayerId(0) action_type="PassPriority" event_count=1
2026-10-02T16:48:52.883390Z  INFO ws_message:game_session{game=DGC2LI player=PlayerId(0)}: phase_server: game submission processed (lock held) game=DGC2LI kind="action" lock_ms=6 ai_actions=0
2026-10-02T16:48:53.882741Z  INFO ws_message:game_session{game=DGC2LI player=PlayerId(1)}: server_core::session: action applied game=DGC2LI player=PlayerId(1) action_type="PassPriority" event_count=1
2026-10-02T16:48:53.885636Z  INFO ws_message:game_session{game=DGC2LI player=PlayerId(1)}: phase_server: game submission processed (lock held) game=DGC2LI kind="action" lock_ms=4 ai_actions=0
2026-10-02T16:48:54.889003Z  INFO ws_message:game_session{game=DGC2LI player=PlayerId(2)}: server_core::session: action applied game=DGC2LI player=PlayerId(2) action_type="PassPriority" event_count=1
2026-10-02T16:48:54.925454Z  INFO ws_message:game_session{game=DGC2LI player=PlayerId(2)}: phase_server: game submission processed (lock held) game=DGC2LI kind="action" lock_ms=38 ai_actions=0
2026-10-02T16:48:55.897327Z  INFO ws_message:game_session{game=DGC2LI player=PlayerId(0)}: server_core::session: action applied game=DGC2LI player=PlayerId(0) action_type="PlayLand" event_count=2
2026-10-02T16:48:55.911673Z  INFO ws_message:game_session{game=DGC2LI player=PlayerId(0)}: phase_server: game submission processed (lock held) game=DGC2LI kind="action" lock_ms=20 ai_actions=0
2026-10-02T16:48:56.897794Z  INFO ws_message:game_session{game=DGC2LI player=PlayerId(0)}: server_core::session: action applied game=DGC2LI player=PlayerId(0) action_type="PassPriority" event_count=1
2026-10-02T16:48:56.900793Z  INFO ws_message:game_session{game=DGC2LI player=PlayerId(0)}: phase_server: game submission processed (lock held) game=DGC2LI kind="action" lock_ms=4 ai_actions=0
2026-10-02T16:48:57.902364Z  INFO ws_message:game_session{game=DGC2LI player=PlayerId(1)}: server_core::session: action applied game=DGC2LI player=PlayerId(1) action_type="PassPriority" event_count=1
2026-10-02T16:48:57.906423Z  INFO ws_message:game_session{game=DGC2LI player=PlayerId(1)}: phase_server: game submission processed (lock held) game=DGC2LI kind="action" lock_ms=6 ai_actions=0
2026-10-02T16:48:58.907619Z  INFO ws_message:game_session{game=DGC2LI player=PlayerId(2)}: server_core::session: action applied game=DGC2LI player=PlayerId(2) action_type="PassPriority" event_count=1
2026-10-02T16:48:58.911009Z  INFO ws_message:game_session{game=DGC2LI player=PlayerId(2)}: phase_server: game submission processed (lock held) game=DGC2LI kind="action" lock_ms=5 ai_actions=0
2026-10-02T16:48:59.913300Z  INFO ws_message:game_session{game=DGC2LI player=PlayerId(0)}: server_core::session: action applied game=DGC2LI player=PlayerId(0) action_type="PassPriority" event_count=1
2026-10-02T16:48:59.918408Z  INFO ws_message:game_session{game=DGC2LI player=PlayerId(0)}: phase_server: game submission processed (lock held) game=DGC2LI kind="action" lock_ms=7 ai_actions=0
2026-10-02T16:49:00.918304Z  INFO ws_message:game_session{game=DGC2LI player=PlayerId(1)}: server_core::session: action applied game=DGC2LI player=PlayerId(1) action_type="PassPriority" event_count=1
2026-10-02T16:49:00.920923Z  INFO ws_message:game_session{game=DGC2LI player=PlayerId(1)}: phase_server: game submission processed (lock held) game=DGC2LI kind="action" lock_ms=5 ai_actions=0
2026-10-02T16:49:01.924923Z  INFO ws_message:game_session{game=DGC2LI player=PlayerId(2)}: server_core::session: action applied game=DGC2LI player=PlayerId(2) action_type="PassPriority" event_count=3
2026-10-02T16:49:01.928390Z  INFO ws_message:game_session{game=DGC2LI player=PlayerId(2)}: phase_server: game submission processed (lock held) game=DGC2LI kind="action" lock_ms=9 ai_actions=0
2026-10-02T16:49:02.927525Z  INFO ws_message:game_session{game=DGC2LI player=PlayerId(0)}: server_core::session: action applied game=DGC2LI player=PlayerId(0) action_type="PassPriority" event_count=1
2026-10-02T16:49:02.930585Z  INFO ws_message:game_session{game=DGC2LI player=PlayerId(0)}: phase_server: game submission processed (lock held) game=DGC2LI kind="action" lock_ms=5 ai_actions=0
2026-10-02T16:49:03.932807Z  INFO ws_message:game_session{game=DGC2LI player=PlayerId(1)}: server_core::session: action applied game=DGC2LI player=PlayerId(1) action_type="PassPriority" event_count=1
2026-10-02T16:49:03.935630Z  INFO ws_message:game_session{game=DGC2LI player=PlayerId(1)}: phase_server: game submission processed (lock held) game=DGC2LI kind="action" lock_ms=4 ai_actions=0
2026-10-02T16:49:04.942788Z  INFO ws_message:game_session{game=DGC2LI player=PlayerId(2)}: server_core::session: action applied game=DGC2LI player=PlayerId(2) action_type="PassPriority" event_count=1
2026-10-02T16:49:04.956319Z  INFO ws_message:game_session{game=DGC2LI player=PlayerId(2)}: phase_server: game submission processed (lock held) game=DGC2LI kind="action" lock_ms=18 ai_actions=0
2026-10-02T16:49:05.942617Z  INFO ws_message:game_session{game=DGC2LI player=PlayerId(0)}: server_core::session: action applied game=DGC2LI player=PlayerId(0) action_type="PassPriority" event_count=1
2026-10-02T16:49:05.945655Z  INFO ws_message:game_session{game=DGC2LI player=PlayerId(0)}: phase_server: game submission processed (lock held) game=DGC2LI kind="action" lock_ms=4 ai_actions=0
2026-10-02T16:49:06.949271Z  INFO ws_message:game_session{game=DGC2LI player=PlayerId(1)}: server_core::session: action applied game=DGC2LI player=PlayerId(1) action_type="PassPriority" event_count=1
2026-10-02T16:49:06.953010Z  INFO ws_message:game_session{game=DGC2LI player=PlayerId(1)}: phase_server: game submission processed (lock held) game=DGC2LI kind="action" lock_ms=5 ai_actions=0
2026-10-02T16:49:07.956985Z  INFO ws_message:game_session{game=DGC2LI player=PlayerId(2)}: server_core::session: action applied game=DGC2LI player=PlayerId(2) action_type="PassPriority" event_count=1
2026-10-02T16:49:07.960127Z  INFO ws_message:game_session{game=DGC2LI player=PlayerId(2)}: phase_server: game submission processed (lock held) game=DGC2LI kind="action" lock_ms=9 ai_actions=0
2026-10-02T16:49:08.958603Z  INFO ws_message:game_session{game=DGC2LI player=PlayerId(0)}: server_core::session: action applied game=DGC2LI player=PlayerId(0) action_type="PassPriority" event_count=1
2026-10-02T16:49:08.961910Z  INFO ws_message:game_session{game=DGC2LI player=PlayerId(0)}: phase_server: game submission processed (lock held) game=DGC2LI kind="action" lock_ms=5 ai_actions=0
2026-10-02T16:49:09.962564Z  INFO ws_message:game_session{game=DGC2LI player=PlayerId(1)}: server_core::session: action applied game=DGC2LI player=PlayerId(1) action_type="PassPriority" event_count=1
2026-10-02T16:49:09.965127Z  INFO ws_message:game_session{game=DGC2LI player=PlayerId(1)}: phase_server: game submission processed (lock held) game=DGC2LI kind="action" lock_ms=4 ai_actions=0
2026-10-02T16:49:10.970296Z  INFO ws_message:game_session{game=DGC2LI player=PlayerId(2)}: server_core::session: action applied game=DGC2LI player=PlayerId(2) action_type="PassPriority" event_count=4
2026-10-02T16:49:10.971991Z  INFO ws_message:game_session{game=DGC2LI player=PlayerId(2)}: phase_server: game submission processed (lock held) game=DGC2LI kind="action" lock_ms=7 ai_actions=0
2026-10-02T16:49:11.969631Z  INFO ws_message:game_session{game=DGC2LI player=PlayerId(1)}: server_core::session: action applied game=DGC2LI player=PlayerId(1) action_type="PassPriority" event_count=1
2026-10-02T16:49:11.972416Z  INFO ws_message:game_session{game=DGC2LI player=PlayerId(1)}: phase_server: game submission processed (lock held) game=DGC2LI kind="action" lock_ms=4 ai_actions=0
2026-10-02T16:49:12.974542Z  INFO ws_message:game_session{game=DGC2LI player=PlayerId(2)}: server_core::session: action applied game=DGC2LI player=PlayerId(2) action_type="PassPriority" event_count=1
2026-10-02T16:49:12.977745Z  INFO ws_message:game_session{game=DGC2LI player=PlayerId(2)}: phase_server: game submission processed (lock held) game=DGC2LI kind="action" lock_ms=4 ai_actions=0
2026-10-02T16:49:13.982915Z  INFO ws_message:game_session{game=DGC2LI player=PlayerId(0)}: server_core::session: action applied game=DGC2LI player=PlayerId(0) action_type="PassPriority" event_count=4
2026-10-02T16:49:13.984593Z  INFO ws_message:game_session{game=DGC2LI player=PlayerId(0)}: phase_server: game submission processed (lock held) game=DGC2LI kind="action" lock_ms=8 ai_actions=0
2026-10-02T16:49:14.983714Z  INFO ws_message:game_session{game=DGC2LI player=PlayerId(1)}: server_core::session: action applied game=DGC2LI player=PlayerId(1) action_type="PassPriority" event_count=1
2026-10-02T16:49:14.986312Z  INFO ws_message:game_session{game=DGC2LI player=PlayerId(1)}: phase_server: game submission processed (lock held) game=DGC2LI kind="action" lock_ms=4 ai_actions=0
2026-10-02T16:49:15.987286Z  INFO ws_message:game_session{game=DGC2LI player=PlayerId(2)}: server_core::session: action applied game=DGC2LI player=PlayerId(2) action_type="PassPriority" event_count=1
2026-10-02T16:49:15.990500Z  INFO ws_message:game_session{game=DGC2LI player=PlayerId(2)}: phase_server: game submission processed (lock held) game=DGC2LI kind="action" lock_ms=4 ai_actions=0
2026-10-02T16:49:16.992965Z  INFO ws_message:game_session{game=DGC2LI player=PlayerId(0)}: server_core::session: action applied game=DGC2LI player=PlayerId(0) action_type="PassPriority" event_count=1
2026-10-02T16:49:17.026329Z  INFO ws_message:game_session{game=DGC2LI player=PlayerId(0)}: phase_server: game submission processed (lock held) game=DGC2LI kind="action" lock_ms=36 ai_actions=0
2026-10-02T16:49:17.999197Z  INFO ws_message:game_session{game=DGC2LI player=PlayerId(1)}: server_core::session: action applied game=DGC2LI player=PlayerId(1) action_type="PlayLand" event_count=2
2026-10-02T16:49:18.006680Z  INFO ws_message:game_session{game=DGC2LI player=PlayerId(1)}: phase_server: game submission processed (lock held) game=DGC2LI kind="action" lock_ms=12 ai_actions=0
2026-10-02T16:49:19.014223Z  INFO ws_message:game_session{game=DGC2LI player=PlayerId(1)}: server_core::session: action applied game=DGC2LI player=PlayerId(1) action_type="CastSpell" event_count=12
2026-10-02T16:49:19.015496Z  INFO ws_message:game_session{game=DGC2LI player=PlayerId(1)}: phase_server: game submission processed (lock held) game=DGC2LI kind="action" lock_ms=11 ai_actions=0
2026-10-02T16:49:20.005553Z  INFO ws_message:game_session{game=DGC2LI player=PlayerId(1)}: server_core::session: action applied game=DGC2LI player=PlayerId(1) action_type="PassPriority" event_count=1
2026-10-02T16:49:20.008200Z  INFO ws_message:game_session{game=DGC2LI player=PlayerId(1)}: phase_server: game submission processed (lock held) game=DGC2LI kind="action" lock_ms=5 ai_actions=0
2026-10-02T16:49:21.008043Z  INFO ws_message:game_session{game=DGC2LI player=PlayerId(2)}: server_core::session: action applied game=DGC2LI player=PlayerId(2) action_type="PassPriority" event_count=1
2026-10-02T16:49:21.011502Z  INFO ws_message:game_session{game=DGC2LI player=PlayerId(2)}: phase_server: game submission processed (lock held) game=DGC2LI kind="action" lock_ms=5 ai_actions=0
2026-10-02T16:49:22.014909Z  INFO ws_message:game_session{game=DGC2LI player=PlayerId(0)}: server_core::session: action applied game=DGC2LI player=PlayerId(0) action_type="PassPriority" event_count=2
2026-10-02T16:49:22.017500Z  INFO ws_message:game_session{game=DGC2LI player=PlayerId(0)}: phase_server: game submission processed (lock held) game=DGC2LI kind="action" lock_ms=5 ai_actions=0
2026-10-02T16:49:23.020780Z  INFO ws_message:game_session{game=DGC2LI player=PlayerId(1)}: server_core::session: action applied game=DGC2LI player=PlayerId(1) action_type="PassPriority" event_count=1
2026-10-02T16:49:23.023351Z  INFO ws_message:game_session{game=DGC2LI player=PlayerId(1)}: phase_server: game submission processed (lock held) game=DGC2LI kind="action" lock_ms=5 ai_actions=0
2026-10-02T16:49:24.023058Z  INFO ws_message:game_session{game=DGC2LI player=PlayerId(2)}: server_core::session: action applied game=DGC2LI player=PlayerId(2) action_type="PassPriority" event_count=1
2026-10-02T16:49:24.026383Z  INFO ws_message:game_session{game=DGC2LI player=PlayerId(2)}: phase_server: game submission processed (lock held) game=DGC2LI kind="action" lock_ms=5 ai_actions=0
2026-10-02T16:49:25.027872Z  INFO ws_message:game_session{game=DGC2LI player=PlayerId(0)}: server_core::session: action applied game=DGC2LI player=PlayerId(0) action_type="PassPriority" event_count=1
2026-10-02T16:49:25.030079Z  INFO ws_message:game_session{game=DGC2LI player=PlayerId(0)}: phase_server: game submission processed (lock held) game=DGC2LI kind="action" lock_ms=4 ai_actions=0
2026-10-02T16:49:26.032290Z  INFO ws_message:game_session{game=DGC2LI player=PlayerId(1)}: server_core::session: action applied game=DGC2LI player=PlayerId(1) action_type="PassPriority" event_count=1
2026-10-02T16:49:26.034819Z  INFO ws_message:game_session{game=DGC2LI player=PlayerId(1)}: phase_server: game submission processed (lock held) game=DGC2LI kind="action" lock_ms=4 ai_actions=0
2026-10-02T16:49:27.036337Z  INFO ws_message:game_session{game=DGC2LI player=PlayerId(2)}: server_core::session: action applied game=DGC2LI player=PlayerId(2) action_type="PassPriority" event_count=1
2026-10-02T16:49:27.039718Z  INFO ws_message:game_session{game=DGC2LI player=PlayerId(2)}: phase_server: game submission processed (lock held) game=DGC2LI kind="action" lock_ms=5 ai_actions=0
2026-10-02T16:49:28.044689Z  INFO ws_message:game_session{game=DGC2LI player=PlayerId(0)}: server_core::session: action applied game=DGC2LI player=PlayerId(0) action_type="PassPriority" event_count=3
2026-10-02T16:49:28.046790Z  INFO ws_message:game_session{game=DGC2LI player=PlayerId(0)}: phase_server: game submission processed (lock held) game=DGC2LI kind="action" lock_ms=7 ai_actions=0
2026-10-02T16:49:29.182247Z  INFO ws_message:game_session{game=DGC2LI player=PlayerId(1)}: server_core::session: action applied game=DGC2LI player=PlayerId(1) action_type="PassPriority" event_count=1
2026-10-02T16:49:29.184698Z  INFO ws_message:game_session{game=DGC2LI player=PlayerId(1)}: phase_server: game submission processed (lock held) game=DGC2LI kind="action" lock_ms=4 ai_actions=0
2026-10-02T16:49:30.188470Z  INFO ws_message:game_session{game=DGC2LI player=PlayerId(2)}: server_core::session: action applied game=DGC2LI player=PlayerId(2) action_type="PassPriority" event_count=1
2026-10-02T16:49:30.191872Z  INFO ws_message:game_session{game=DGC2LI player=PlayerId(2)}: phase_server: game submission processed (lock held) game=DGC2LI kind="action" lock_ms=7 ai_actions=0
2026-10-02T16:49:31.198359Z  INFO ws_message:game_session{game=DGC2LI player=PlayerId(0)}: server_core::session: action applied game=DGC2LI player=PlayerId(0) action_type="PassPriority" event_count=1
2026-10-02T16:49:31.201550Z  INFO ws_message:game_session{game=DGC2LI player=PlayerId(0)}: phase_server: game submission processed (lock held) game=DGC2LI kind="action" lock_ms=11 ai_actions=0
2026-10-02T16:49:32.196106Z  INFO ws_message:game_session{game=DGC2LI player=PlayerId(1)}: server_core::session: action applied game=DGC2LI player=PlayerId(1) action_type="PassPriority" event_count=1
2026-10-02T16:49:32.200467Z  INFO ws_message:game_session{game=DGC2LI player=PlayerId(1)}: phase_server: game submission processed (lock held) game=DGC2LI kind="action" lock_ms=6 ai_actions=0
2026-10-02T16:49:33.205261Z  INFO ws_message:game_session{game=DGC2LI player=PlayerId(2)}: server_core::session: action applied game=DGC2LI player=PlayerId(2) action_type="PassPriority" event_count=1
2026-10-02T16:49:33.208876Z  INFO ws_message:game_session{game=DGC2LI player=PlayerId(2)}: phase_server: game submission processed (lock held) game=DGC2LI kind="action" lock_ms=8 ai_actions=0
2026-10-02T16:49:34.210962Z  INFO ws_message:game_session{game=DGC2LI player=PlayerId(0)}: server_core::session: action applied game=DGC2LI player=PlayerId(0) action_type="PassPriority" event_count=1
2026-10-02T16:49:34.213125Z  INFO ws_message:game_session{game=DGC2LI player=PlayerId(0)}: phase_server: game submission processed (lock held) game=DGC2LI kind="action" lock_ms=7 ai_actions=0
2026-10-02T16:49:35.213206Z  INFO ws_message:game_session{game=DGC2LI player=PlayerId(1)}: server_core::session: action applied game=DGC2LI player=PlayerId(1) action_type="PassPriority" event_count=1
2026-10-02T16:49:35.215776Z  INFO ws_message:game_session{game=DGC2LI player=PlayerId(1)}: phase_server: game submission processed (lock held) game=DGC2LI kind="action" lock_ms=4 ai_actions=0
2026-10-02T16:49:36.218949Z  INFO ws_message:game_session{game=DGC2LI player=PlayerId(2)}: server_core::session: action applied game=DGC2LI player=PlayerId(2) action_type="PassPriority" event_count=1
2026-10-02T16:49:36.222227Z  INFO ws_message:game_session{game=DGC2LI player=PlayerId(2)}: phase_server: game submission processed (lock held) game=DGC2LI kind="action" lock_ms=5 ai_actions=0
2026-10-02T16:49:37.226084Z  INFO ws_message:game_session{game=DGC2LI player=PlayerId(0)}: server_core::session: action applied game=DGC2LI player=PlayerId(0) action_type="PassPriority" event_count=4
2026-10-02T16:49:37.227578Z  INFO ws_message:game_session{game=DGC2LI player=PlayerId(0)}: phase_server: game submission processed (lock held) game=DGC2LI kind="action" lock_ms=7 ai_actions=0
2026-10-02T16:49:38.226366Z  INFO ws_message:game_session{game=DGC2LI player=PlayerId(2)}: server_core::session: action applied game=DGC2LI player=PlayerId(2) action_type="PassPriority" event_count=1
2026-10-02T16:49:38.229559Z  INFO ws_message:game_session{game=DGC2LI player=PlayerId(2)}: phase_server: game submission processed (lock held) game=DGC2LI kind="action" lock_ms=5 ai_actions=0
2026-10-02T16:49:39.230247Z  INFO ws_message:game_session{game=DGC2LI player=PlayerId(0)}: server_core::session: action applied game=DGC2LI player=PlayerId(0) action_type="PassPriority" event_count=1
2026-10-02T16:49:39.233535Z  INFO ws_message:game_session{game=DGC2LI player=PlayerId(0)}: phase_server: game submission processed (lock held) game=DGC2LI kind="action" lock_ms=5 ai_actions=0
2026-10-02T16:49:40.239193Z  INFO ws_message:game_session{game=DGC2LI player=PlayerId(1)}: server_core::session: action applied game=DGC2LI player=PlayerId(1) action_type="PassPriority" event_count=4
2026-10-02T16:49:40.240522Z  INFO ws_message:game_session{game=DGC2LI player=PlayerId(1)}: phase_server: game submission processed (lock held) game=DGC2LI kind="action" lock_ms=7 ai_actions=0
2026-10-02T16:49:41.238729Z  INFO ws_message:game_session{game=DGC2LI player=PlayerId(2)}: server_core::session: action applied game=DGC2LI player=PlayerId(2) action_type="PassPriority" event_count=1
2026-10-02T16:49:41.243762Z  INFO ws_message:game_session{game=DGC2LI player=PlayerId(2)}: phase_server: game submission processed (lock held) game=DGC2LI kind="action" lock_ms=7 ai_actions=0
2026-10-02T16:49:42.246519Z  INFO ws_message:game_session{game=DGC2LI player=PlayerId(0)}: server_core::session: action applied game=DGC2LI player=PlayerId(0) action_type="PassPriority" event_count=1
2026-10-02T16:49:42.248551Z  INFO ws_message:game_session{game=DGC2LI player=PlayerId(0)}: phase_server: game submission processed (lock held) game=DGC2LI kind="action" lock_ms=4 ai_actions=0
2026-10-02T16:49:43.253465Z  INFO ws_message:game_session{game=DGC2LI player=PlayerId(1)}: server_core::session: action applied game=DGC2LI player=PlayerId(1) action_type="PassPriority" event_count=1
2026-10-02T16:49:43.298202Z  INFO ws_message:game_session{game=DGC2LI player=PlayerId(1)}: phase_server: game submission processed (lock held) game=DGC2LI kind="action" lock_ms=50 ai_actions=0
2026-10-02T16:49:44.264049Z  INFO ws_message:game_session{game=DGC2LI player=PlayerId(2)}: server_core::session: action applied game=DGC2LI player=PlayerId(2) action_type="PlayLand" event_count=2
2026-10-02T16:49:44.266985Z  INFO ws_message:game_session{game=DGC2LI player=PlayerId(2)}: phase_server: game submission processed (lock held) game=DGC2LI kind="action" lock_ms=10 ai_actions=0
2026-10-02T16:49:45.262432Z  INFO ws_message:game_session{game=DGC2LI player=PlayerId(2)}: server_core::session: action applied game=DGC2LI player=PlayerId(2) action_type="PassPriority" event_count=1
2026-10-02T16:49:45.265880Z  INFO ws_message:game_session{game=DGC2LI player=PlayerId(2)}: phase_server: game submission processed (lock held) game=DGC2LI kind="action" lock_ms=5 ai_actions=0
2026-10-02T16:49:46.267325Z  INFO ws_message:game_session{game=DGC2LI player=PlayerId(0)}: server_core::session: action applied game=DGC2LI player=PlayerId(0) action_type="PassPriority" event_count=1
2026-10-02T16:49:46.269431Z  INFO ws_message:game_session{game=DGC2LI player=PlayerId(0)}: phase_server: game submission processed (lock held) game=DGC2LI kind="action" lock_ms=4 ai_actions=0
2026-10-02T16:49:47.271895Z  INFO ws_message:game_session{game=DGC2LI player=PlayerId(1)}: server_core::session: action applied game=DGC2LI player=PlayerId(1) action_type="PassPriority" event_count=1
2026-10-02T16:49:47.274809Z  INFO ws_message:game_session{game=DGC2LI player=PlayerId(1)}: phase_server: game submission processed (lock held) game=DGC2LI kind="action" lock_ms=4 ai_actions=0
2026-10-02T16:49:48.275833Z  INFO ws_message:game_session{game=DGC2LI player=PlayerId(2)}: server_core::session: action applied game=DGC2LI player=PlayerId(2) action_type="PassPriority" event_count=1
2026-10-02T16:49:48.279099Z  INFO ws_message:game_session{game=DGC2LI player=PlayerId(2)}: phase_server: game submission processed (lock held) game=DGC2LI kind="action" lock_ms=5 ai_actions=0
2026-10-02T16:49:49.280936Z  INFO ws_message:game_session{game=DGC2LI player=PlayerId(0)}: server_core::session: action applied game=DGC2LI player=PlayerId(0) action_type="PassPriority" event_count=1
2026-10-02T16:49:49.282970Z  INFO ws_message:game_session{game=DGC2LI player=PlayerId(0)}: phase_server: game submission processed (lock held) game=DGC2LI kind="action" lock_ms=4 ai_actions=0
2026-10-02T16:49:50.287529Z  INFO ws_message:game_session{game=DGC2LI player=PlayerId(1)}: server_core::session: action applied game=DGC2LI player=PlayerId(1) action_type="PassPriority" event_count=3
2026-10-02T16:49:50.290196Z  INFO ws_message:game_session{game=DGC2LI player=PlayerId(1)}: phase_server: game submission processed (lock held) game=DGC2LI kind="action" lock_ms=8 ai_actions=0
2026-10-02T16:49:51.287891Z  INFO ws_message:game_session{game=DGC2LI player=PlayerId(2)}: server_core::session: action applied game=DGC2LI player=PlayerId(2) action_type="PassPriority" event_count=1
2026-10-02T16:49:51.291171Z  INFO ws_message:game_session{game=DGC2LI player=PlayerId(2)}: phase_server: game submission processed (lock held) game=DGC2LI kind="action" lock_ms=5 ai_actions=0
2026-10-02T16:49:52.292626Z  INFO ws_message:game_session{game=DGC2LI player=PlayerId(0)}: server_core::session: action applied game=DGC2LI player=PlayerId(0) action_type="PassPriority" event_count=1
2026-10-02T16:49:52.294769Z  INFO ws_message:game_session{game=DGC2LI player=PlayerId(0)}: phase_server: game submission processed (lock held) game=DGC2LI kind="action" lock_ms=4 ai_actions=0
2026-10-02T16:49:53.298873Z  INFO ws_message:game_session{game=DGC2LI player=PlayerId(1)}: server_core::session: action applied game=DGC2LI player=PlayerId(1) action_type="PassPriority" event_count=1
2026-10-02T16:49:53.301647Z  INFO ws_message:game_session{game=DGC2LI player=PlayerId(1)}: phase_server: game submission processed (lock held) game=DGC2LI kind="action" lock_ms=7 ai_actions=0
2026-10-02T16:49:54.302117Z  INFO ws_message:game_session{game=DGC2LI player=PlayerId(2)}: server_core::session: action applied game=DGC2LI player=PlayerId(2) action_type="PassPriority" event_count=1
2026-10-02T16:49:54.305259Z  INFO ws_message:game_session{game=DGC2LI player=PlayerId(2)}: phase_server: game submission processed (lock held) game=DGC2LI kind="action" lock_ms=5 ai_actions=0
2026-10-02T16:49:55.305484Z  INFO ws_message:game_session{game=DGC2LI player=PlayerId(0)}: server_core::session: action applied game=DGC2LI player=PlayerId(0) action_type="PassPriority" event_count=1
2026-10-02T16:49:55.308004Z  INFO ws_message:game_session{game=DGC2LI player=PlayerId(0)}: phase_server: game submission processed (lock held) game=DGC2LI kind="action" lock_ms=4 ai_actions=0
2026-10-02T16:49:56.314519Z  INFO ws_message:game_session{game=DGC2LI player=PlayerId(1)}: server_core::session: action applied game=DGC2LI player=PlayerId(1) action_type="PassPriority" event_count=1
2026-10-02T16:49:56.317317Z  INFO ws_message:game_session{game=DGC2LI player=PlayerId(1)}: phase_server: game submission processed (lock held) game=DGC2LI kind="action" lock_ms=10 ai_actions=0
2026-10-02T16:49:57.315162Z  INFO ws_message:game_session{game=DGC2LI player=PlayerId(2)}: server_core::session: action applied game=DGC2LI player=PlayerId(2) action_type="PassPriority" event_count=1
2026-10-02T16:49:57.318660Z  INFO ws_message:game_session{game=DGC2LI player=PlayerId(2)}: phase_server: game submission processed (lock held) game=DGC2LI kind="action" lock_ms=5 ai_actions=0
2026-10-02T16:49:58.320103Z  INFO ws_message:game_session{game=DGC2LI player=PlayerId(0)}: server_core::session: action applied game=DGC2LI player=PlayerId(0) action_type="PassPriority" event_count=1
2026-10-02T16:49:58.322237Z  INFO ws_message:game_session{game=DGC2LI player=PlayerId(0)}: phase_server: game submission processed (lock held) game=DGC2LI kind="action" lock_ms=4 ai_actions=0
2026-10-02T16:49:59.335927Z  INFO ws_message:game_session{game=DGC2LI player=PlayerId(1)}: server_core::session: action applied game=DGC2LI player=PlayerId(1) action_type="PassPriority" event_count=4
2026-10-02T16:49:59.340070Z  INFO ws_message:game_session{game=DGC2LI player=PlayerId(1)}: phase_server: game submission processed (lock held) game=DGC2LI kind="action" lock_ms=16 ai_actions=0
2026-10-02T16:50:00.332960Z  INFO ws_message:game_session{game=DGC2LI player=PlayerId(0)}: server_core::session: action applied game=DGC2LI player=PlayerId(0) action_type="PassPriority" event_count=1
2026-10-02T16:50:00.335072Z  INFO ws_message:game_session{game=DGC2LI player=PlayerId(0)}: phase_server: game submission processed (lock held) game=DGC2LI kind="action" lock_ms=4 ai_actions=0
2026-10-02T16:50:01.338834Z  INFO ws_message:game_session{game=DGC2LI player=PlayerId(1)}: server_core::session: action applied game=DGC2LI player=PlayerId(1) action_type="PassPriority" event_count=1
2026-10-02T16:50:01.343317Z  INFO ws_message:game_session{game=DGC2LI player=PlayerId(1)}: phase_server: game submission processed (lock held) game=DGC2LI kind="action" lock_ms=7 ai_actions=0
2026-10-02T16:50:02.346529Z  INFO ws_message:game_session{game=DGC2LI player=PlayerId(2)}: server_core::session: action applied game=DGC2LI player=PlayerId(2) action_type="PassPriority" event_count=4
2026-10-02T16:50:02.348231Z  INFO ws_message:game_session{game=DGC2LI player=PlayerId(2)}: phase_server: game submission processed (lock held) game=DGC2LI kind="action" lock_ms=8 ai_actions=0
2026-10-02T16:50:03.347323Z  INFO ws_message:game_session{game=DGC2LI player=PlayerId(0)}: server_core::session: action applied game=DGC2LI player=PlayerId(0) action_type="PassPriority" event_count=1
2026-10-02T16:50:03.349265Z  INFO ws_message:game_session{game=DGC2LI player=PlayerId(0)}: phase_server: game submission processed (lock held) game=DGC2LI kind="action" lock_ms=4 ai_actions=0
2026-10-02T16:50:04.353541Z  INFO ws_message:game_session{game=DGC2LI player=PlayerId(1)}: server_core::session: action applied game=DGC2LI player=PlayerId(1) action_type="PassPriority" event_count=1
2026-10-02T16:50:04.356490Z  INFO ws_message:game_session{game=DGC2LI player=PlayerId(1)}: phase_server: game submission processed (lock held) game=DGC2LI kind="action" lock_ms=4 ai_actions=0
2026-10-02T16:50:05.358409Z  INFO ws_message:game_session{game=DGC2LI player=PlayerId(2)}: server_core::session: action applied game=DGC2LI player=PlayerId(2) action_type="PassPriority" event_count=1
2026-10-02T16:50:05.399945Z  INFO ws_message:game_session{game=DGC2LI player=PlayerId(2)}: phase_server: game submission processed (lock held) game=DGC2LI kind="action" lock_ms=44 ai_actions=0
2026-10-02T16:50:06.379307Z  INFO ws_message:game_session{game=DGC2LI player=PlayerId(0)}: server_core::session: action applied game=DGC2LI player=PlayerId(0) action_type="PlayLand" event_count=2
2026-10-02T16:50:06.404643Z  INFO ws_message:game_session{game=DGC2LI player=PlayerId(0)}: phase_server: game submission processed (lock held) game=DGC2LI kind="action" lock_ms=44 ai_actions=0
2026-10-02T16:50:07.366511Z  INFO ws_message:game_session{game=DGC2LI player=PlayerId(0)}: server_core::session: action applied game=DGC2LI player=PlayerId(0) action_type="PassPriority" event_count=1
2026-10-02T16:50:07.368926Z  INFO ws_message:game_session{game=DGC2LI player=PlayerId(0)}: phase_server: game submission processed (lock held) game=DGC2LI kind="action" lock_ms=5 ai_actions=0
2026-10-02T16:50:08.370475Z  INFO ws_message:game_session{game=DGC2LI player=PlayerId(1)}: server_core::session: action applied game=DGC2LI player=PlayerId(1) action_type="PassPriority" event_count=1
2026-10-02T16:50:08.373514Z  INFO ws_message:game_session{game=DGC2LI player=PlayerId(1)}: phase_server: game submission processed (lock held) game=DGC2LI kind="action" lock_ms=5 ai_actions=0
2026-10-02T16:50:09.373856Z  INFO ws_message:game_session{game=DGC2LI player=PlayerId(2)}: server_core::session: action applied game=DGC2LI player=PlayerId(2) action_type="PassPriority" event_count=1
2026-10-02T16:50:09.377501Z  INFO ws_message:game_session{game=DGC2LI player=PlayerId(2)}: phase_server: game submission processed (lock held) game=DGC2LI kind="action" lock_ms=6 ai_actions=0
2026-10-02T16:50:10.379654Z  INFO ws_message:game_session{game=DGC2LI player=PlayerId(0)}: server_core::session: action applied game=DGC2LI player=PlayerId(0) action_type="PassPriority" event_count=1
2026-10-02T16:50:10.382797Z  INFO ws_message:game_session{game=DGC2LI player=PlayerId(0)}: phase_server: game submission processed (lock held) game=DGC2LI kind="action" lock_ms=6 ai_actions=0
2026-10-02T16:50:11.384488Z  INFO ws_message:game_session{game=DGC2LI player=PlayerId(1)}: server_core::session: action applied game=DGC2LI player=PlayerId(1) action_type="PassPriority" event_count=1
2026-10-02T16:50:11.388073Z  INFO ws_message:game_session{game=DGC2LI player=PlayerId(1)}: phase_server: game submission processed (lock held) game=DGC2LI kind="action" lock_ms=6 ai_actions=0
2026-10-02T16:50:12.391152Z  INFO ws_message:game_session{game=DGC2LI player=PlayerId(2)}: server_core::session: action applied game=DGC2LI player=PlayerId(2) action_type="PassPriority" event_count=3
2026-10-02T16:50:12.395036Z  INFO ws_message:game_session{game=DGC2LI player=PlayerId(2)}: phase_server: game submission processed (lock held) game=DGC2LI kind="action" lock_ms=9 ai_actions=0
2026-10-02T16:50:13.391843Z  INFO ws_message:game_session{game=DGC2LI player=PlayerId(0)}: server_core::session: action applied game=DGC2LI player=PlayerId(0) action_type="PassPriority" event_count=1
2026-10-02T16:50:13.393801Z  INFO ws_message:game_session{game=DGC2LI player=PlayerId(0)}: phase_server: game submission processed (lock held) game=DGC2LI kind="action" lock_ms=4 ai_actions=0
2026-10-02T16:50:14.400317Z  INFO ws_message:game_session{game=DGC2LI player=PlayerId(1)}: server_core::session: action applied game=DGC2LI player=PlayerId(1) action_type="PassPriority" event_count=1
2026-10-02T16:50:14.405581Z  INFO ws_message:game_session{game=DGC2LI player=PlayerId(1)}: phase_server: game submission processed (lock held) game=DGC2LI kind="action" lock_ms=10 ai_actions=0
2026-10-02T16:50:15.403172Z  INFO ws_message:game_session{game=DGC2LI player=PlayerId(2)}: server_core::session: action applied game=DGC2LI player=PlayerId(2) action_type="PassPriority" event_count=1
2026-10-02T16:50:15.426107Z  INFO ws_message:game_session{game=DGC2LI player=PlayerId(2)}: phase_server: game submission processed (lock held) game=DGC2LI kind="action" lock_ms=27 ai_actions=0
2026-10-02T16:50:16.404727Z  INFO ws_message:game_session{game=DGC2LI player=PlayerId(0)}: server_core::session: action applied game=DGC2LI player=PlayerId(0) action_type="PassPriority" event_count=1
2026-10-02T16:50:16.407086Z  INFO ws_message:game_session{game=DGC2LI player=PlayerId(0)}: phase_server: game submission processed (lock held) game=DGC2LI kind="action" lock_ms=4 ai_actions=0
2026-10-02T16:50:17.410102Z  INFO ws_message:game_session{game=DGC2LI player=PlayerId(1)}: server_core::session: action applied game=DGC2LI player=PlayerId(1) action_type="PassPriority" event_count=1
2026-10-02T16:50:17.412897Z  INFO ws_message:game_session{game=DGC2LI player=PlayerId(1)}: phase_server: game submission processed (lock held) game=DGC2LI kind="action" lock_ms=4 ai_actions=0
2026-10-02T16:50:18.421295Z  INFO ws_message:game_session{game=DGC2LI player=PlayerId(2)}: server_core::session: action applied game=DGC2LI player=PlayerId(2) action_type="PassPriority" event_count=1
2026-10-02T16:50:18.424939Z  INFO ws_message:game_session{game=DGC2LI player=PlayerId(2)}: phase_server: game submission processed (lock held) game=DGC2LI kind="action" lock_ms=9 ai_actions=0
2026-10-02T16:50:19.421923Z  INFO ws_message:game_session{game=DGC2LI player=PlayerId(0)}: server_core::session: action applied game=DGC2LI player=PlayerId(0) action_type="PassPriority" event_count=1
2026-10-02T16:50:19.423913Z  INFO ws_message:game_session{game=DGC2LI player=PlayerId(0)}: phase_server: game submission processed (lock held) game=DGC2LI kind="action" lock_ms=4 ai_actions=0
2026-10-02T16:50:20.426250Z  INFO ws_message:game_session{game=DGC2LI player=PlayerId(1)}: server_core::session: action applied game=DGC2LI player=PlayerId(1) action_type="PassPriority" event_count=1
2026-10-02T16:50:20.429323Z  INFO ws_message:game_session{game=DGC2LI player=PlayerId(1)}: phase_server: game submission processed (lock held) game=DGC2LI kind="action" lock_ms=5 ai_actions=0
2026-10-02T16:50:21.434603Z  INFO ws_message:game_session{game=DGC2LI player=PlayerId(2)}: server_core::session: action applied game=DGC2LI player=PlayerId(2) action_type="PassPriority" event_count=6
2026-10-02T16:50:21.437429Z  INFO ws_message:game_session{game=DGC2LI player=PlayerId(2)}: phase_server: game submission processed (lock held) game=DGC2LI kind="action" lock_ms=9 ai_actions=0
2026-10-02T16:50:22.435303Z  INFO ws_message:game_session{game=DGC2LI player=PlayerId(1)}: server_core::session: action applied game=DGC2LI player=PlayerId(1) action_type="PassPriority" event_count=1
2026-10-02T16:50:22.438336Z  INFO ws_message:game_session{game=DGC2LI player=PlayerId(1)}: phase_server: game submission processed (lock held) game=DGC2LI kind="action" lock_ms=5 ai_actions=0
2026-10-02T16:50:23.442398Z  INFO ws_message:game_session{game=DGC2LI player=PlayerId(2)}: server_core::session: action applied game=DGC2LI player=PlayerId(2) action_type="PassPriority" event_count=1
2026-10-02T16:50:23.446261Z  INFO ws_message:game_session{game=DGC2LI player=PlayerId(2)}: phase_server: game submission processed (lock held) game=DGC2LI kind="action" lock_ms=6 ai_actions=0
2026-10-02T16:50:24.451935Z  INFO ws_message:game_session{game=DGC2LI player=PlayerId(0)}: server_core::session: action applied game=DGC2LI player=PlayerId(0) action_type="PassPriority" event_count=4
2026-10-02T16:50:24.453397Z  INFO ws_message:game_session{game=DGC2LI player=PlayerId(0)}: phase_server: game submission processed (lock held) game=DGC2LI kind="action" lock_ms=8 ai_actions=0
2026-10-02T16:50:25.452079Z  INFO ws_message:game_session{game=DGC2LI player=PlayerId(1)}: server_core::session: action applied game=DGC2LI player=PlayerId(1) action_type="PassPriority" event_count=1
2026-10-02T16:50:25.455027Z  INFO ws_message:game_session{game=DGC2LI player=PlayerId(1)}: phase_server: game submission processed (lock held) game=DGC2LI kind="action" lock_ms=5 ai_actions=0
2026-10-02T16:50:26.455842Z  INFO ws_message:game_session{game=DGC2LI player=PlayerId(2)}: server_core::session: action applied game=DGC2LI player=PlayerId(2) action_type="PassPriority" event_count=1
2026-10-02T16:50:26.459388Z  INFO ws_message:game_session{game=DGC2LI player=PlayerId(2)}: phase_server: game submission processed (lock held) game=DGC2LI kind="action" lock_ms=5 ai_actions=0
2026-10-02T16:50:27.460390Z  INFO ws_message:game_session{game=DGC2LI player=PlayerId(0)}: server_core::session: action applied game=DGC2LI player=PlayerId(0) action_type="PassPriority" event_count=1
2026-10-02T16:50:27.490222Z  INFO ws_message:game_session{game=DGC2LI player=PlayerId(0)}: phase_server: game submission processed (lock held) game=DGC2LI kind="action" lock_ms=32 ai_actions=0
2026-10-02T16:50:28.468875Z  INFO ws_message:game_session{game=DGC2LI player=PlayerId(1)}: server_core::session: action applied game=DGC2LI player=PlayerId(1) action_type="PlayLand" event_count=2
2026-10-02T16:50:28.475436Z  INFO ws_message:game_session{game=DGC2LI player=PlayerId(1)}: phase_server: game submission processed (lock held) game=DGC2LI kind="action" lock_ms=12 ai_actions=0
2026-10-02T16:50:29.481777Z  INFO ws_message:game_session{game=DGC2LI player=PlayerId(1)}: server_core::session: action applied game=DGC2LI player=PlayerId(1) action_type="CastSpell" event_count=12
2026-10-02T16:50:29.483455Z  INFO ws_message:game_session{game=DGC2LI player=PlayerId(1)}: phase_server: game submission processed (lock held) game=DGC2LI kind="action" lock_ms=14 ai_actions=0
2026-10-02T16:50:30.477044Z  INFO ws_message:game_session{game=DGC2LI player=PlayerId(1)}: server_core::session: action applied game=DGC2LI player=PlayerId(1) action_type="PassPriority" event_count=1
2026-10-02T16:50:30.480290Z  INFO ws_message:game_session{game=DGC2LI player=PlayerId(1)}: phase_server: game submission processed (lock held) game=DGC2LI kind="action" lock_ms=6 ai_actions=0
2026-10-02T16:50:31.480548Z  INFO ws_message:game_session{game=DGC2LI player=PlayerId(2)}: server_core::session: action applied game=DGC2LI player=PlayerId(2) action_type="PassPriority" event_count=1
2026-10-02T16:50:31.484749Z  INFO ws_message:game_session{game=DGC2LI player=PlayerId(2)}: phase_server: game submission processed (lock held) game=DGC2LI kind="action" lock_ms=6 ai_actions=0
2026-10-02T16:50:32.487707Z  INFO ws_message:game_session{game=DGC2LI player=PlayerId(0)}: server_core::session: action applied game=DGC2LI player=PlayerId(0) action_type="PassPriority" event_count=2
2026-10-02T16:50:32.494310Z  INFO ws_message:game_session{game=DGC2LI player=PlayerId(0)}: phase_server: game submission processed (lock held) game=DGC2LI kind="action" lock_ms=10 ai_actions=0
2026-10-02T16:50:33.491023Z  INFO ws_message:game_session{game=DGC2LI player=PlayerId(1)}: server_core::session: action applied game=DGC2LI player=PlayerId(1) action_type="PassPriority" event_count=1
2026-10-02T16:50:33.496393Z  INFO ws_message:game_session{game=DGC2LI player=PlayerId(1)}: phase_server: game submission processed (lock held) game=DGC2LI kind="action" lock_ms=8 ai_actions=0
2026-10-02T16:50:34.493788Z  INFO ws_message:game_session{game=DGC2LI player=PlayerId(2)}: server_core::session: action applied game=DGC2LI player=PlayerId(2) action_type="PassPriority" event_count=1
2026-10-02T16:50:34.497706Z  INFO ws_message:game_session{game=DGC2LI player=PlayerId(2)}: phase_server: game submission processed (lock held) game=DGC2LI kind="action" lock_ms=5 ai_actions=0
2026-10-02T16:50:35.505666Z  INFO ws_message:game_session{game=DGC2LI player=PlayerId(0)}: server_core::session: action applied game=DGC2LI player=PlayerId(0) action_type="PassPriority" event_count=1
2026-10-02T16:50:35.508418Z  INFO ws_message:game_session{game=DGC2LI player=PlayerId(0)}: phase_server: game submission processed (lock held) game=DGC2LI kind="action" lock_ms=5 ai_actions=0
2026-10-02T16:50:36.508997Z  INFO ws_message:game_session{game=DGC2LI player=PlayerId(1)}: server_core::session: action applied game=DGC2LI player=PlayerId(1) action_type="PassPriority" event_count=1
2026-10-02T16:50:36.511965Z  INFO ws_message:game_session{game=DGC2LI player=PlayerId(1)}: phase_server: game submission processed (lock held) game=DGC2LI kind="action" lock_ms=5 ai_actions=0
2026-10-02T16:50:37.512599Z  INFO ws_message:game_session{game=DGC2LI player=PlayerId(2)}: server_core::session: action applied game=DGC2LI player=PlayerId(2) action_type="PassPriority" event_count=1
2026-10-02T16:50:37.516304Z  INFO ws_message:game_session{game=DGC2LI player=PlayerId(2)}: phase_server: game submission processed (lock held) game=DGC2LI kind="action" lock_ms=6 ai_actions=0
2026-10-02T16:50:38.515707Z  INFO ws_message:game_session{game=DGC2LI player=PlayerId(0)}: server_core::session: action applied game=DGC2LI player=PlayerId(0) action_type="PassPriority" event_count=1
2026-10-02T16:50:38.537579Z  INFO ws_message:game_session{game=DGC2LI player=PlayerId(0)}: phase_server: game submission processed (lock held) game=DGC2LI kind="action" lock_ms=22 ai_actions=0
2026-10-02T16:50:39.523921Z  INFO ws_message:game_session{game=DGC2LI player=PlayerId(1)}: server_core::session: action applied game=DGC2LI player=PlayerId(1) action_type="DeclareAttackers" event_count=2
2026-10-02T16:50:39.526262Z  INFO ws_message:game_session{game=DGC2LI player=PlayerId(1)}: phase_server: game submission processed (lock held) game=DGC2LI kind="action" lock_ms=7 ai_actions=0
2026-10-02T16:50:40.525920Z  INFO ws_message:game_session{game=DGC2LI player=PlayerId(1)}: server_core::session: action applied game=DGC2LI player=PlayerId(1) action_type="PassPriority" event_count=1
2026-10-02T16:50:40.528962Z  INFO ws_message:game_session{game=DGC2LI player=PlayerId(1)}: phase_server: game submission processed (lock held) game=DGC2LI kind="action" lock_ms=6 ai_actions=0
2026-10-02T16:50:41.531649Z  INFO ws_message:game_session{game=DGC2LI player=PlayerId(2)}: server_core::session: action applied game=DGC2LI player=PlayerId(2) action_type="PassPriority" event_count=1
2026-10-02T16:50:41.535265Z  INFO ws_message:game_session{game=DGC2LI player=PlayerId(2)}: phase_server: game submission processed (lock held) game=DGC2LI kind="action" lock_ms=6 ai_actions=0
2026-10-02T16:50:42.538039Z  INFO ws_message:game_session{game=DGC2LI player=PlayerId(0)}: server_core::session: action applied game=DGC2LI player=PlayerId(0) action_type="PassPriority" event_count=1
2026-10-02T16:50:42.544909Z  INFO ws_message:game_session{game=DGC2LI player=PlayerId(0)}: phase_server: game submission processed (lock held) game=DGC2LI kind="action" lock_ms=12 ai_actions=0
2026-10-02T16:50:43.540970Z  INFO ws_message:game_session{game=DGC2LI player=PlayerId(1)}: server_core::session: action applied game=DGC2LI player=PlayerId(1) action_type="PassPriority" event_count=1
2026-10-02T16:50:43.544076Z  INFO ws_message:game_session{game=DGC2LI player=PlayerId(1)}: phase_server: game submission processed (lock held) game=DGC2LI kind="action" lock_ms=5 ai_actions=0
2026-10-02T16:50:44.544346Z  INFO ws_message:game_session{game=DGC2LI player=PlayerId(2)}: server_core::session: action applied game=DGC2LI player=PlayerId(2) action_type="PassPriority" event_count=1
2026-10-02T16:50:44.548047Z  INFO ws_message:game_session{game=DGC2LI player=PlayerId(2)}: phase_server: game submission processed (lock held) game=DGC2LI kind="action" lock_ms=6 ai_actions=0
2026-10-02T16:50:45.551516Z  INFO ws_message:game_session{game=DGC2LI player=PlayerId(0)}: server_core::session: action applied game=DGC2LI player=PlayerId(0) action_type="PassPriority" event_count=1
2026-10-02T16:50:45.553870Z  INFO ws_message:game_session{game=DGC2LI player=PlayerId(0)}: phase_server: game submission processed (lock held) game=DGC2LI kind="action" lock_ms=7 ai_actions=0
2026-10-02T16:50:46.557653Z  INFO ws_message:game_session{game=DGC2LI player=PlayerId(1)}: server_core::session: action applied game=DGC2LI player=PlayerId(1) action_type="PassPriority" event_count=1
2026-10-02T16:50:46.560536Z  INFO ws_message:game_session{game=DGC2LI player=PlayerId(1)}: phase_server: game submission processed (lock held) game=DGC2LI kind="action" lock_ms=7 ai_actions=0
2026-10-02T16:50:47.560586Z  INFO ws_message:game_session{game=DGC2LI player=PlayerId(2)}: server_core::session: action applied game=DGC2LI player=PlayerId(2) action_type="PassPriority" event_count=1
2026-10-02T16:50:47.564562Z  INFO ws_message:game_session{game=DGC2LI player=PlayerId(2)}: phase_server: game submission processed (lock held) game=DGC2LI kind="action" lock_ms=6 ai_actions=0
2026-10-02T16:50:48.570983Z  INFO ws_message:game_session{game=DGC2LI player=PlayerId(0)}: server_core::session: action applied game=DGC2LI player=PlayerId(0) action_type="PassPriority" event_count=4
2026-10-02T16:50:48.573312Z  INFO ws_message:game_session{game=DGC2LI player=PlayerId(0)}: phase_server: game submission processed (lock held) game=DGC2LI kind="action" lock_ms=8 ai_actions=0
2026-10-02T16:50:49.571391Z  INFO ws_message:game_session{game=DGC2LI player=PlayerId(2)}: server_core::session: action applied game=DGC2LI player=PlayerId(2) action_type="PassPriority" event_count=1
2026-10-02T16:50:49.575104Z  INFO ws_message:game_session{game=DGC2LI player=PlayerId(2)}: phase_server: game submission processed (lock held) game=DGC2LI kind="action" lock_ms=6 ai_actions=0
2026-10-02T16:50:50.575166Z  INFO ws_message:game_session{game=DGC2LI player=PlayerId(0)}: server_core::session: action applied game=DGC2LI player=PlayerId(0) action_type="PassPriority" event_count=1
2026-10-02T16:50:50.577534Z  INFO ws_message:game_session{game=DGC2LI player=PlayerId(0)}: phase_server: game submission processed (lock held) game=DGC2LI kind="action" lock_ms=4 ai_actions=0
2026-10-02T16:50:51.584690Z  INFO ws_message:game_session{game=DGC2LI player=PlayerId(1)}: server_core::session: action applied game=DGC2LI player=PlayerId(1) action_type="PassPriority" event_count=4
2026-10-02T16:50:51.586021Z  INFO ws_message:game_session{game=DGC2LI player=PlayerId(1)}: phase_server: game submission processed (lock held) game=DGC2LI kind="action" lock_ms=7 ai_actions=0
2026-10-02T16:50:52.583629Z  INFO ws_message:game_session{game=DGC2LI player=PlayerId(2)}: server_core::session: action applied game=DGC2LI player=PlayerId(2) action_type="PassPriority" event_count=1
2026-10-02T16:50:52.587727Z  INFO ws_message:game_session{game=DGC2LI player=PlayerId(2)}: phase_server: game submission processed (lock held) game=DGC2LI kind="action" lock_ms=6 ai_actions=0
2026-10-02T16:50:53.587856Z  INFO ws_message:game_session{game=DGC2LI player=PlayerId(0)}: server_core::session: action applied game=DGC2LI player=PlayerId(0) action_type="PassPriority" event_count=1
2026-10-02T16:50:53.590463Z  INFO ws_message:game_session{game=DGC2LI player=PlayerId(0)}: phase_server: game submission processed (lock held) game=DGC2LI kind="action" lock_ms=5 ai_actions=0
2026-10-02T16:50:54.593851Z  INFO ws_message:game_session{game=DGC2LI player=PlayerId(1)}: server_core::session: action applied game=DGC2LI player=PlayerId(1) action_type="PassPriority" event_count=1
2026-10-02T16:50:54.631996Z  INFO ws_message:game_session{game=DGC2LI player=PlayerId(1)}: phase_server: game submission processed (lock held) game=DGC2LI kind="action" lock_ms=41 ai_actions=0
2026-10-02T16:50:55.599609Z  INFO ws_message:game_session{game=DGC2LI player=PlayerId(2)}: server_core::session: action applied game=DGC2LI player=PlayerId(2) action_type="PlayLand" event_count=2
2026-10-02T16:50:55.602858Z  INFO ws_message:game_session{game=DGC2LI player=PlayerId(2)}: phase_server: game submission processed (lock held) game=DGC2LI kind="action" lock_ms=9 ai_actions=0
2026-10-02T16:50:56.600400Z  INFO ws_message:game_session{game=DGC2LI player=PlayerId(2)}: server_core::session: action applied game=DGC2LI player=PlayerId(2) action_type="PassPriority" event_count=1
2026-10-02T16:50:56.604125Z  INFO ws_message:game_session{game=DGC2LI player=PlayerId(2)}: phase_server: game submission processed (lock held) game=DGC2LI kind="action" lock_ms=6 ai_actions=0
2026-10-02T16:50:57.604813Z  INFO ws_message:game_session{game=DGC2LI player=PlayerId(0)}: server_core::session: action applied game=DGC2LI player=PlayerId(0) action_type="PassPriority" event_count=1
2026-10-02T16:50:57.607322Z  INFO ws_message:game_session{game=DGC2LI player=PlayerId(0)}: phase_server: game submission processed (lock held) game=DGC2LI kind="action" lock_ms=5 ai_actions=0
2026-10-02T16:50:58.609937Z  INFO ws_message:game_session{game=DGC2LI player=PlayerId(1)}: server_core::session: action applied game=DGC2LI player=PlayerId(1) action_type="PassPriority" event_count=1
2026-10-02T16:50:58.613358Z  INFO ws_message:game_session{game=DGC2LI player=PlayerId(1)}: phase_server: game submission processed (lock held) game=DGC2LI kind="action" lock_ms=6 ai_actions=0
2026-10-02T16:50:59.612658Z  INFO ws_message:game_session{game=DGC2LI player=PlayerId(2)}: server_core::session: action applied game=DGC2LI player=PlayerId(2) action_type="PassPriority" event_count=1
2026-10-02T16:50:59.617250Z  INFO ws_message:game_session{game=DGC2LI player=PlayerId(2)}: phase_server: game submission processed (lock held) game=DGC2LI kind="action" lock_ms=6 ai_actions=0
2026-10-02T16:51:00.618182Z  INFO ws_message:game_session{game=DGC2LI player=PlayerId(0)}: server_core::session: action applied game=DGC2LI player=PlayerId(0) action_type="PassPriority" event_count=1
2026-10-02T16:51:00.620584Z  INFO ws_message:game_session{game=DGC2LI player=PlayerId(0)}: phase_server: game submission processed (lock held) game=DGC2LI kind="action" lock_ms=5 ai_actions=0
2026-10-02T16:51:01.623614Z  INFO ws_message:game_session{game=DGC2LI player=PlayerId(1)}: server_core::session: action applied game=DGC2LI player=PlayerId(1) action_type="PassPriority" event_count=3
2026-10-02T16:51:01.626757Z  INFO ws_message:game_session{game=DGC2LI player=PlayerId(1)}: phase_server: game submission processed (lock held) game=DGC2LI kind="action" lock_ms=8 ai_actions=0
2026-10-02T16:51:02.625068Z  INFO ws_message:game_session{game=DGC2LI player=PlayerId(2)}: server_core::session: action applied game=DGC2LI player=PlayerId(2) action_type="PassPriority" event_count=1
2026-10-02T16:51:02.628860Z  INFO ws_message:game_session{game=DGC2LI player=PlayerId(2)}: phase_server: game submission processed (lock held) game=DGC2LI kind="action" lock_ms=6 ai_actions=0
2026-10-02T16:51:03.628958Z  INFO ws_message:game_session{game=DGC2LI player=PlayerId(0)}: server_core::session: action applied game=DGC2LI player=PlayerId(0) action_type="PassPriority" event_count=1
2026-10-02T16:51:03.631753Z  INFO ws_message:game_session{game=DGC2LI player=PlayerId(0)}: phase_server: game submission processed (lock held) game=DGC2LI kind="action" lock_ms=5 ai_actions=0
2026-10-02T16:51:04.635926Z  INFO ws_message:game_session{game=DGC2LI player=PlayerId(1)}: server_core::session: action applied game=DGC2LI player=PlayerId(1) action_type="PassPriority" event_count=1
2026-10-02T16:51:04.639789Z  INFO ws_message:game_session{game=DGC2LI player=PlayerId(1)}: phase_server: game submission processed (lock held) game=DGC2LI kind="action" lock_ms=8 ai_actions=0
2026-10-02T16:51:05.768165Z  INFO ws_message:game_session{game=DGC2LI player=PlayerId(2)}: server_core::session: action applied game=DGC2LI player=PlayerId(2) action_type="PassPriority" event_count=1
2026-10-02T16:51:05.786468Z  INFO ws_message:game_session{game=DGC2LI player=PlayerId(2)}: phase_server: game submission processed (lock held) game=DGC2LI kind="action" lock_ms=20 ai_actions=0
2026-10-02T16:51:06.777990Z  INFO ws_message:game_session{game=DGC2LI player=PlayerId(0)}: server_core::session: action applied game=DGC2LI player=PlayerId(0) action_type="PassPriority" event_count=1
2026-10-02T16:51:06.781043Z  INFO ws_message:game_session{game=DGC2LI player=PlayerId(0)}: phase_server: game submission processed (lock held) game=DGC2LI kind="action" lock_ms=9 ai_actions=0
2026-10-02T16:51:07.784330Z  INFO ws_message:game_session{game=DGC2LI player=PlayerId(1)}: server_core::session: action applied game=DGC2LI player=PlayerId(1) action_type="PassPriority" event_count=1
2026-10-02T16:51:07.787814Z  INFO ws_message:game_session{game=DGC2LI player=PlayerId(1)}: phase_server: game submission processed (lock held) game=DGC2LI kind="action" lock_ms=8 ai_actions=0
2026-10-02T16:51:08.785181Z  INFO ws_message:game_session{game=DGC2LI player=PlayerId(2)}: server_core::session: action applied game=DGC2LI player=PlayerId(2) action_type="PassPriority" event_count=1
2026-10-02T16:51:08.788956Z  INFO ws_message:game_session{game=DGC2LI player=PlayerId(2)}: phase_server: game submission processed (lock held) game=DGC2LI kind="action" lock_ms=6 ai_actions=0
2026-10-02T16:51:09.792615Z  INFO ws_message:game_session{game=DGC2LI player=PlayerId(0)}: server_core::session: action applied game=DGC2LI player=PlayerId(0) action_type="PassPriority" event_count=1
2026-10-02T16:51:09.796242Z  INFO ws_message:game_session{game=DGC2LI player=PlayerId(0)}: phase_server: game submission processed (lock held) game=DGC2LI kind="action" lock_ms=7 ai_actions=0
2026-10-02T16:51:10.814125Z  INFO ws_message:game_session{game=DGC2LI player=PlayerId(1)}: server_core::session: action applied game=DGC2LI player=PlayerId(1) action_type="PassPriority" event_count=4
2026-10-02T16:51:10.817935Z  INFO ws_message:game_session{game=DGC2LI player=PlayerId(1)}: phase_server: game submission processed (lock held) game=DGC2LI kind="action" lock_ms=17 ai_actions=0
2026-10-02T16:51:11.809417Z  INFO ws_message:game_session{game=DGC2LI player=PlayerId(0)}: server_core::session: action applied game=DGC2LI player=PlayerId(0) action_type="PassPriority" event_count=1
2026-10-02T16:51:11.811768Z  INFO ws_message:game_session{game=DGC2LI player=PlayerId(0)}: phase_server: game submission processed (lock held) game=DGC2LI kind="action" lock_ms=4 ai_actions=0
2026-10-02T16:51:12.814997Z  INFO ws_message:game_session{game=DGC2LI player=PlayerId(1)}: server_core::session: action applied game=DGC2LI player=PlayerId(1) action_type="PassPriority" event_count=1
2026-10-02T16:51:12.818604Z  INFO ws_message:game_session{game=DGC2LI player=PlayerId(1)}: phase_server: game submission processed (lock held) game=DGC2LI kind="action" lock_ms=5 ai_actions=0
2026-10-02T16:51:13.823172Z  INFO ws_message:game_session{game=DGC2LI player=PlayerId(2)}: server_core::session: action applied game=DGC2LI player=PlayerId(2) action_type="PassPriority" event_count=4
2026-10-02T16:51:13.824824Z  INFO ws_message:game_session{game=DGC2LI player=PlayerId(2)}: phase_server: game submission processed (lock held) game=DGC2LI kind="action" lock_ms=8 ai_actions=0
2026-10-02T16:51:14.822694Z  INFO ws_message:game_session{game=DGC2LI player=PlayerId(0)}: server_core::session: action applied game=DGC2LI player=PlayerId(0) action_type="PassPriority" event_count=1
2026-10-02T16:51:14.825362Z  INFO ws_message:game_session{game=DGC2LI player=PlayerId(0)}: phase_server: game submission processed (lock held) game=DGC2LI kind="action" lock_ms=4 ai_actions=0
2026-10-02T16:51:15.827177Z  INFO ws_message:game_session{game=DGC2LI player=PlayerId(1)}: server_core::session: action applied game=DGC2LI player=PlayerId(1) action_type="PassPriority" event_count=1
2026-10-02T16:51:15.830716Z  INFO ws_message:game_session{game=DGC2LI player=PlayerId(1)}: phase_server: game submission processed (lock held) game=DGC2LI kind="action" lock_ms=6 ai_actions=0
2026-10-02T16:51:16.832280Z  INFO ws_message:game_session{game=DGC2LI player=PlayerId(2)}: server_core::session: action applied game=DGC2LI player=PlayerId(2) action_type="PassPriority" event_count=1
2026-10-02T16:51:16.890425Z  INFO ws_message:game_session{game=DGC2LI player=PlayerId(2)}: phase_server: game submission processed (lock held) game=DGC2LI kind="action" lock_ms=62 ai_actions=0
2026-10-02T16:51:17.843523Z  INFO ws_message:game_session{game=DGC2LI player=PlayerId(0)}: server_core::session: action applied game=DGC2LI player=PlayerId(0) action_type="PlayLand" event_count=2
2026-10-02T16:51:17.875959Z  INFO ws_message:game_session{game=DGC2LI player=PlayerId(0)}: phase_server: game submission processed (lock held) game=DGC2LI kind="action" lock_ms=38 ai_actions=0
2026-10-02T16:51:18.847560Z  INFO ws_message:game_session{game=DGC2LI player=PlayerId(0)}: server_core::session: action applied game=DGC2LI player=PlayerId(0) action_type="PassPriority" event_count=1
2026-10-02T16:51:18.850172Z  INFO ws_message:game_session{game=DGC2LI player=PlayerId(0)}: phase_server: game submission processed (lock held) game=DGC2LI kind="action" lock_ms=5 ai_actions=0
2026-10-02T16:51:19.857615Z  INFO ws_message:game_session{game=DGC2LI player=PlayerId(1)}: server_core::session: action applied game=DGC2LI player=PlayerId(1) action_type="PassPriority" event_count=1
2026-10-02T16:51:19.878589Z  INFO ws_message:game_session{game=DGC2LI player=PlayerId(1)}: phase_server: game submission processed (lock held) game=DGC2LI kind="action" lock_ms=29 ai_actions=0
2026-10-02T16:51:20.855607Z  INFO ws_message:game_session{game=DGC2LI player=PlayerId(2)}: server_core::session: action applied game=DGC2LI player=PlayerId(2) action_type="PassPriority" event_count=1
2026-10-02T16:51:20.860062Z  INFO ws_message:game_session{game=DGC2LI player=PlayerId(2)}: phase_server: game submission processed (lock held) game=DGC2LI kind="action" lock_ms=7 ai_actions=0
2026-10-02T16:51:21.859592Z  INFO ws_message:game_session{game=DGC2LI player=PlayerId(0)}: server_core::session: action applied game=DGC2LI player=PlayerId(0) action_type="PassPriority" event_count=1
2026-10-02T16:51:21.863132Z  INFO ws_message:game_session{game=DGC2LI player=PlayerId(0)}: phase_server: game submission processed (lock held) game=DGC2LI kind="action" lock_ms=6 ai_actions=0
2026-10-02T16:51:22.865878Z  INFO ws_message:game_session{game=DGC2LI player=PlayerId(1)}: server_core::session: action applied game=DGC2LI player=PlayerId(1) action_type="PassPriority" event_count=1
2026-10-02T16:51:22.869163Z  INFO ws_message:game_session{game=DGC2LI player=PlayerId(1)}: phase_server: game submission processed (lock held) game=DGC2LI kind="action" lock_ms=6 ai_actions=0
2026-10-02T16:51:23.872519Z  INFO ws_message:game_session{game=DGC2LI player=PlayerId(2)}: server_core::session: action applied game=DGC2LI player=PlayerId(2) action_type="PassPriority" event_count=3
2026-10-02T16:51:23.876585Z  INFO ws_message:game_session{game=DGC2LI player=PlayerId(2)}: phase_server: game submission processed (lock held) game=DGC2LI kind="action" lock_ms=9 ai_actions=0
2026-10-02T16:51:24.875207Z  INFO ws_message:game_session{game=DGC2LI player=PlayerId(0)}: server_core::session: action applied game=DGC2LI player=PlayerId(0) action_type="PassPriority" event_count=1
2026-10-02T16:51:24.878635Z  INFO ws_message:game_session{game=DGC2LI player=PlayerId(0)}: phase_server: game submission processed (lock held) game=DGC2LI kind="action" lock_ms=6 ai_actions=0
2026-10-02T16:51:25.881067Z  INFO ws_message:game_session{game=DGC2LI player=PlayerId(1)}: server_core::session: action applied game=DGC2LI player=PlayerId(1) action_type="PassPriority" event_count=1
2026-10-02T16:51:25.885523Z  INFO ws_message:game_session{game=DGC2LI player=PlayerId(1)}: phase_server: game submission processed (lock held) game=DGC2LI kind="action" lock_ms=8 ai_actions=0
2026-10-02T16:51:26.886081Z  INFO ws_message:game_session{game=DGC2LI player=PlayerId(2)}: server_core::session: action applied game=DGC2LI player=PlayerId(2) action_type="PassPriority" event_count=1
2026-10-02T16:51:26.919207Z  INFO ws_message:game_session{game=DGC2LI player=PlayerId(2)}: phase_server: game submission processed (lock held) game=DGC2LI kind="action" lock_ms=38 ai_actions=0
2026-10-02T16:51:27.887778Z  INFO ws_message:game_session{game=DGC2LI player=PlayerId(0)}: server_core::session: action applied game=DGC2LI player=PlayerId(0) action_type="PassPriority" event_count=1
2026-10-02T16:51:27.890168Z  INFO ws_message:game_session{game=DGC2LI player=PlayerId(0)}: phase_server: game submission processed (lock held) game=DGC2LI kind="action" lock_ms=5 ai_actions=0
2026-10-02T16:51:28.890849Z  INFO ws_message:game_session{game=DGC2LI player=PlayerId(1)}: server_core::session: action applied game=DGC2LI player=PlayerId(1) action_type="PassPriority" event_count=1
2026-10-02T16:51:28.894288Z  INFO ws_message:game_session{game=DGC2LI player=PlayerId(1)}: phase_server: game submission processed (lock held) game=DGC2LI kind="action" lock_ms=5 ai_actions=0
2026-10-02T16:51:29.904852Z  INFO ws_message:game_session{game=DGC2LI player=PlayerId(2)}: server_core::session: action applied game=DGC2LI player=PlayerId(2) action_type="PassPriority" event_count=1
2026-10-02T16:51:29.909026Z  INFO ws_message:game_session{game=DGC2LI player=PlayerId(2)}: phase_server: game submission processed (lock held) game=DGC2LI kind="action" lock_ms=15 ai_actions=0
2026-10-02T16:51:30.899112Z  INFO ws_message:game_session{game=DGC2LI player=PlayerId(0)}: server_core::session: action applied game=DGC2LI player=PlayerId(0) action_type="PassPriority" event_count=1
2026-10-02T16:51:30.901493Z  INFO ws_message:game_session{game=DGC2LI player=PlayerId(0)}: phase_server: game submission processed (lock held) game=DGC2LI kind="action" lock_ms=4 ai_actions=0
2026-10-02T16:51:31.905055Z  INFO ws_message:game_session{game=DGC2LI player=PlayerId(1)}: server_core::session: action applied game=DGC2LI player=PlayerId(1) action_type="PassPriority" event_count=1
2026-10-02T16:51:31.910399Z  INFO ws_message:game_session{game=DGC2LI player=PlayerId(1)}: phase_server: game submission processed (lock held) game=DGC2LI kind="action" lock_ms=8 ai_actions=0
2026-10-02T16:51:32.911699Z  INFO ws_message:game_session{game=DGC2LI player=PlayerId(2)}: server_core::session: action applied game=DGC2LI player=PlayerId(2) action_type="PassPriority" event_count=6
2026-10-02T16:51:32.914114Z  INFO ws_message:game_session{game=DGC2LI player=PlayerId(2)}: phase_server: game submission processed (lock held) game=DGC2LI kind="action" lock_ms=9 ai_actions=0
2026-10-02T16:51:33.913390Z  INFO ws_message:game_session{game=DGC2LI player=PlayerId(1)}: server_core::session: action applied game=DGC2LI player=PlayerId(1) action_type="PassPriority" event_count=1
2026-10-02T16:51:33.916698Z  INFO ws_message:game_session{game=DGC2LI player=PlayerId(1)}: phase_server: game submission processed (lock held) game=DGC2LI kind="action" lock_ms=6 ai_actions=0
2026-10-02T16:51:34.920516Z  INFO ws_message:game_session{game=DGC2LI player=PlayerId(2)}: server_core::session: action applied game=DGC2LI player=PlayerId(2) action_type="PassPriority" event_count=1
2026-10-02T16:51:34.926397Z  INFO ws_message:game_session{game=DGC2LI player=PlayerId(2)}: phase_server: game submission processed (lock held) game=DGC2LI kind="action" lock_ms=8 ai_actions=0
2026-10-02T16:51:35.931809Z  INFO ws_message:game_session{game=DGC2LI player=PlayerId(0)}: server_core::session: action applied game=DGC2LI player=PlayerId(0) action_type="PassPriority" event_count=4
2026-10-02T16:51:35.933235Z  INFO ws_message:game_session{game=DGC2LI player=PlayerId(0)}: phase_server: game submission processed (lock held) game=DGC2LI kind="action" lock_ms=9 ai_actions=0
2026-10-02T16:51:36.933231Z  INFO ws_message:game_session{game=DGC2LI player=PlayerId(1)}: server_core::session: action applied game=DGC2LI player=PlayerId(1) action_type="PassPriority" event_count=1
2026-10-02T16:51:36.937048Z  INFO ws_message:game_session{game=DGC2LI player=PlayerId(1)}: phase_server: game submission processed (lock held) game=DGC2LI kind="action" lock_ms=6 ai_actions=0
2026-10-02T16:51:37.938799Z  INFO ws_message:game_session{game=DGC2LI player=PlayerId(2)}: server_core::session: action applied game=DGC2LI player=PlayerId(2) action_type="PassPriority" event_count=1
2026-10-02T16:51:37.942872Z  INFO ws_message:game_session{game=DGC2LI player=PlayerId(2)}: phase_server: game submission processed (lock held) game=DGC2LI kind="action" lock_ms=6 ai_actions=0
2026-10-02T16:51:38.945258Z  INFO ws_message:game_session{game=DGC2LI player=PlayerId(0)}: server_core::session: action applied game=DGC2LI player=PlayerId(0) action_type="PassPriority" event_count=1
2026-10-02T16:51:38.975856Z  INFO ws_message:game_session{game=DGC2LI player=PlayerId(0)}: phase_server: game submission processed (lock held) game=DGC2LI kind="action" lock_ms=35 ai_actions=0
2026-10-02T16:51:39.951998Z  INFO ws_message:game_session{game=DGC2LI player=PlayerId(1)}: server_core::session: action applied game=DGC2LI player=PlayerId(1) action_type="PlayLand" event_count=2
2026-10-02T16:51:39.956064Z  INFO ws_message:game_session{game=DGC2LI player=PlayerId(1)}: phase_server: game submission processed (lock held) game=DGC2LI kind="action" lock_ms=11 ai_actions=0
2026-10-02T16:51:40.976483Z  INFO ws_message:game_session{game=DGC2LI player=PlayerId(1)}: server_core::session: action applied game=DGC2LI player=PlayerId(1) action_type="CastSpell" event_count=12
2026-10-02T16:51:40.982232Z  INFO ws_message:game_session{game=DGC2LI player=PlayerId(1)}: phase_server: game submission processed (lock held) game=DGC2LI kind="action" lock_ms=31 ai_actions=0
2026-10-02T16:51:41.957849Z  INFO ws_message:game_session{game=DGC2LI player=PlayerId(1)}: server_core::session: action applied game=DGC2LI player=PlayerId(1) action_type="PassPriority" event_count=1
2026-10-02T16:51:41.961710Z  INFO ws_message:game_session{game=DGC2LI player=PlayerId(1)}: phase_server: game submission processed (lock held) game=DGC2LI kind="action" lock_ms=8 ai_actions=0
2026-10-02T16:51:42.961152Z  INFO ws_message:game_session{game=DGC2LI player=PlayerId(2)}: server_core::session: action applied game=DGC2LI player=PlayerId(2) action_type="PassPriority" event_count=1
2026-10-02T16:51:42.965752Z  INFO ws_message:game_session{game=DGC2LI player=PlayerId(2)}: phase_server: game submission processed (lock held) game=DGC2LI kind="action" lock_ms=8 ai_actions=0
2026-10-02T16:51:43.966152Z  INFO ws_message:game_session{game=DGC2LI player=PlayerId(0)}: server_core::session: action applied game=DGC2LI player=PlayerId(0) action_type="PassPriority" event_count=2
2026-10-02T16:51:43.968702Z  INFO ws_message:game_session{game=DGC2LI player=PlayerId(0)}: phase_server: game submission processed (lock held) game=DGC2LI kind="action" lock_ms=6 ai_actions=0
2026-10-02T16:51:44.970110Z  INFO ws_message:game_session{game=DGC2LI player=PlayerId(1)}: server_core::session: action applied game=DGC2LI player=PlayerId(1) action_type="PassPriority" event_count=1
2026-10-02T16:51:44.973646Z  INFO ws_message:game_session{game=DGC2LI player=PlayerId(1)}: phase_server: game submission processed (lock held) game=DGC2LI kind="action" lock_ms=6 ai_actions=0
2026-10-02T16:51:45.974700Z  INFO ws_message:game_session{game=DGC2LI player=PlayerId(2)}: server_core::session: action applied game=DGC2LI player=PlayerId(2) action_type="PassPriority" event_count=1
2026-10-02T16:51:45.979053Z  INFO ws_message:game_session{game=DGC2LI player=PlayerId(2)}: phase_server: game submission processed (lock held) game=DGC2LI kind="action" lock_ms=6 ai_actions=0
2026-10-02T16:51:46.978858Z  INFO ws_message:game_session{game=DGC2LI player=PlayerId(0)}: server_core::session: action applied game=DGC2LI player=PlayerId(0) action_type="PassPriority" event_count=1
2026-10-02T16:51:46.982164Z  INFO ws_message:game_session{game=DGC2LI player=PlayerId(0)}: phase_server: game submission processed (lock held) game=DGC2LI kind="action" lock_ms=6 ai_actions=0
2026-10-02T16:51:47.982389Z  INFO ws_message:game_session{game=DGC2LI player=PlayerId(1)}: server_core::session: action applied game=DGC2LI player=PlayerId(1) action_type="PassPriority" event_count=1
2026-10-02T16:51:47.985826Z  INFO ws_message:game_session{game=DGC2LI player=PlayerId(1)}: phase_server: game submission processed (lock held) game=DGC2LI kind="action" lock_ms=6 ai_actions=0
2026-10-02T16:51:48.988329Z  INFO ws_message:game_session{game=DGC2LI player=PlayerId(2)}: server_core::session: action applied game=DGC2LI player=PlayerId(2) action_type="PassPriority" event_count=1
2026-10-02T16:51:48.992763Z  INFO ws_message:game_session{game=DGC2LI player=PlayerId(2)}: phase_server: game submission processed (lock held) game=DGC2LI kind="action" lock_ms=7 ai_actions=0
2026-10-02T16:51:49.990543Z  INFO ws_message:game_session{game=DGC2LI player=PlayerId(0)}: server_core::session: action applied game=DGC2LI player=PlayerId(0) action_type="PassPriority" event_count=1
2026-10-02T16:51:50.025249Z  INFO ws_message:game_session{game=DGC2LI player=PlayerId(0)}: phase_server: game submission processed (lock held) game=DGC2LI kind="action" lock_ms=36 ai_actions=0
2026-10-02T16:51:51.004604Z  INFO ws_message:game_session{game=DGC2LI player=PlayerId(1)}: server_core::session: action applied game=DGC2LI player=PlayerId(1) action_type="DeclareAttackers" event_count=2
2026-10-02T16:51:51.007034Z  INFO ws_message:game_session{game=DGC2LI player=PlayerId(1)}: phase_server: game submission processed (lock held) game=DGC2LI kind="action" lock_ms=8 ai_actions=0
2026-10-02T16:51:52.007182Z  INFO ws_message:game_session{game=DGC2LI player=PlayerId(1)}: server_core::session: action applied game=DGC2LI player=PlayerId(1) action_type="PassPriority" event_count=1
2026-10-02T16:51:52.010706Z  INFO ws_message:game_session{game=DGC2LI player=PlayerId(1)}: phase_server: game submission processed (lock held) game=DGC2LI kind="action" lock_ms=7 ai_actions=0
2026-10-02T16:51:53.011145Z  INFO ws_message:game_session{game=DGC2LI player=PlayerId(2)}: server_core::session: action applied game=DGC2LI player=PlayerId(2) action_type="PassPriority" event_count=1
2026-10-02T16:51:53.015443Z  INFO ws_message:game_session{game=DGC2LI player=PlayerId(2)}: phase_server: game submission processed (lock held) game=DGC2LI kind="action" lock_ms=7 ai_actions=0
2026-10-02T16:51:54.020624Z  INFO ws_message:game_session{game=DGC2LI player=PlayerId(0)}: server_core::session: action applied game=DGC2LI player=PlayerId(0) action_type="PassPriority" event_count=1
2026-10-02T16:51:54.024788Z  INFO ws_message:game_session{game=DGC2LI player=PlayerId(0)}: phase_server: game submission processed (lock held) game=DGC2LI kind="action" lock_ms=11 ai_actions=0
2026-10-02T16:51:55.025047Z  INFO ws_message:game_session{game=DGC2LI player=PlayerId(1)}: server_core::session: action applied game=DGC2LI player=PlayerId(1) action_type="PassPriority" event_count=1
2026-10-02T16:51:55.030250Z  INFO ws_message:game_session{game=DGC2LI player=PlayerId(1)}: phase_server: game submission processed (lock held) game=DGC2LI kind="action" lock_ms=8 ai_actions=0
2026-10-02T16:51:56.031094Z  INFO ws_message:game_session{game=DGC2LI player=PlayerId(2)}: server_core::session: action applied game=DGC2LI player=PlayerId(2) action_type="PassPriority" event_count=1
2026-10-02T16:51:56.035416Z  INFO ws_message:game_session{game=DGC2LI player=PlayerId(2)}: phase_server: game submission processed (lock held) game=DGC2LI kind="action" lock_ms=7 ai_actions=0
2026-10-02T16:51:57.037722Z  INFO ws_message:game_session{game=DGC2LI player=PlayerId(0)}: server_core::session: action applied game=DGC2LI player=PlayerId(0) action_type="PassPriority" event_count=1
2026-10-02T16:51:57.040469Z  INFO ws_message:game_session{game=DGC2LI player=PlayerId(0)}: phase_server: game submission processed (lock held) game=DGC2LI kind="action" lock_ms=8 ai_actions=0
2026-10-02T16:51:58.039974Z  INFO ws_message:game_session{game=DGC2LI player=PlayerId(1)}: server_core::session: action applied game=DGC2LI player=PlayerId(1) action_type="PassPriority" event_count=1
2026-10-02T16:51:58.043683Z  INFO ws_message:game_session{game=DGC2LI player=PlayerId(1)}: phase_server: game submission processed (lock held) game=DGC2LI kind="action" lock_ms=6 ai_actions=0
2026-10-02T16:51:59.044040Z  INFO ws_message:game_session{game=DGC2LI player=PlayerId(2)}: server_core::session: action applied game=DGC2LI player=PlayerId(2) action_type="PassPriority" event_count=1
2026-10-02T16:51:59.048402Z  INFO ws_message:game_session{game=DGC2LI player=PlayerId(2)}: phase_server: game submission processed (lock held) game=DGC2LI kind="action" lock_ms=7 ai_actions=0
2026-10-02T16:52:00.051351Z  INFO ws_message:game_session{game=DGC2LI player=PlayerId(0)}: server_core::session: action applied game=DGC2LI player=PlayerId(0) action_type="PassPriority" event_count=4
2026-10-02T16:52:00.053719Z  INFO ws_message:game_session{game=DGC2LI player=PlayerId(0)}: phase_server: game submission processed (lock held) game=DGC2LI kind="action" lock_ms=8 ai_actions=0
2026-10-02T16:52:01.053843Z  INFO ws_message:game_session{game=DGC2LI player=PlayerId(2)}: server_core::session: action applied game=DGC2LI player=PlayerId(2) action_type="PassPriority" event_count=1
2026-10-02T16:52:01.058064Z  INFO ws_message:game_session{game=DGC2LI player=PlayerId(2)}: phase_server: game submission processed (lock held) game=DGC2LI kind="action" lock_ms=6 ai_actions=0
2026-10-02T16:52:02.056863Z  INFO ws_message:game_session{game=DGC2LI player=PlayerId(0)}: server_core::session: action applied game=DGC2LI player=PlayerId(0) action_type="PassPriority" event_count=1
2026-10-02T16:52:02.059473Z  INFO ws_message:game_session{game=DGC2LI player=PlayerId(0)}: phase_server: game submission processed (lock held) game=DGC2LI kind="action" lock_ms=4 ai_actions=0
2026-10-02T16:52:03.066197Z  INFO ws_message:game_session{game=DGC2LI player=PlayerId(1)}: server_core::session: action applied game=DGC2LI player=PlayerId(1) action_type="PassPriority" event_count=4
2026-10-02T16:52:03.067674Z  INFO ws_message:game_session{game=DGC2LI player=PlayerId(1)}: phase_server: game submission processed (lock held) game=DGC2LI kind="action" lock_ms=9 ai_actions=0
2026-10-02T16:52:04.065269Z  INFO ws_message:game_session{game=DGC2LI player=PlayerId(2)}: server_core::session: action applied game=DGC2LI player=PlayerId(2) action_type="PassPriority" event_count=1
2026-10-02T16:52:04.069456Z  INFO ws_message:game_session{game=DGC2LI player=PlayerId(2)}: phase_server: game submission processed (lock held) game=DGC2LI kind="action" lock_ms=6 ai_actions=0
2026-10-02T16:52:05.078733Z  INFO ws_message:game_session{game=DGC2LI player=PlayerId(0)}: server_core::session: action applied game=DGC2LI player=PlayerId(0) action_type="PassPriority" event_count=1
2026-10-02T16:52:05.081190Z  INFO ws_message:game_session{game=DGC2LI player=PlayerId(0)}: phase_server: game submission processed (lock held) game=DGC2LI kind="action" lock_ms=15 ai_actions=0
2026-10-02T16:52:06.075550Z  INFO ws_message:game_session{game=DGC2LI player=PlayerId(1)}: server_core::session: action applied game=DGC2LI player=PlayerId(1) action_type="PassPriority" event_count=1
2026-10-02T16:52:06.139135Z  INFO ws_message:game_session{game=DGC2LI player=PlayerId(1)}: phase_server: game submission processed (lock held) game=DGC2LI kind="action" lock_ms=67 ai_actions=0
2026-10-02T16:52:07.108452Z  INFO ws_message:game_session{game=DGC2LI player=PlayerId(2)}: server_core::session: action applied game=DGC2LI player=PlayerId(2) action_type="PlayLand" event_count=2
2026-10-02T16:52:07.116304Z  INFO ws_message:game_session{game=DGC2LI player=PlayerId(2)}: phase_server: game submission processed (lock held) game=DGC2LI kind="action" lock_ms=37 ai_actions=0
2026-10-02T16:52:08.083780Z  INFO ws_message:game_session{game=DGC2LI player=PlayerId(2)}: server_core::session: action applied game=DGC2LI player=PlayerId(2) action_type="PassPriority" event_count=1
2026-10-02T16:52:08.087853Z  INFO ws_message:game_session{game=DGC2LI player=PlayerId(2)}: phase_server: game submission processed (lock held) game=DGC2LI kind="action" lock_ms=7 ai_actions=0
2026-10-02T16:52:09.089529Z  INFO ws_message:game_session{game=DGC2LI player=PlayerId(0)}: server_core::session: action applied game=DGC2LI player=PlayerId(0) action_type="PassPriority" event_count=1
2026-10-02T16:52:09.098966Z  INFO ws_message:game_session{game=DGC2LI player=PlayerId(0)}: phase_server: game submission processed (lock held) game=DGC2LI kind="action" lock_ms=14 ai_actions=0
2026-10-02T16:52:10.091942Z  INFO ws_message:game_session{game=DGC2LI player=PlayerId(1)}: server_core::session: action applied game=DGC2LI player=PlayerId(1) action_type="PassPriority" event_count=1
2026-10-02T16:52:10.095768Z  INFO ws_message:game_session{game=DGC2LI player=PlayerId(1)}: phase_server: game submission processed (lock held) game=DGC2LI kind="action" lock_ms=6 ai_actions=0
2026-10-02T16:52:11.098417Z  INFO ws_message:game_session{game=DGC2LI player=PlayerId(2)}: server_core::session: action applied game=DGC2LI player=PlayerId(2) action_type="PassPriority" event_count=1
2026-10-02T16:52:11.103974Z  INFO ws_message:game_session{game=DGC2LI player=PlayerId(2)}: phase_server: game submission processed (lock held) game=DGC2LI kind="action" lock_ms=8 ai_actions=0
2026-10-02T16:52:12.101961Z  INFO ws_message:game_session{game=DGC2LI player=PlayerId(0)}: server_core::session: action applied game=DGC2LI player=PlayerId(0) action_type="PassPriority" event_count=1
2026-10-02T16:52:12.104659Z  INFO ws_message:game_session{game=DGC2LI player=PlayerId(0)}: phase_server: game submission processed (lock held) game=DGC2LI kind="action" lock_ms=6 ai_actions=0
2026-10-02T16:52:13.110127Z  INFO ws_message:game_session{game=DGC2LI player=PlayerId(1)}: server_core::session: action applied game=DGC2LI player=PlayerId(1) action_type="PassPriority" event_count=3
2026-10-02T16:52:13.114575Z  INFO ws_message:game_session{game=DGC2LI player=PlayerId(1)}: phase_server: game submission processed (lock held) game=DGC2LI kind="action" lock_ms=10 ai_actions=0
2026-10-02T16:52:14.111036Z  INFO ws_message:game_session{game=DGC2LI player=PlayerId(2)}: server_core::session: action applied game=DGC2LI player=PlayerId(2) action_type="PassPriority" event_count=1
2026-10-02T16:52:14.115176Z  INFO ws_message:game_session{game=DGC2LI player=PlayerId(2)}: phase_server: game submission processed (lock held) game=DGC2LI kind="action" lock_ms=7 ai_actions=0
2026-10-02T16:52:15.116099Z  INFO ws_message:game_session{game=DGC2LI player=PlayerId(0)}: server_core::session: action applied game=DGC2LI player=PlayerId(0) action_type="PassPriority" event_count=1
2026-10-02T16:52:15.118522Z  INFO ws_message:game_session{game=DGC2LI player=PlayerId(0)}: phase_server: game submission processed (lock held) game=DGC2LI kind="action" lock_ms=5 ai_actions=0
2026-10-02T16:52:16.132037Z  INFO ws_message:game_session{game=DGC2LI player=PlayerId(1)}: server_core::session: action applied game=DGC2LI player=PlayerId(1) action_type="PassPriority" event_count=1
2026-10-02T16:52:16.135921Z  INFO ws_message:game_session{game=DGC2LI player=PlayerId(1)}: phase_server: game submission processed (lock held) game=DGC2LI kind="action" lock_ms=19 ai_actions=0
2026-10-02T16:52:17.132036Z  INFO ws_message:game_session{game=DGC2LI player=PlayerId(2)}: server_core::session: action applied game=DGC2LI player=PlayerId(2) action_type="PassPriority" event_count=1
2026-10-02T16:52:17.137617Z  INFO ws_message:game_session{game=DGC2LI player=PlayerId(2)}: phase_server: game submission processed (lock held) game=DGC2LI kind="action" lock_ms=14 ai_actions=0
2026-10-02T16:52:18.131636Z  INFO ws_message:game_session{game=DGC2LI player=PlayerId(0)}: server_core::session: action applied game=DGC2LI player=PlayerId(0) action_type="PassPriority" event_count=1
2026-10-02T16:52:18.134074Z  INFO ws_message:game_session{game=DGC2LI player=PlayerId(0)}: phase_server: game submission processed (lock held) game=DGC2LI kind="action" lock_ms=5 ai_actions=0
2026-10-02T16:52:19.145874Z  INFO ws_message:game_session{game=DGC2LI player=PlayerId(1)}: server_core::session: action applied game=DGC2LI player=PlayerId(1) action_type="PassPriority" event_count=1
2026-10-02T16:52:19.149694Z  INFO ws_message:game_session{game=DGC2LI player=PlayerId(1)}: phase_server: game submission processed (lock held) game=DGC2LI kind="action" lock_ms=16 ai_actions=0
2026-10-02T16:52:20.139739Z  INFO ws_message:game_session{game=DGC2LI player=PlayerId(2)}: server_core::session: action applied game=DGC2LI player=PlayerId(2) action_type="PassPriority" event_count=1
2026-10-02T16:52:20.143970Z  INFO ws_message:game_session{game=DGC2LI player=PlayerId(2)}: phase_server: game submission processed (lock held) game=DGC2LI kind="action" lock_ms=7 ai_actions=0
2026-10-02T16:52:21.147043Z  INFO ws_message:game_session{game=DGC2LI player=PlayerId(0)}: server_core::session: action applied game=DGC2LI player=PlayerId(0) action_type="PassPriority" event_count=1
2026-10-02T16:52:21.150788Z  INFO ws_message:game_session{game=DGC2LI player=PlayerId(0)}: phase_server: game submission processed (lock held) game=DGC2LI kind="action" lock_ms=8 ai_actions=0
2026-10-02T16:52:22.153885Z  INFO ws_message:game_session{game=DGC2LI player=PlayerId(1)}: server_core::session: action applied game=DGC2LI player=PlayerId(1) action_type="PassPriority" event_count=4
2026-10-02T16:52:22.156600Z  INFO ws_message:game_session{game=DGC2LI player=PlayerId(1)}: phase_server: game submission processed (lock held) game=DGC2LI kind="action" lock_ms=8 ai_actions=0
2026-10-02T16:52:23.154123Z  INFO ws_message:game_session{game=DGC2LI player=PlayerId(0)}: server_core::session: action applied game=DGC2LI player=PlayerId(0) action_type="PassPriority" event_count=1
2026-10-02T16:52:23.156549Z  INFO ws_message:game_session{game=DGC2LI player=PlayerId(0)}: phase_server: game submission processed (lock held) game=DGC2LI kind="action" lock_ms=5 ai_actions=0
2026-10-02T16:52:24.158390Z  INFO ws_message:game_session{game=DGC2LI player=PlayerId(1)}: server_core::session: action applied game=DGC2LI player=PlayerId(1) action_type="PassPriority" event_count=1
2026-10-02T16:52:24.161998Z  INFO ws_message:game_session{game=DGC2LI player=PlayerId(1)}: phase_server: game submission processed (lock held) game=DGC2LI kind="action" lock_ms=6 ai_actions=0
2026-10-02T16:52:25.165828Z  INFO ws_message:game_session{game=DGC2LI player=PlayerId(2)}: server_core::session: action applied game=DGC2LI player=PlayerId(2) action_type="PassPriority" event_count=4
2026-10-02T16:52:25.167538Z  INFO ws_message:game_session{game=DGC2LI player=PlayerId(2)}: phase_server: game submission processed (lock held) game=DGC2LI kind="action" lock_ms=8 ai_actions=0
2026-10-02T16:52:26.353522Z  INFO ws_message:game_session{game=DGC2LI player=PlayerId(0)}: server_core::session: action applied game=DGC2LI player=PlayerId(0) action_type="PassPriority" event_count=1
2026-10-02T16:52:26.356157Z  INFO ws_message:game_session{game=DGC2LI player=PlayerId(0)}: phase_server: game submission processed (lock held) game=DGC2LI kind="action" lock_ms=5 ai_actions=0
2026-10-02T16:52:27.358699Z  INFO ws_message:game_session{game=DGC2LI player=PlayerId(1)}: server_core::session: action applied game=DGC2LI player=PlayerId(1) action_type="PassPriority" event_count=1
2026-10-02T16:52:27.362525Z  INFO ws_message:game_session{game=DGC2LI player=PlayerId(1)}: phase_server: game submission processed (lock held) game=DGC2LI kind="action" lock_ms=6 ai_actions=0
2026-10-02T16:52:28.365799Z  INFO ws_message:game_session{game=DGC2LI player=PlayerId(2)}: server_core::session: action applied game=DGC2LI player=PlayerId(2) action_type="PassPriority" event_count=1
2026-10-02T16:52:28.435155Z  INFO ws_message:game_session{game=DGC2LI player=PlayerId(2)}: phase_server: game submission processed (lock held) game=DGC2LI kind="action" lock_ms=74 ai_actions=0
2026-10-02T16:52:29.374994Z  INFO ws_message:game_session{game=DGC2LI player=PlayerId(0)}: server_core::session: action applied game=DGC2LI player=PlayerId(0) action_type="PlayLand" event_count=2
2026-10-02T16:52:29.384466Z  INFO ws_message:game_session{game=DGC2LI player=PlayerId(0)}: phase_server: game submission processed (lock held) game=DGC2LI kind="action" lock_ms=18 ai_actions=0
2026-10-02T16:52:30.397166Z  INFO ws_message:game_session{game=DGC2LI player=PlayerId(0)}: server_core::session: action applied game=DGC2LI player=PlayerId(0) action_type="CastSpell" event_count=24
2026-10-02T16:52:30.398538Z  INFO ws_message:game_session{game=DGC2LI player=PlayerId(0)}: phase_server: game submission processed (lock held) game=DGC2LI kind="action" lock_ms=17 ai_actions=0
2026-10-02T16:52:31.409003Z  INFO ws_message:game_session{game=DGC2LI player=PlayerId(0)}: server_core::session: action applied game=DGC2LI player=PlayerId(0) action_type="PassPriority" event_count=1
2026-10-02T16:52:31.412552Z  INFO ws_message:game_session{game=DGC2LI player=PlayerId(0)}: phase_server: game submission processed (lock held) game=DGC2LI kind="action" lock_ms=35 ai_actions=0
2026-10-02T16:52:32.386690Z  INFO ws_message:game_session{game=DGC2LI player=PlayerId(1)}: server_core::session: action applied game=DGC2LI player=PlayerId(1) action_type="PassPriority" event_count=1
2026-10-02T16:52:32.391461Z  INFO ws_message:game_session{game=DGC2LI player=PlayerId(1)}: phase_server: game submission processed (lock held) game=DGC2LI kind="action" lock_ms=8 ai_actions=0
2026-10-02T16:52:33.390797Z  INFO ws_message:game_session{game=DGC2LI player=PlayerId(2)}: server_core::session: action applied game=DGC2LI player=PlayerId(2) action_type="PassPriority" event_count=2
2026-10-02T16:52:33.393069Z  INFO ws_message:game_session{game=DGC2LI player=PlayerId(2)}: phase_server: game submission processed (lock held) game=DGC2LI kind="action" lock_ms=6 ai_actions=0
2026-10-02T16:52:34.395536Z  INFO ws_message:game_session{game=DGC2LI player=PlayerId(0)}: server_core::session: action applied game=DGC2LI player=PlayerId(0) action_type="PassPriority" event_count=1
2026-10-02T16:52:34.398144Z  INFO ws_message:game_session{game=DGC2LI player=PlayerId(0)}: phase_server: game submission processed (lock held) game=DGC2LI kind="action" lock_ms=8 ai_actions=0
2026-10-02T16:52:35.397117Z  INFO ws_message:game_session{game=DGC2LI player=PlayerId(1)}: server_core::session: action applied game=DGC2LI player=PlayerId(1) action_type="PassPriority" event_count=1
2026-10-02T16:52:35.401157Z  INFO ws_message:game_session{game=DGC2LI player=PlayerId(1)}: phase_server: game submission processed (lock held) game=DGC2LI kind="action" lock_ms=6 ai_actions=0
2026-10-02T16:52:36.403037Z  INFO ws_message:game_session{game=DGC2LI player=PlayerId(2)}: server_core::session: action applied game=DGC2LI player=PlayerId(2) action_type="PassPriority" event_count=1
2026-10-02T16:52:36.407398Z  INFO ws_message:game_session{game=DGC2LI player=PlayerId(2)}: phase_server: game submission processed (lock held) game=DGC2LI kind="action" lock_ms=7 ai_actions=0
2026-10-02T16:52:37.423122Z  INFO ws_message:game_session{game=DGC2LI player=PlayerId(0)}: server_core::session: action applied game=DGC2LI player=PlayerId(0) action_type="PassPriority" event_count=1
2026-10-02T16:52:37.436395Z  INFO ws_message:game_session{game=DGC2LI player=PlayerId(0)}: phase_server: game submission processed (lock held) game=DGC2LI kind="action" lock_ms=26 ai_actions=0
2026-10-02T16:52:38.440419Z  INFO ws_message:game_session{game=DGC2LI player=PlayerId(1)}: server_core::session: action applied game=DGC2LI player=PlayerId(1) action_type="PassPriority" event_count=1
2026-10-02T16:52:38.456497Z  INFO ws_message:game_session{game=DGC2LI player=PlayerId(1)}: phase_server: game submission processed (lock held) game=DGC2LI kind="action" lock_ms=40 ai_actions=0
2026-10-02T16:52:39.420681Z  INFO ws_message:game_session{game=DGC2LI player=PlayerId(2)}: server_core::session: action applied game=DGC2LI player=PlayerId(2) action_type="PassPriority" event_count=3
2026-10-02T16:52:39.422962Z  INFO ws_message:game_session{game=DGC2LI player=PlayerId(2)}: phase_server: game submission processed (lock held) game=DGC2LI kind="action" lock_ms=9 ai_actions=0
2026-10-02T16:52:40.421037Z  INFO ws_message:game_session{game=DGC2LI player=PlayerId(0)}: server_core::session: action applied game=DGC2LI player=PlayerId(0) action_type="PassPriority" event_count=1
2026-10-02T16:52:40.424057Z  INFO ws_message:game_session{game=DGC2LI player=PlayerId(0)}: phase_server: game submission processed (lock held) game=DGC2LI kind="action" lock_ms=6 ai_actions=0
2026-10-02T16:52:41.428473Z  INFO ws_message:game_session{game=DGC2LI player=PlayerId(1)}: server_core::session: action applied game=DGC2LI player=PlayerId(1) action_type="PassPriority" event_count=1
2026-10-02T16:52:41.432279Z  INFO ws_message:game_session{game=DGC2LI player=PlayerId(1)}: phase_server: game submission processed (lock held) game=DGC2LI kind="action" lock_ms=7 ai_actions=0
2026-10-02T16:52:42.434060Z  INFO ws_message:game_session{game=DGC2LI player=PlayerId(2)}: server_core::session: action applied game=DGC2LI player=PlayerId(2) action_type="PassPriority" event_count=1
2026-10-02T16:52:42.436429Z  INFO ws_message:game_session{game=DGC2LI player=PlayerId(2)}: phase_server: game submission processed (lock held) game=DGC2LI kind="action" lock_ms=7 ai_actions=0
2026-10-02T16:52:43.436255Z  INFO ws_message:game_session{game=DGC2LI player=PlayerId(0)}: server_core::session: action applied game=DGC2LI player=PlayerId(0) action_type="PassPriority" event_count=1
2026-10-02T16:52:43.438924Z  INFO ws_message:game_session{game=DGC2LI player=PlayerId(0)}: phase_server: game submission processed (lock held) game=DGC2LI kind="action" lock_ms=6 ai_actions=0
2026-10-02T16:52:44.442588Z  INFO ws_message:game_session{game=DGC2LI player=PlayerId(1)}: server_core::session: action applied game=DGC2LI player=PlayerId(1) action_type="PassPriority" event_count=1
2026-10-02T16:52:44.446679Z  INFO ws_message:game_session{game=DGC2LI player=PlayerId(1)}: phase_server: game submission processed (lock held) game=DGC2LI kind="action" lock_ms=7 ai_actions=0
2026-10-02T16:52:45.447830Z  INFO ws_message:game_session{game=DGC2LI player=PlayerId(2)}: server_core::session: action applied game=DGC2LI player=PlayerId(2) action_type="PassPriority" event_count=1
2026-10-02T16:52:45.449768Z  INFO ws_message:game_session{game=DGC2LI player=PlayerId(2)}: phase_server: game submission processed (lock held) game=DGC2LI kind="action" lock_ms=7 ai_actions=0
2026-10-02T16:52:46.463604Z  INFO ws_message:game_session{game=DGC2LI player=PlayerId(0)}: server_core::session: action applied game=DGC2LI player=PlayerId(0) action_type="PassPriority" event_count=1
2026-10-02T16:52:46.466506Z  INFO ws_message:game_session{game=DGC2LI player=PlayerId(0)}: phase_server: game submission processed (lock held) game=DGC2LI kind="action" lock_ms=18 ai_actions=0
2026-10-02T16:52:47.457518Z  INFO ws_message:game_session{game=DGC2LI player=PlayerId(1)}: server_core::session: action applied game=DGC2LI player=PlayerId(1) action_type="PassPriority" event_count=1
2026-10-02T16:52:47.461775Z  INFO ws_message:game_session{game=DGC2LI player=PlayerId(1)}: phase_server: game submission processed (lock held) game=DGC2LI kind="action" lock_ms=9 ai_actions=0
2026-10-02T16:52:48.464871Z  INFO ws_message:game_session{game=DGC2LI player=PlayerId(2)}: server_core::session: action applied game=DGC2LI player=PlayerId(2) action_type="PassPriority" event_count=6
2026-10-02T16:52:48.475350Z  INFO ws_message:game_session{game=DGC2LI player=PlayerId(2)}: phase_server: game submission processed (lock held) game=DGC2LI kind="action" lock_ms=17 ai_actions=0
2026-10-02T16:52:49.465699Z  INFO ws_message:game_session{game=DGC2LI player=PlayerId(1)}: server_core::session: action applied game=DGC2LI player=PlayerId(1) action_type="PassPriority" event_count=1
2026-10-02T16:52:49.469344Z  INFO ws_message:game_session{game=DGC2LI player=PlayerId(1)}: phase_server: game submission processed (lock held) game=DGC2LI kind="action" lock_ms=6 ai_actions=0
2026-10-02T16:52:50.469080Z  INFO ws_message:game_session{game=DGC2LI player=PlayerId(2)}: server_core::session: action applied game=DGC2LI player=PlayerId(2) action_type="PassPriority" event_count=1
2026-10-02T16:52:50.471146Z  INFO ws_message:game_session{game=DGC2LI player=PlayerId(2)}: phase_server: game submission processed (lock held) game=DGC2LI kind="action" lock_ms=5 ai_actions=0
2026-10-02T16:52:51.477746Z  INFO ws_message:game_session{game=DGC2LI player=PlayerId(0)}: server_core::session: action applied game=DGC2LI player=PlayerId(0) action_type="PassPriority" event_count=4
2026-10-02T16:52:51.478942Z  INFO ws_message:game_session{game=DGC2LI player=PlayerId(0)}: phase_server: game submission processed (lock held) game=DGC2LI kind="action" lock_ms=8 ai_actions=0
2026-10-02T16:52:52.477753Z  INFO ws_message:game_session{game=DGC2LI player=PlayerId(1)}: server_core::session: action applied game=DGC2LI player=PlayerId(1) action_type="PassPriority" event_count=1
2026-10-02T16:52:52.481265Z  INFO ws_message:game_session{game=DGC2LI player=PlayerId(1)}: phase_server: game submission processed (lock held) game=DGC2LI kind="action" lock_ms=6 ai_actions=0
2026-10-02T16:52:53.483407Z  INFO ws_message:game_session{game=DGC2LI player=PlayerId(2)}: server_core::session: action applied game=DGC2LI player=PlayerId(2) action_type="PassPriority" event_count=1
2026-10-02T16:52:53.485407Z  INFO ws_message:game_session{game=DGC2LI player=PlayerId(2)}: phase_server: game submission processed (lock held) game=DGC2LI kind="action" lock_ms=6 ai_actions=0
2026-10-02T16:52:54.490791Z  INFO ws_message:game_session{game=DGC2LI player=PlayerId(0)}: server_core::session: action applied game=DGC2LI player=PlayerId(0) action_type="PassPriority" event_count=1
2026-10-02T16:52:54.522664Z  INFO ws_message:game_session{game=DGC2LI player=PlayerId(0)}: phase_server: game submission processed (lock held) game=DGC2LI kind="action" lock_ms=37 ai_actions=0
2026-10-02T16:52:55.496861Z  INFO ws_message:game_session{game=DGC2LI player=PlayerId(1)}: server_core::session: action applied game=DGC2LI player=PlayerId(1) action_type="PlayLand" event_count=2
2026-10-02T16:52:55.500648Z  INFO ws_message:game_session{game=DGC2LI player=PlayerId(1)}: phase_server: game submission processed (lock held) game=DGC2LI kind="action" lock_ms=10 ai_actions=0
2026-10-02T16:52:56.496151Z  INFO ws_message:game_session{game=DGC2LI player=PlayerId(1)}: server_core::session: action applied game=DGC2LI player=PlayerId(1) action_type="PassPriority" event_count=1
2026-10-02T16:52:56.504399Z  INFO ws_message:game_session{game=DGC2LI player=PlayerId(1)}: phase_server: game submission processed (lock held) game=DGC2LI kind="action" lock_ms=11 ai_actions=0
2026-10-02T16:52:57.503384Z  INFO ws_message:game_session{game=DGC2LI player=PlayerId(2)}: server_core::session: action applied game=DGC2LI player=PlayerId(2) action_type="PassPriority" event_count=1
2026-10-02T16:52:57.505519Z  INFO ws_message:game_session{game=DGC2LI player=PlayerId(2)}: phase_server: game submission processed (lock held) game=DGC2LI kind="action" lock_ms=7 ai_actions=0
2026-10-02T16:52:58.506409Z  INFO ws_message:game_session{game=DGC2LI player=PlayerId(0)}: server_core::session: action applied game=DGC2LI player=PlayerId(0) action_type="PassPriority" event_count=1
2026-10-02T16:52:58.510140Z  INFO ws_message:game_session{game=DGC2LI player=PlayerId(0)}: phase_server: game submission processed (lock held) game=DGC2LI kind="action" lock_ms=7 ai_actions=0
2026-10-02T16:52:59.509734Z  INFO ws_message:game_session{game=DGC2LI player=PlayerId(1)}: server_core::session: action applied game=DGC2LI player=PlayerId(1) action_type="PassPriority" event_count=1
2026-10-02T16:52:59.513404Z  INFO ws_message:game_session{game=DGC2LI player=PlayerId(1)}: phase_server: game submission processed (lock held) game=DGC2LI kind="action" lock_ms=6 ai_actions=0
2026-10-02T16:53:00.516028Z  INFO ws_message:game_session{game=DGC2LI player=PlayerId(2)}: server_core::session: action applied game=DGC2LI player=PlayerId(2) action_type="PassPriority" event_count=1
2026-10-02T16:53:00.518087Z  INFO ws_message:game_session{game=DGC2LI player=PlayerId(2)}: phase_server: game submission processed (lock held) game=DGC2LI kind="action" lock_ms=6 ai_actions=0
2026-10-02T16:53:01.516058Z  INFO ws_message:game_session{game=DGC2LI player=PlayerId(0)}: server_core::session: action applied game=DGC2LI player=PlayerId(0) action_type="PassPriority" event_count=1
2026-10-02T16:53:01.589505Z  INFO ws_message:game_session{game=DGC2LI player=PlayerId(0)}: phase_server: game submission processed (lock held) game=DGC2LI kind="action" lock_ms=74 ai_actions=0
2026-10-02T16:53:02.569661Z  INFO ws_message:game_session{game=DGC2LI player=PlayerId(1)}: server_core::session: action applied game=DGC2LI player=PlayerId(1) action_type="DeclareAttackers" event_count=4
2026-10-02T16:53:02.573745Z  INFO ws_message:game_session{game=DGC2LI player=PlayerId(1)}: phase_server: game submission processed (lock held) game=DGC2LI kind="action" lock_ms=10 ai_actions=0
2026-10-02T16:53:03.571838Z  INFO ws_message:game_session{game=DGC2LI player=PlayerId(1)}: server_core::session: action applied game=DGC2LI player=PlayerId(1) action_type="PassPriority" event_count=1
2026-10-02T16:53:03.575740Z  INFO ws_message:game_session{game=DGC2LI player=PlayerId(1)}: phase_server: game submission processed (lock held) game=DGC2LI kind="action" lock_ms=7 ai_actions=0
2026-10-02T16:53:04.574790Z  INFO ws_message:game_session{game=DGC2LI player=PlayerId(2)}: server_core::session: action applied game=DGC2LI player=PlayerId(2) action_type="PassPriority" event_count=1
2026-10-02T16:53:04.576757Z  INFO ws_message:game_session{game=DGC2LI player=PlayerId(2)}: phase_server: game submission processed (lock held) game=DGC2LI kind="action" lock_ms=5 ai_actions=0
2026-10-02T16:53:05.576829Z  INFO ws_message:game_session{game=DGC2LI player=PlayerId(0)}: server_core::session: action applied game=DGC2LI player=PlayerId(0) action_type="PassPriority" event_count=1
2026-10-02T16:53:05.592085Z  INFO ws_message:game_session{game=DGC2LI player=PlayerId(0)}: phase_server: game submission processed (lock held) game=DGC2LI kind="action" lock_ms=16 ai_actions=0
2026-10-02T16:53:06.583096Z  INFO ws_message:game_session{game=DGC2LI player=PlayerId(0)}: server_core::session: action applied game=DGC2LI player=PlayerId(0) action_type="DeclareBlockers" event_count=1
2026-10-02T16:53:06.589824Z  INFO ws_message:game_session{game=DGC2LI player=PlayerId(0)}: phase_server: game submission processed (lock held) game=DGC2LI kind="action" lock_ms=9 ai_actions=0
2026-10-02T16:53:07.589135Z  INFO ws_message:game_session{game=DGC2LI player=PlayerId(1)}: server_core::session: action applied game=DGC2LI player=PlayerId(1) action_type="PassPriority" event_count=1
2026-10-02T16:53:07.593007Z  INFO ws_message:game_session{game=DGC2LI player=PlayerId(1)}: phase_server: game submission processed (lock held) game=DGC2LI kind="action" lock_ms=8 ai_actions=0
2026-10-02T16:53:08.593853Z  INFO ws_message:game_session{game=DGC2LI player=PlayerId(2)}: server_core::session: action applied game=DGC2LI player=PlayerId(2) action_type="PassPriority" event_count=1
2026-10-02T16:53:08.596056Z  INFO ws_message:game_session{game=DGC2LI player=PlayerId(2)}: phase_server: game submission processed (lock held) game=DGC2LI kind="action" lock_ms=5 ai_actions=0
2026-10-02T16:53:09.599874Z  INFO ws_message:game_session{game=DGC2LI player=PlayerId(0)}: server_core::session: action applied game=DGC2LI player=PlayerId(0) action_type="PassPriority" event_count=8
2026-10-02T16:53:09.603487Z  INFO ws_message:game_session{game=DGC2LI player=PlayerId(0)}: phase_server: game submission processed (lock held) game=DGC2LI kind="action" lock_ms=9 ai_actions=0
2026-10-02T16:53:10.605521Z  INFO ws_message:game_session{game=DGC2LI player=PlayerId(1)}: server_core::session: action applied game=DGC2LI player=PlayerId(1) action_type="PassPriority" event_count=1
2026-10-02T16:53:10.612392Z  INFO ws_message:game_session{game=DGC2LI player=PlayerId(1)}: phase_server: game submission processed (lock held) game=DGC2LI kind="action" lock_ms=14 ai_actions=0
2026-10-02T16:53:11.611683Z  INFO ws_message:game_session{game=DGC2LI player=PlayerId(2)}: server_core::session: action applied game=DGC2LI player=PlayerId(2) action_type="PassPriority" event_count=1
2026-10-02T16:53:11.614540Z  INFO ws_message:game_session{game=DGC2LI player=PlayerId(2)}: phase_server: game submission processed (lock held) game=DGC2LI kind="action" lock_ms=10 ai_actions=0
2026-10-02T16:53:12.611901Z  INFO ws_message:game_session{game=DGC2LI player=PlayerId(0)}: server_core::session: action applied game=DGC2LI player=PlayerId(0) action_type="PassPriority" event_count=1
2026-10-02T16:53:12.615857Z  INFO ws_message:game_session{game=DGC2LI player=PlayerId(0)}: phase_server: game submission processed (lock held) game=DGC2LI kind="action" lock_ms=7 ai_actions=0
2026-10-02T16:53:13.615170Z  INFO ws_message:game_session{game=DGC2LI player=PlayerId(1)}: server_core::session: action applied game=DGC2LI player=PlayerId(1) action_type="PassPriority" event_count=1
2026-10-02T16:53:13.618955Z  INFO ws_message:game_session{game=DGC2LI player=PlayerId(1)}: phase_server: game submission processed (lock held) game=DGC2LI kind="action" lock_ms=6 ai_actions=0
2026-10-02T16:53:14.624417Z  INFO ws_message:game_session{game=DGC2LI player=PlayerId(2)}: server_core::session: action applied game=DGC2LI player=PlayerId(2) action_type="PassPriority" event_count=1
2026-10-02T16:53:14.626787Z  INFO ws_message:game_session{game=DGC2LI player=PlayerId(2)}: phase_server: game submission processed (lock held) game=DGC2LI kind="action" lock_ms=6 ai_actions=0
2026-10-02T16:53:15.631808Z  INFO ws_message:game_session{game=DGC2LI player=PlayerId(0)}: server_core::session: action applied game=DGC2LI player=PlayerId(0) action_type="PassPriority" event_count=1
2026-10-02T16:53:15.637918Z  INFO ws_message:game_session{game=DGC2LI player=PlayerId(0)}: phase_server: game submission processed (lock held) game=DGC2LI kind="action" lock_ms=13 ai_actions=0
2026-10-02T16:53:16.635783Z  INFO ws_message:game_session{game=DGC2LI player=PlayerId(1)}: server_core::session: action applied game=DGC2LI player=PlayerId(1) action_type="PassPriority" event_count=1
2026-10-02T16:53:16.642447Z  INFO ws_message:game_session{game=DGC2LI player=PlayerId(1)}: phase_server: game submission processed (lock held) game=DGC2LI kind="action" lock_ms=14 ai_actions=0
2026-10-02T16:53:17.636094Z  INFO ws_message:game_session{game=DGC2LI player=PlayerId(2)}: server_core::session: action applied game=DGC2LI player=PlayerId(2) action_type="PassPriority" event_count=1
2026-10-02T16:53:17.638557Z  INFO ws_message:game_session{game=DGC2LI player=PlayerId(2)}: phase_server: game submission processed (lock held) game=DGC2LI kind="action" lock_ms=5 ai_actions=0
2026-10-02T16:53:18.645439Z  INFO ws_message:game_session{game=DGC2LI player=PlayerId(0)}: server_core::session: action applied game=DGC2LI player=PlayerId(0) action_type="PassPriority" event_count=1
2026-10-02T16:53:18.649533Z  INFO ws_message:game_session{game=DGC2LI player=PlayerId(0)}: phase_server: game submission processed (lock held) game=DGC2LI kind="action" lock_ms=9 ai_actions=0
2026-10-02T16:53:19.649118Z  INFO ws_message:game_session{game=DGC2LI player=PlayerId(1)}: server_core::session: action applied game=DGC2LI player=PlayerId(1) action_type="PassPriority" event_count=1
2026-10-02T16:53:19.654049Z  INFO ws_message:game_session{game=DGC2LI player=PlayerId(1)}: phase_server: game submission processed (lock held) game=DGC2LI kind="action" lock_ms=9 ai_actions=0
2026-10-02T16:53:20.654387Z  INFO ws_message:game_session{game=DGC2LI player=PlayerId(2)}: server_core::session: action applied game=DGC2LI player=PlayerId(2) action_type="PassPriority" event_count=1
2026-10-02T16:53:20.656451Z  INFO ws_message:game_session{game=DGC2LI player=PlayerId(2)}: phase_server: game submission processed (lock held) game=DGC2LI kind="action" lock_ms=5 ai_actions=0
2026-10-02T16:53:21.664023Z  INFO ws_message:game_session{game=DGC2LI player=PlayerId(0)}: server_core::session: action applied game=DGC2LI player=PlayerId(0) action_type="PassPriority" event_count=4
2026-10-02T16:53:21.669420Z  INFO ws_message:game_session{game=DGC2LI player=PlayerId(0)}: phase_server: game submission processed (lock held) game=DGC2LI kind="action" lock_ms=13 ai_actions=0
2026-10-02T16:53:22.665745Z  INFO ws_message:game_session{game=DGC2LI player=PlayerId(2)}: server_core::session: action applied game=DGC2LI player=PlayerId(2) action_type="PassPriority" event_count=1
2026-10-02T16:53:22.668033Z  INFO ws_message:game_session{game=DGC2LI player=PlayerId(2)}: phase_server: game submission processed (lock held) game=DGC2LI kind="action" lock_ms=6 ai_actions=0
2026-10-02T16:53:23.668777Z  INFO ws_message:game_session{game=DGC2LI player=PlayerId(0)}: server_core::session: action applied game=DGC2LI player=PlayerId(0) action_type="PassPriority" event_count=1
2026-10-02T16:53:23.672467Z  INFO ws_message:game_session{game=DGC2LI player=PlayerId(0)}: phase_server: game submission processed (lock held) game=DGC2LI kind="action" lock_ms=7 ai_actions=0
2026-10-02T16:53:24.702836Z  INFO ws_message:game_session{game=DGC2LI player=PlayerId(1)}: server_core::session: action applied game=DGC2LI player=PlayerId(1) action_type="PassPriority" event_count=4
2026-10-02T16:53:24.705244Z  INFO ws_message:game_session{game=DGC2LI player=PlayerId(1)}: phase_server: game submission processed (lock held) game=DGC2LI kind="action" lock_ms=35 ai_actions=0
2026-10-02T16:53:25.676241Z  INFO ws_message:game_session{game=DGC2LI player=PlayerId(2)}: server_core::session: action applied game=DGC2LI player=PlayerId(2) action_type="PassPriority" event_count=1
2026-10-02T16:53:25.678252Z  INFO ws_message:game_session{game=DGC2LI player=PlayerId(2)}: phase_server: game submission processed (lock held) game=DGC2LI kind="action" lock_ms=5 ai_actions=0
2026-10-02T16:53:26.707051Z  INFO ws_message:game_session{game=DGC2LI player=PlayerId(0)}: server_core::session: action applied game=DGC2LI player=PlayerId(0) action_type="PassPriority" event_count=1
2026-10-02T16:53:26.714419Z  INFO ws_message:game_session{game=DGC2LI player=PlayerId(0)}: phase_server: game submission processed (lock held) game=DGC2LI kind="action" lock_ms=28 ai_actions=0
2026-10-02T16:53:27.694691Z  INFO ws_message:game_session{game=DGC2LI player=PlayerId(1)}: server_core::session: action applied game=DGC2LI player=PlayerId(1) action_type="PassPriority" event_count=1
2026-10-02T16:53:27.744452Z  INFO ws_message:game_session{game=DGC2LI player=PlayerId(1)}: phase_server: game submission processed (lock held) game=DGC2LI kind="action" lock_ms=56 ai_actions=0
2026-10-02T16:53:28.712754Z  INFO ws_message:game_session{game=DGC2LI player=PlayerId(2)}: server_core::session: action applied game=DGC2LI player=PlayerId(2) action_type="PlayLand" event_count=2
2026-10-02T16:53:28.716878Z  INFO ws_message:game_session{game=DGC2LI player=PlayerId(2)}: phase_server: game submission processed (lock held) game=DGC2LI kind="action" lock_ms=10 ai_actions=0
2026-10-02T16:53:29.706785Z  INFO ws_message:game_session{game=DGC2LI player=PlayerId(2)}: server_core::session: action applied game=DGC2LI player=PlayerId(2) action_type="PassPriority" event_count=1
2026-10-02T16:53:29.709404Z  INFO ws_message:game_session{game=DGC2LI player=PlayerId(2)}: phase_server: game submission processed (lock held) game=DGC2LI kind="action" lock_ms=7 ai_actions=0
2026-10-02T16:53:30.718944Z  INFO ws_message:game_session{game=DGC2LI player=PlayerId(0)}: server_core::session: action applied game=DGC2LI player=PlayerId(0) action_type="PassPriority" event_count=1
2026-10-02T16:53:30.723527Z  INFO ws_message:game_session{game=DGC2LI player=PlayerId(0)}: phase_server: game submission processed (lock held) game=DGC2LI kind="action" lock_ms=13 ai_actions=0
2026-10-02T16:53:31.729519Z  INFO ws_message:game_session{game=DGC2LI player=PlayerId(1)}: server_core::session: action applied game=DGC2LI player=PlayerId(1) action_type="PassPriority" event_count=1
2026-10-02T16:53:31.735693Z  INFO ws_message:game_session{game=DGC2LI player=PlayerId(1)}: phase_server: game submission processed (lock held) game=DGC2LI kind="action" lock_ms=20 ai_actions=0
2026-10-02T16:53:32.721727Z  INFO ws_message:game_session{game=DGC2LI player=PlayerId(2)}: server_core::session: action applied game=DGC2LI player=PlayerId(2) action_type="PassPriority" event_count=1
2026-10-02T16:53:32.724657Z  INFO ws_message:game_session{game=DGC2LI player=PlayerId(2)}: phase_server: game submission processed (lock held) game=DGC2LI kind="action" lock_ms=6 ai_actions=0
2026-10-02T16:53:33.744210Z  INFO ws_message:game_session{game=DGC2LI player=PlayerId(0)}: server_core::session: action applied game=DGC2LI player=PlayerId(0) action_type="PassPriority" event_count=1
2026-10-02T16:53:33.748986Z  INFO ws_message:game_session{game=DGC2LI player=PlayerId(0)}: phase_server: game submission processed (lock held) game=DGC2LI kind="action" lock_ms=26 ai_actions=0
2026-10-02T16:53:34.735745Z  INFO ws_message:game_session{game=DGC2LI player=PlayerId(1)}: server_core::session: action applied game=DGC2LI player=PlayerId(1) action_type="PassPriority" event_count=3
2026-10-02T16:53:34.741467Z  INFO ws_message:game_session{game=DGC2LI player=PlayerId(1)}: phase_server: game submission processed (lock held) game=DGC2LI kind="action" lock_ms=13 ai_actions=0
2026-10-02T16:53:35.739466Z  INFO ws_message:game_session{game=DGC2LI player=PlayerId(2)}: server_core::session: action applied game=DGC2LI player=PlayerId(2) action_type="PassPriority" event_count=1
2026-10-02T16:53:35.741482Z  INFO ws_message:game_session{game=DGC2LI player=PlayerId(2)}: phase_server: game submission processed (lock held) game=DGC2LI kind="action" lock_ms=9 ai_actions=0
2026-10-02T16:53:36.745449Z  INFO ws_message:game_session{game=DGC2LI player=PlayerId(0)}: server_core::session: action applied game=DGC2LI player=PlayerId(0) action_type="PassPriority" event_count=1
2026-10-02T16:53:36.751717Z  INFO ws_message:game_session{game=DGC2LI player=PlayerId(0)}: phase_server: game submission processed (lock held) game=DGC2LI kind="action" lock_ms=15 ai_actions=0
2026-10-02T16:53:37.748681Z  INFO ws_message:game_session{game=DGC2LI player=PlayerId(1)}: server_core::session: action applied game=DGC2LI player=PlayerId(1) action_type="PassPriority" event_count=1
2026-10-02T16:53:37.755218Z  INFO ws_message:game_session{game=DGC2LI player=PlayerId(1)}: phase_server: game submission processed (lock held) game=DGC2LI kind="action" lock_ms=15 ai_actions=0
2026-10-02T16:53:38.753287Z  INFO ws_message:game_session{game=DGC2LI player=PlayerId(2)}: server_core::session: action applied game=DGC2LI player=PlayerId(2) action_type="PassPriority" event_count=1
2026-10-02T16:53:38.756386Z  INFO ws_message:game_session{game=DGC2LI player=PlayerId(2)}: phase_server: game submission processed (lock held) game=DGC2LI kind="action" lock_ms=10 ai_actions=0
2026-10-02T16:53:39.753218Z  INFO ws_message:game_session{game=DGC2LI player=PlayerId(0)}: server_core::session: action applied game=DGC2LI player=PlayerId(0) action_type="PassPriority" event_count=1
2026-10-02T16:53:39.761394Z  INFO ws_message:game_session{game=DGC2LI player=PlayerId(0)}: phase_server: game submission processed (lock held) game=DGC2LI kind="action" lock_ms=12 ai_actions=0
2026-10-02T16:53:40.789716Z  INFO ws_message:game_session{game=DGC2LI player=PlayerId(1)}: server_core::session: action applied game=DGC2LI player=PlayerId(1) action_type="PassPriority" event_count=1
2026-10-02T16:53:40.794741Z  INFO ws_message:game_session{game=DGC2LI player=PlayerId(1)}: phase_server: game submission processed (lock held) game=DGC2LI kind="action" lock_ms=40 ai_actions=0
2026-10-02T16:53:41.764157Z  INFO ws_message:game_session{game=DGC2LI player=PlayerId(2)}: server_core::session: action applied game=DGC2LI player=PlayerId(2) action_type="PassPriority" event_count=1
2026-10-02T16:53:41.767703Z  INFO ws_message:game_session{game=DGC2LI player=PlayerId(2)}: phase_server: game submission processed (lock held) game=DGC2LI kind="action" lock_ms=9 ai_actions=0
2026-10-02T16:53:42.936539Z  INFO ws_message:game_session{game=DGC2LI player=PlayerId(0)}: server_core::session: action applied game=DGC2LI player=PlayerId(0) action_type="PassPriority" event_count=1
2026-10-02T16:53:42.945410Z  INFO ws_message:game_session{game=DGC2LI player=PlayerId(0)}: phase_server: game submission processed (lock held) game=DGC2LI kind="action" lock_ms=15 ai_actions=0
2026-10-02T16:53:43.965618Z  INFO ws_message:game_session{game=DGC2LI player=PlayerId(1)}: server_core::session: action applied game=DGC2LI player=PlayerId(1) action_type="PassPriority" event_count=9
2026-10-02T16:53:43.971732Z  INFO ws_message:game_session{game=DGC2LI player=PlayerId(1)}: phase_server: game submission processed (lock held) game=DGC2LI kind="action" lock_ms=31 ai_actions=0
2026-10-02T16:53:44.951140Z  INFO ws_message:game_session{game=DGC2LI player=PlayerId(0)}: server_core::session: action applied game=DGC2LI player=PlayerId(0) action_type="PassPriority" event_count=1
2026-10-02T16:53:44.954921Z  INFO ws_message:game_session{game=DGC2LI player=PlayerId(0)}: phase_server: game submission processed (lock held) game=DGC2LI kind="action" lock_ms=7 ai_actions=0
2026-10-02T16:53:45.958420Z  INFO ws_message:game_session{game=DGC2LI player=PlayerId(1)}: server_core::session: action applied game=DGC2LI player=PlayerId(1) action_type="PassPriority" event_count=1
2026-10-02T16:53:45.963979Z  INFO ws_message:game_session{game=DGC2LI player=PlayerId(1)}: phase_server: game submission processed (lock held) game=DGC2LI kind="action" lock_ms=9 ai_actions=0
2026-10-02T16:53:46.979437Z  INFO ws_message:game_session{game=DGC2LI player=PlayerId(2)}: server_core::session: action applied game=DGC2LI player=PlayerId(2) action_type="PassPriority" event_count=4
2026-10-02T16:53:46.982855Z  INFO ws_message:game_session{game=DGC2LI player=PlayerId(2)}: phase_server: game submission processed (lock held) game=DGC2LI kind="action" lock_ms=22 ai_actions=0
2026-10-02T16:53:47.969051Z  INFO ws_message:game_session{game=DGC2LI player=PlayerId(0)}: server_core::session: action applied game=DGC2LI player=PlayerId(0) action_type="PassPriority" event_count=1
2026-10-02T16:53:47.973456Z  INFO ws_message:game_session{game=DGC2LI player=PlayerId(0)}: phase_server: game submission processed (lock held) game=DGC2LI kind="action" lock_ms=7 ai_actions=0
2026-10-02T16:53:48.977331Z  INFO ws_message:game_session{game=DGC2LI player=PlayerId(1)}: server_core::session: action applied game=DGC2LI player=PlayerId(1) action_type="PassPriority" event_count=1
2026-10-02T16:53:48.996430Z  INFO ws_message:game_session{game=DGC2LI player=PlayerId(1)}: phase_server: game submission processed (lock held) game=DGC2LI kind="action" lock_ms=25 ai_actions=0
2026-10-02T16:53:49.983417Z  INFO ws_message:game_session{game=DGC2LI player=PlayerId(2)}: server_core::session: action applied game=DGC2LI player=PlayerId(2) action_type="PassPriority" event_count=1
2026-10-02T16:53:50.073405Z  INFO ws_message:game_session{game=DGC2LI player=PlayerId(2)}: phase_server: game submission processed (lock held) game=DGC2LI kind="action" lock_ms=94 ai_actions=0
2026-10-02T16:53:50.993419Z  INFO ws_message:game_session{game=DGC2LI player=PlayerId(0)}: server_core::session: action applied game=DGC2LI player=PlayerId(0) action_type="PlayLand" event_count=2
2026-10-02T16:53:51.008422Z  INFO ws_message:game_session{game=DGC2LI player=PlayerId(0)}: phase_server: game submission processed (lock held) game=DGC2LI kind="action" lock_ms=25 ai_actions=0
2026-10-02T16:53:52.003709Z  INFO ws_message:game_session{game=DGC2LI player=PlayerId(0)}: server_core::session: action applied game=DGC2LI player=PlayerId(0) action_type="PassPriority" event_count=1
2026-10-02T16:53:52.015829Z  INFO ws_message:game_session{game=DGC2LI player=PlayerId(0)}: phase_server: game submission processed (lock held) game=DGC2LI kind="action" lock_ms=28 ai_actions=0
2026-10-02T16:53:53.015174Z  INFO ws_message:game_session{game=DGC2LI player=PlayerId(1)}: server_core::session: action applied game=DGC2LI player=PlayerId(1) action_type="PassPriority" event_count=1
2026-10-02T16:53:53.020794Z  INFO ws_message:game_session{game=DGC2LI player=PlayerId(1)}: phase_server: game submission processed (lock held) game=DGC2LI kind="action" lock_ms=11 ai_actions=0
2026-10-02T16:53:54.022900Z  INFO ws_message:game_session{game=DGC2LI player=PlayerId(2)}: server_core::session: action applied game=DGC2LI player=PlayerId(2) action_type="PassPriority" event_count=1
2026-10-02T16:53:54.037033Z  INFO ws_message:game_session{game=DGC2LI player=PlayerId(2)}: phase_server: game submission processed (lock held) game=DGC2LI kind="action" lock_ms=18 ai_actions=0
2026-10-02T16:53:55.028515Z  INFO ws_message:game_session{game=DGC2LI player=PlayerId(0)}: server_core::session: action applied game=DGC2LI player=PlayerId(0) action_type="PassPriority" event_count=1
2026-10-02T16:53:55.033494Z  INFO ws_message:game_session{game=DGC2LI player=PlayerId(0)}: phase_server: game submission processed (lock held) game=DGC2LI kind="action" lock_ms=9 ai_actions=0
2026-10-02T16:53:56.053580Z  INFO ws_message:game_session{game=DGC2LI player=PlayerId(1)}: server_core::session: action applied game=DGC2LI player=PlayerId(1) action_type="PassPriority" event_count=1
2026-10-02T16:53:56.064539Z  INFO ws_message:game_session{game=DGC2LI player=PlayerId(1)}: phase_server: game submission processed (lock held) game=DGC2LI kind="action" lock_ms=32 ai_actions=0
2026-10-02T16:53:57.036572Z  INFO ws_message:game_session{game=DGC2LI player=PlayerId(2)}: server_core::session: action applied game=DGC2LI player=PlayerId(2) action_type="PassPriority" event_count=1
2026-10-02T16:53:57.094864Z  INFO ws_message:game_session{game=DGC2LI player=PlayerId(2)}: phase_server: game submission processed (lock held) game=DGC2LI kind="action" lock_ms=59 ai_actions=0
2026-10-02T16:53:58.047069Z  INFO ws_message:game_session{game=DGC2LI player=PlayerId(0)}: server_core::session: action applied game=DGC2LI player=PlayerId(0) action_type="DeclareAttackers" event_count=2
2026-10-02T16:53:58.052970Z  INFO ws_message:game_session{game=DGC2LI player=PlayerId(0)}: phase_server: game submission processed (lock held) game=DGC2LI kind="action" lock_ms=13 ai_actions=0
2026-10-02T16:53:59.052047Z  INFO ws_message:game_session{game=DGC2LI player=PlayerId(0)}: server_core::session: action applied game=DGC2LI player=PlayerId(0) action_type="PassPriority" event_count=1
2026-10-02T16:53:59.055896Z  INFO ws_message:game_session{game=DGC2LI player=PlayerId(0)}: phase_server: game submission processed (lock held) game=DGC2LI kind="action" lock_ms=12 ai_actions=0
2026-10-02T16:54:00.051974Z  INFO ws_message:game_session{game=DGC2LI player=PlayerId(1)}: server_core::session: action applied game=DGC2LI player=PlayerId(1) action_type="PassPriority" event_count=1
2026-10-02T16:54:00.056420Z  INFO ws_message:game_session{game=DGC2LI player=PlayerId(1)}: phase_server: game submission processed (lock held) game=DGC2LI kind="action" lock_ms=8 ai_actions=0
2026-10-02T16:54:01.058387Z  INFO ws_message:game_session{game=DGC2LI player=PlayerId(2)}: server_core::session: action applied game=DGC2LI player=PlayerId(2) action_type="PassPriority" event_count=1
2026-10-02T16:54:01.064721Z  INFO ws_message:game_session{game=DGC2LI player=PlayerId(2)}: phase_server: game submission processed (lock held) game=DGC2LI kind="action" lock_ms=11 ai_actions=0
2026-10-02T16:54:02.061506Z  INFO ws_message:game_session{game=DGC2LI player=PlayerId(0)}: server_core::session: action applied game=DGC2LI player=PlayerId(0) action_type="PassPriority" event_count=1
2026-10-02T16:54:02.066159Z  INFO ws_message:game_session{game=DGC2LI player=PlayerId(0)}: phase_server: game submission processed (lock held) game=DGC2LI kind="action" lock_ms=9 ai_actions=0
2026-10-02T16:54:03.067775Z  INFO ws_message:game_session{game=DGC2LI player=PlayerId(1)}: server_core::session: action applied game=DGC2LI player=PlayerId(1) action_type="PassPriority" event_count=1
2026-10-02T16:54:03.073143Z  INFO ws_message:game_session{game=DGC2LI player=PlayerId(1)}: phase_server: game submission processed (lock held) game=DGC2LI kind="action" lock_ms=10 ai_actions=0
2026-10-02T16:54:04.078260Z  INFO ws_message:game_session{game=DGC2LI player=PlayerId(2)}: server_core::session: action applied game=DGC2LI player=PlayerId(2) action_type="PassPriority" event_count=1
2026-10-02T16:54:04.085484Z  INFO ws_message:game_session{game=DGC2LI player=PlayerId(2)}: phase_server: game submission processed (lock held) game=DGC2LI kind="action" lock_ms=17 ai_actions=0
2026-10-02T16:54:05.077074Z  INFO ws_message:game_session{game=DGC2LI player=PlayerId(0)}: server_core::session: action applied game=DGC2LI player=PlayerId(0) action_type="PassPriority" event_count=1
2026-10-02T16:54:05.084421Z  INFO ws_message:game_session{game=DGC2LI player=PlayerId(0)}: phase_server: game submission processed (lock held) game=DGC2LI kind="action" lock_ms=11 ai_actions=0
2026-10-02T16:54:06.085820Z  INFO ws_message:game_session{game=DGC2LI player=PlayerId(1)}: server_core::session: action applied game=DGC2LI player=PlayerId(1) action_type="PassPriority" event_count=1
2026-10-02T16:54:06.090897Z  INFO ws_message:game_session{game=DGC2LI player=PlayerId(1)}: phase_server: game submission processed (lock held) game=DGC2LI kind="action" lock_ms=9 ai_actions=0
2026-10-02T16:54:07.093521Z  INFO ws_message:game_session{game=DGC2LI player=PlayerId(2)}: server_core::session: action applied game=DGC2LI player=PlayerId(2) action_type="PassPriority" event_count=7
2026-10-02T16:54:07.096714Z  INFO ws_message:game_session{game=DGC2LI player=PlayerId(2)}: phase_server: game submission processed (lock held) game=DGC2LI kind="action" lock_ms=9 ai_actions=0
2026-10-02T16:54:08.097225Z  INFO ws_message:game_session{game=DGC2LI player=PlayerId(1)}: server_core::session: action applied game=DGC2LI player=PlayerId(1) action_type="PassPriority" event_count=1
2026-10-02T16:54:08.107124Z  INFO ws_message:game_session{game=DGC2LI player=PlayerId(1)}: phase_server: game submission processed (lock held) game=DGC2LI kind="action" lock_ms=15 ai_actions=0
2026-10-02T16:54:09.097629Z  INFO ws_message:game_session{game=DGC2LI player=PlayerId(2)}: server_core::session: action applied game=DGC2LI player=PlayerId(2) action_type="PassPriority" event_count=1
2026-10-02T16:54:09.103734Z  INFO ws_message:game_session{game=DGC2LI player=PlayerId(2)}: phase_server: game submission processed (lock held) game=DGC2LI kind="action" lock_ms=8 ai_actions=0
2026-10-02T16:54:10.121980Z  INFO ws_message:game_session{game=DGC2LI player=PlayerId(0)}: server_core::session: action applied game=DGC2LI player=PlayerId(0) action_type="PassPriority" event_count=4
2026-10-02T16:54:10.125780Z  INFO ws_message:game_session{game=DGC2LI player=PlayerId(0)}: phase_server: game submission processed (lock held) game=DGC2LI kind="action" lock_ms=17 ai_actions=0
2026-10-02T16:54:11.151121Z  INFO ws_message:game_session{game=DGC2LI player=PlayerId(1)}: server_core::session: action applied game=DGC2LI player=PlayerId(1) action_type="PassPriority" event_count=1
2026-10-02T16:54:11.170981Z  INFO ws_message:game_session{game=DGC2LI player=PlayerId(1)}: phase_server: game submission processed (lock held) game=DGC2LI kind="action" lock_ms=31 ai_actions=0
2026-10-02T16:54:12.155166Z  INFO ws_message:game_session{game=DGC2LI player=PlayerId(2)}: server_core::session: action applied game=DGC2LI player=PlayerId(2) action_type="PassPriority" event_count=1
2026-10-02T16:54:12.166578Z  INFO ws_message:game_session{game=DGC2LI player=PlayerId(2)}: phase_server: game submission processed (lock held) game=DGC2LI kind="action" lock_ms=18 ai_actions=0
2026-10-02T16:54:13.161845Z  INFO ws_message:game_session{game=DGC2LI player=PlayerId(0)}: server_core::session: action applied game=DGC2LI player=PlayerId(0) action_type="PassPriority" event_count=1
2026-10-02T16:54:13.192424Z  INFO ws_message:game_session{game=DGC2LI player=PlayerId(0)}: phase_server: game submission processed (lock held) game=DGC2LI kind="action" lock_ms=37 ai_actions=0
2026-10-02T16:54:14.169353Z  INFO ws_message:game_session{game=DGC2LI player=PlayerId(1)}: server_core::session: action applied game=DGC2LI player=PlayerId(1) action_type="PlayLand" event_count=2
2026-10-02T16:54:14.176437Z  INFO ws_message:game_session{game=DGC2LI player=PlayerId(1)}: phase_server: game submission processed (lock held) game=DGC2LI kind="action" lock_ms=16 ai_actions=0
2026-10-02T16:54:15.170586Z  INFO ws_message:game_session{game=DGC2LI player=PlayerId(1)}: server_core::session: action applied game=DGC2LI player=PlayerId(1) action_type="PassPriority" event_count=1
2026-10-02T16:54:15.175282Z  INFO ws_message:game_session{game=DGC2LI player=PlayerId(1)}: phase_server: game submission processed (lock held) game=DGC2LI kind="action" lock_ms=8 ai_actions=0
2026-10-02T16:54:16.174813Z  INFO ws_message:game_session{game=DGC2LI player=PlayerId(2)}: server_core::session: action applied game=DGC2LI player=PlayerId(2) action_type="PassPriority" event_count=1
2026-10-02T16:54:16.179536Z  INFO ws_message:game_session{game=DGC2LI player=PlayerId(2)}: phase_server: game submission processed (lock held) game=DGC2LI kind="action" lock_ms=9 ai_actions=0
2026-10-02T16:54:17.184364Z  INFO ws_message:game_session{game=DGC2LI player=PlayerId(0)}: server_core::session: action applied game=DGC2LI player=PlayerId(0) action_type="PassPriority" event_count=1
2026-10-02T16:54:17.192222Z  INFO ws_message:game_session{game=DGC2LI player=PlayerId(0)}: phase_server: game submission processed (lock held) game=DGC2LI kind="action" lock_ms=12 ai_actions=0
2026-10-02T16:54:18.188973Z  INFO ws_message:game_session{game=DGC2LI player=PlayerId(1)}: server_core::session: action applied game=DGC2LI player=PlayerId(1) action_type="PassPriority" event_count=1
2026-10-02T16:54:18.193667Z  INFO ws_message:game_session{game=DGC2LI player=PlayerId(1)}: phase_server: game submission processed (lock held) game=DGC2LI kind="action" lock_ms=8 ai_actions=0
2026-10-02T16:54:19.192554Z  INFO ws_message:game_session{game=DGC2LI player=PlayerId(2)}: server_core::session: action applied game=DGC2LI player=PlayerId(2) action_type="PassPriority" event_count=1
2026-10-02T16:54:19.197779Z  INFO ws_message:game_session{game=DGC2LI player=PlayerId(2)}: phase_server: game submission processed (lock held) game=DGC2LI kind="action" lock_ms=9 ai_actions=0
2026-10-02T16:54:20.191845Z  INFO ws_message:game_session{game=DGC2LI player=PlayerId(0)}: server_core::session: action applied game=DGC2LI player=PlayerId(0) action_type="PassPriority" event_count=1
2026-10-02T16:54:20.244727Z  INFO ws_message:game_session{game=DGC2LI player=PlayerId(0)}: phase_server: game submission processed (lock held) game=DGC2LI kind="action" lock_ms=53 ai_actions=0
2026-10-02T16:54:21.308134Z  INFO ws_message:game_session{game=DGC2LI player=PlayerId(1)}: server_core::session: action applied game=DGC2LI player=PlayerId(1) action_type="DeclareAttackers" event_count=5
2026-10-02T16:54:21.313527Z  INFO ws_message:game_session{game=DGC2LI player=PlayerId(1)}: phase_server: game submission processed (lock held) game=DGC2LI kind="action" lock_ms=13 ai_actions=0
2026-10-02T16:54:22.350054Z  INFO ws_message:game_session{game=DGC2LI player=PlayerId(1)}: server_core::session: action applied game=DGC2LI player=PlayerId(1) action_type="PassPriority" event_count=1
2026-10-02T16:54:22.355251Z  INFO ws_message:game_session{game=DGC2LI player=PlayerId(1)}: phase_server: game submission processed (lock held) game=DGC2LI kind="action" lock_ms=10 ai_actions=0
2026-10-02T16:54:23.351974Z  INFO ws_message:game_session{game=DGC2LI player=PlayerId(2)}: server_core::session: action applied game=DGC2LI player=PlayerId(2) action_type="PassPriority" event_count=1
2026-10-02T16:54:23.353720Z  INFO ws_message:game_session{game=DGC2LI player=PlayerId(2)}: phase_server: game submission processed (lock held) game=DGC2LI kind="action" lock_ms=5 ai_actions=0
2026-10-02T16:54:24.357774Z  INFO ws_message:game_session{game=DGC2LI player=PlayerId(0)}: server_core::session: action applied game=DGC2LI player=PlayerId(0) action_type="PassPriority" event_count=1
2026-10-02T16:54:24.362946Z  INFO ws_message:game_session{game=DGC2LI player=PlayerId(0)}: phase_server: game submission processed (lock held) game=DGC2LI kind="action" lock_ms=9 ai_actions=0
2026-10-02T16:54:25.362935Z  INFO ws_message:game_session{game=DGC2LI player=PlayerId(1)}: server_core::session: action applied game=DGC2LI player=PlayerId(1) action_type="PassPriority" event_count=1
2026-10-02T16:54:25.368067Z  INFO ws_message:game_session{game=DGC2LI player=PlayerId(1)}: phase_server: game submission processed (lock held) game=DGC2LI kind="action" lock_ms=9 ai_actions=0
2026-10-02T16:54:26.367032Z  INFO ws_message:game_session{game=DGC2LI player=PlayerId(2)}: server_core::session: action applied game=DGC2LI player=PlayerId(2) action_type="PassPriority" event_count=1
2026-10-02T16:54:26.373412Z  INFO ws_message:game_session{game=DGC2LI player=PlayerId(2)}: phase_server: game submission processed (lock held) game=DGC2LI kind="action" lock_ms=11 ai_actions=0
2026-10-02T16:54:27.369283Z  INFO ws_message:game_session{game=DGC2LI player=PlayerId(0)}: server_core::session: action applied game=DGC2LI player=PlayerId(0) action_type="PassPriority" event_count=2
2026-10-02T16:54:27.376217Z  INFO ws_message:game_session{game=DGC2LI player=PlayerId(0)}: phase_server: game submission processed (lock held) game=DGC2LI kind="action" lock_ms=9 ai_actions=0
2026-10-02T16:54:28.375740Z  INFO ws_message:game_session{game=DGC2LI player=PlayerId(1)}: server_core::session: action applied game=DGC2LI player=PlayerId(1) action_type="PassPriority" event_count=1
2026-10-02T16:54:28.380744Z  INFO ws_message:game_session{game=DGC2LI player=PlayerId(1)}: phase_server: game submission processed (lock held) game=DGC2LI kind="action" lock_ms=9 ai_actions=0
2026-10-02T16:54:29.380561Z  INFO ws_message:game_session{game=DGC2LI player=PlayerId(2)}: server_core::session: action applied game=DGC2LI player=PlayerId(2) action_type="PassPriority" event_count=1
2026-10-02T16:54:29.386264Z  INFO ws_message:game_session{game=DGC2LI player=PlayerId(2)}: phase_server: game submission processed (lock held) game=DGC2LI kind="action" lock_ms=10 ai_actions=0
2026-10-02T16:54:30.384991Z  INFO ws_message:game_session{game=DGC2LI player=PlayerId(0)}: server_core::session: action applied game=DGC2LI player=PlayerId(0) action_type="PassPriority" event_count=8
2026-10-02T16:54:30.390571Z  INFO ws_message:game_session{game=DGC2LI player=PlayerId(0)}: phase_server: game submission processed (lock held) game=DGC2LI kind="action" lock_ms=10 ai_actions=0
2026-10-02T16:54:31.388686Z  INFO ws_message:game_session{game=DGC2LI player=PlayerId(1)}: server_core::session: action applied game=DGC2LI player=PlayerId(1) action_type="PassPriority" event_count=1
2026-10-02T16:54:31.394912Z  INFO ws_message:game_session{game=DGC2LI player=PlayerId(1)}: phase_server: game submission processed (lock held) game=DGC2LI kind="action" lock_ms=10 ai_actions=0
2026-10-02T16:54:32.394874Z  INFO ws_message:game_session{game=DGC2LI player=PlayerId(2)}: server_core::session: action applied game=DGC2LI player=PlayerId(2) action_type="PassPriority" event_count=1
2026-10-02T16:54:32.400764Z  INFO ws_message:game_session{game=DGC2LI player=PlayerId(2)}: phase_server: game submission processed (lock held) game=DGC2LI kind="action" lock_ms=9 ai_actions=0
2026-10-02T16:54:33.400781Z  INFO ws_message:game_session{game=DGC2LI player=PlayerId(0)}: server_core::session: action applied game=DGC2LI player=PlayerId(0) action_type="PassPriority" event_count=1
2026-10-02T16:54:33.406341Z  INFO ws_message:game_session{game=DGC2LI player=PlayerId(0)}: phase_server: game submission processed (lock held) game=DGC2LI kind="action" lock_ms=12 ai_actions=0
2026-10-02T16:54:34.402027Z  INFO ws_message:game_session{game=DGC2LI player=PlayerId(1)}: server_core::session: action applied game=DGC2LI player=PlayerId(1) action_type="PassPriority" event_count=1
2026-10-02T16:54:34.407109Z  INFO ws_message:game_session{game=DGC2LI player=PlayerId(1)}: phase_server: game submission processed (lock held) game=DGC2LI kind="action" lock_ms=8 ai_actions=0
2026-10-02T16:54:35.409153Z  INFO ws_message:game_session{game=DGC2LI player=PlayerId(2)}: server_core::session: action applied game=DGC2LI player=PlayerId(2) action_type="PassPriority" event_count=1
2026-10-02T16:54:35.415432Z  INFO ws_message:game_session{game=DGC2LI player=PlayerId(2)}: phase_server: game submission processed (lock held) game=DGC2LI kind="action" lock_ms=13 ai_actions=0
2026-10-02T16:54:36.412742Z  INFO ws_message:game_session{game=DGC2LI player=PlayerId(0)}: server_core::session: action applied game=DGC2LI player=PlayerId(0) action_type="PassPriority" event_count=1
2026-10-02T16:54:36.417659Z  INFO ws_message:game_session{game=DGC2LI player=PlayerId(0)}: phase_server: game submission processed (lock held) game=DGC2LI kind="action" lock_ms=10 ai_actions=0
2026-10-02T16:54:37.416211Z  INFO ws_message:game_session{game=DGC2LI player=PlayerId(1)}: server_core::session: action applied game=DGC2LI player=PlayerId(1) action_type="PassPriority" event_count=1
2026-10-02T16:54:37.421192Z  INFO ws_message:game_session{game=DGC2LI player=PlayerId(1)}: phase_server: game submission processed (lock held) game=DGC2LI kind="action" lock_ms=8 ai_actions=0
2026-10-02T16:54:38.423856Z  INFO ws_message:game_session{game=DGC2LI player=PlayerId(2)}: server_core::session: action applied game=DGC2LI player=PlayerId(2) action_type="PassPriority" event_count=1
2026-10-02T16:54:38.430537Z  INFO ws_message:game_session{game=DGC2LI player=PlayerId(2)}: phase_server: game submission processed (lock held) game=DGC2LI kind="action" lock_ms=11 ai_actions=0
2026-10-02T16:54:39.450658Z  INFO ws_message:game_session{game=DGC2LI player=PlayerId(0)}: server_core::session: action applied game=DGC2LI player=PlayerId(0) action_type="PassPriority" event_count=1
2026-10-02T16:54:39.456457Z  INFO ws_message:game_session{game=DGC2LI player=PlayerId(0)}: phase_server: game submission processed (lock held) game=DGC2LI kind="action" lock_ms=32 ai_actions=0
2026-10-02T16:54:40.435508Z  INFO ws_message:game_session{game=DGC2LI player=PlayerId(1)}: server_core::session: action applied game=DGC2LI player=PlayerId(1) action_type="PassPriority" event_count=1
2026-10-02T16:54:40.442114Z  INFO ws_message:game_session{game=DGC2LI player=PlayerId(1)}: phase_server: game submission processed (lock held) game=DGC2LI kind="action" lock_ms=12 ai_actions=0
2026-10-02T16:54:41.441886Z  INFO ws_message:game_session{game=DGC2LI player=PlayerId(2)}: server_core::session: action applied game=DGC2LI player=PlayerId(2) action_type="PassPriority" event_count=1
2026-10-02T16:54:41.450347Z  INFO ws_message:game_session{game=DGC2LI player=PlayerId(2)}: phase_server: game submission processed (lock held) game=DGC2LI kind="action" lock_ms=14 ai_actions=0
2026-10-02T16:54:42.446941Z  INFO ws_message:game_session{game=DGC2LI player=PlayerId(0)}: server_core::session: action applied game=DGC2LI player=PlayerId(0) action_type="PassPriority" event_count=4
2026-10-02T16:54:42.455986Z  INFO ws_message:game_session{game=DGC2LI player=PlayerId(0)}: phase_server: game submission processed (lock held) game=DGC2LI kind="action" lock_ms=16 ai_actions=0
2026-10-02T16:54:43.092969Z  INFO phase_server: client disconnected game=Some("DGC2LI") player=Some(PlayerId(0))
2026-10-02T16:54:43.093105Z  INFO server_core::session: player disconnected game=DGC2LI player=PlayerId(0)
2026-10-02T16:54:43.094010Z  INFO phase_server: client disconnected game=Some("DGC2LI") player=Some(PlayerId(1))
2026-10-02T16:54:43.094066Z  INFO server_core::session: player disconnected game=DGC2LI player=PlayerId(1)
2026-10-02T16:54:43.094720Z  INFO phase_server: client disconnected game=Some("DGC2LI") player=Some(PlayerId(2))
2026-10-02T16:54:43.094757Z  INFO server_core::session: player disconnected game=DGC2LI player=PlayerId(2)
