# server.log excerpt for #6986 run 20261008-6986: game C4G4TU (v0.103.0/ec27a8d, protocol 106). Shared server started 2026-10-08 03:42 CDT; excerpt covers this game's session.
2026-10-08T09:16:35.309836Z  INFO ws_message: server_core::session: game session created game=C4G4TU player_count=2
2026-10-08T09:16:35.332220Z  INFO ws_message: phase_server: game created via lobby game=C4G4TU host=P06986r players=2
2026-10-08T09:16:35.413308Z  INFO phase_server: client connected online_count=2
2026-10-08T09:16:35.413990Z  INFO ws_message: phase_server: ClientHello accepted version=driver-0.1 commit=driver
2026-10-08T09:16:35.414257Z  INFO ws_message: phase_server: JoinGameWithPassword game=C4G4TU joiner=P16986r
2026-10-08T09:16:35.414676Z  INFO ws_message: server_core::session: player joined session game=C4G4TU player=PlayerId(1) seat=1
2026-10-08T09:16:35.447268Z  INFO ws_message: phase_server: player joined game=C4G4TU player=PlayerId(1)
2026-10-08T09:16:35.712819Z  WARN phase_server: Full snapshot was no longer current game=C4G4TU disposition=SupersededOrRetired
2026-10-08T09:16:35.965576Z  INFO ws_message:game_session{game=C4G4TU player=PlayerId(0)}: server_core::session: action applied game=C4G4TU player=PlayerId(0) action_type="MulliganDecision" event_count=15
2026-10-08T09:16:36.001413Z  INFO ws_message:game_session{game=C4G4TU player=PlayerId(0)}: phase_server: game submission processed (lock held) game=C4G4TU kind="action" lock_ms=45 ai_actions=0
2026-10-08T09:16:36.066921Z  INFO ws_message:game_session{game=C4G4TU player=PlayerId(1)}: server_core::session: action applied game=C4G4TU player=PlayerId(1) action_type="MulliganDecision" event_count=0
2026-10-08T09:16:36.072966Z  INFO ws_message:game_session{game=C4G4TU player=PlayerId(1)}: phase_server: game submission processed (lock held) game=C4G4TU kind="action" lock_ms=6 ai_actions=0
2026-10-08T09:16:36.219761Z  INFO ws_message:game_session{game=C4G4TU player=PlayerId(0)}: server_core::session: action applied game=C4G4TU player=PlayerId(0) action_type="MulliganDecision" event_count=15
2026-10-08T09:16:36.236857Z  INFO ws_message:game_session{game=C4G4TU player=PlayerId(0)}: phase_server: game submission processed (lock held) game=C4G4TU kind="action" lock_ms=27 ai_actions=0
2026-10-08T09:16:36.460797Z  INFO ws_message:game_session{game=C4G4TU player=PlayerId(0)}: server_core::session: action applied game=C4G4TU player=PlayerId(0) action_type="MulliganDecision" event_count=0
2026-10-08T09:16:36.534096Z  INFO ws_message:game_session{game=C4G4TU player=PlayerId(0)}: phase_server: game submission processed (lock held) game=C4G4TU kind="action" lock_ms=73 ai_actions=0
2026-10-08T09:16:36.739052Z  INFO ws_message:game_session{game=C4G4TU player=PlayerId(0)}: server_core::session: interaction applied game=C4G4TU player=PlayerId(0) action_type="SelectCards" event_count=3
2026-10-08T09:16:36.740498Z  INFO ws_message:game_session{game=C4G4TU player=PlayerId(0)}: phase_server: game submission processed (lock held) game=C4G4TU kind="interaction" lock_ms=28 ai_actions=0
2026-10-08T09:16:36.969431Z  INFO ws_message:game_session{game=C4G4TU player=PlayerId(0)}: server_core::session: action applied game=C4G4TU player=PlayerId(0) action_type="PassPriority" event_count=1
2026-10-08T09:16:36.972842Z  INFO ws_message:game_session{game=C4G4TU player=PlayerId(0)}: phase_server: game submission processed (lock held) game=C4G4TU kind="action" lock_ms=4 ai_actions=0
2026-10-08T09:16:37.226278Z  INFO ws_message:game_session{game=C4G4TU player=PlayerId(1)}: server_core::session: action applied game=C4G4TU player=PlayerId(1) action_type="PassPriority" event_count=2
2026-10-08T09:16:37.243028Z  INFO ws_message:game_session{game=C4G4TU player=PlayerId(1)}: phase_server: game submission processed (lock held) game=C4G4TU kind="action" lock_ms=17 ai_actions=0
2026-10-08T09:16:37.481200Z  INFO ws_message:game_session{game=C4G4TU player=PlayerId(0)}: server_core::session: action applied game=C4G4TU player=PlayerId(0) action_type="PlayLand" event_count=2
2026-10-08T09:16:37.486129Z  INFO ws_message:game_session{game=C4G4TU player=PlayerId(0)}: phase_server: game submission processed (lock held) game=C4G4TU kind="action" lock_ms=9 ai_actions=0
2026-10-08T09:16:37.730753Z  INFO ws_message:game_session{game=C4G4TU player=PlayerId(0)}: server_core::session: action applied game=C4G4TU player=PlayerId(0) action_type="PassPriority" event_count=1
2026-10-08T09:16:37.733236Z  INFO ws_message:game_session{game=C4G4TU player=PlayerId(0)}: phase_server: game submission processed (lock held) game=C4G4TU kind="action" lock_ms=4 ai_actions=0
2026-10-08T09:16:37.981933Z  INFO ws_message:game_session{game=C4G4TU player=PlayerId(1)}: server_core::session: action applied game=C4G4TU player=PlayerId(1) action_type="PassPriority" event_count=1
2026-10-08T09:16:37.985255Z  INFO ws_message:game_session{game=C4G4TU player=PlayerId(1)}: phase_server: game submission processed (lock held) game=C4G4TU kind="action" lock_ms=4 ai_actions=0
2026-10-08T09:16:38.233420Z  INFO ws_message:game_session{game=C4G4TU player=PlayerId(0)}: server_core::session: action applied game=C4G4TU player=PlayerId(0) action_type="PassPriority" event_count=1
2026-10-08T09:16:38.235287Z  INFO ws_message:game_session{game=C4G4TU player=PlayerId(0)}: phase_server: game submission processed (lock held) game=C4G4TU kind="action" lock_ms=2 ai_actions=0
2026-10-08T09:16:38.488315Z  INFO ws_message:game_session{game=C4G4TU player=PlayerId(1)}: server_core::session: action applied game=C4G4TU player=PlayerId(1) action_type="PassPriority" event_count=3
2026-10-08T09:16:38.490725Z  INFO ws_message:game_session{game=C4G4TU player=PlayerId(1)}: phase_server: game submission processed (lock held) game=C4G4TU kind="action" lock_ms=6 ai_actions=0
2026-10-08T09:16:38.746882Z  INFO ws_message:game_session{game=C4G4TU player=PlayerId(0)}: server_core::session: action applied game=C4G4TU player=PlayerId(0) action_type="PassPriority" event_count=1
2026-10-08T09:16:38.749525Z  INFO ws_message:game_session{game=C4G4TU player=PlayerId(0)}: phase_server: game submission processed (lock held) game=C4G4TU kind="action" lock_ms=12 ai_actions=0
2026-10-08T09:16:38.996700Z  INFO ws_message:game_session{game=C4G4TU player=PlayerId(1)}: server_core::session: action applied game=C4G4TU player=PlayerId(1) action_type="PassPriority" event_count=1
2026-10-08T09:16:39.009050Z  INFO ws_message:game_session{game=C4G4TU player=PlayerId(1)}: phase_server: game submission processed (lock held) game=C4G4TU kind="action" lock_ms=20 ai_actions=0
2026-10-08T09:16:39.245963Z  INFO ws_message:game_session{game=C4G4TU player=PlayerId(0)}: server_core::session: action applied game=C4G4TU player=PlayerId(0) action_type="PassPriority" event_count=1
2026-10-08T09:16:39.248010Z  INFO ws_message:game_session{game=C4G4TU player=PlayerId(0)}: phase_server: game submission processed (lock held) game=C4G4TU kind="action" lock_ms=5 ai_actions=0
2026-10-08T09:16:39.497158Z  INFO ws_message:game_session{game=C4G4TU player=PlayerId(1)}: server_core::session: action applied game=C4G4TU player=PlayerId(1) action_type="PassPriority" event_count=1
2026-10-08T09:16:39.499577Z  INFO ws_message:game_session{game=C4G4TU player=PlayerId(1)}: phase_server: game submission processed (lock held) game=C4G4TU kind="action" lock_ms=6 ai_actions=0
2026-10-08T09:16:40.710014Z  INFO ws_message:game_session{game=C4G4TU player=PlayerId(0)}: server_core::session: action applied game=C4G4TU player=PlayerId(0) action_type="PassPriority" event_count=1
2026-10-08T09:16:40.712435Z  INFO ws_message:game_session{game=C4G4TU player=PlayerId(0)}: phase_server: game submission processed (lock held) game=C4G4TU kind="action" lock_ms=4 ai_actions=0
2026-10-08T09:16:40.964086Z  INFO ws_message:game_session{game=C4G4TU player=PlayerId(1)}: server_core::session: action applied game=C4G4TU player=PlayerId(1) action_type="PassPriority" event_count=4
2026-10-08T09:16:40.965155Z  INFO ws_message:game_session{game=C4G4TU player=PlayerId(1)}: phase_server: game submission processed (lock held) game=C4G4TU kind="action" lock_ms=5 ai_actions=0
2026-10-08T09:16:41.212813Z  INFO ws_message:game_session{game=C4G4TU player=PlayerId(1)}: server_core::session: action applied game=C4G4TU player=PlayerId(1) action_type="PassPriority" event_count=1
2026-10-08T09:16:41.214933Z  INFO ws_message:game_session{game=C4G4TU player=PlayerId(1)}: phase_server: game submission processed (lock held) game=C4G4TU kind="action" lock_ms=3 ai_actions=0
2026-10-08T09:16:41.467732Z  INFO ws_message:game_session{game=C4G4TU player=PlayerId(0)}: server_core::session: action applied game=C4G4TU player=PlayerId(0) action_type="PassPriority" event_count=4
2026-10-08T09:16:41.468772Z  INFO ws_message:game_session{game=C4G4TU player=PlayerId(0)}: phase_server: game submission processed (lock held) game=C4G4TU kind="action" lock_ms=5 ai_actions=0
2026-10-08T09:16:41.715128Z  INFO ws_message:game_session{game=C4G4TU player=PlayerId(1)}: server_core::session: action applied game=C4G4TU player=PlayerId(1) action_type="PassPriority" event_count=1
2026-10-08T09:16:41.717983Z  INFO ws_message:game_session{game=C4G4TU player=PlayerId(1)}: phase_server: game submission processed (lock held) game=C4G4TU kind="action" lock_ms=3 ai_actions=0
2026-10-08T09:16:41.966712Z  INFO ws_message:game_session{game=C4G4TU player=PlayerId(0)}: server_core::session: action applied game=C4G4TU player=PlayerId(0) action_type="PassPriority" event_count=1
2026-10-08T09:16:41.998685Z  INFO ws_message:game_session{game=C4G4TU player=PlayerId(0)}: phase_server: game submission processed (lock held) game=C4G4TU kind="action" lock_ms=33 ai_actions=0
2026-10-08T09:16:42.221690Z  INFO ws_message:game_session{game=C4G4TU player=PlayerId(1)}: server_core::session: action applied game=C4G4TU player=PlayerId(1) action_type="PlayLand" event_count=2
2026-10-08T09:16:42.224073Z  INFO ws_message:game_session{game=C4G4TU player=PlayerId(1)}: phase_server: game submission processed (lock held) game=C4G4TU kind="action" lock_ms=6 ai_actions=0
2026-10-08T09:16:42.471280Z  INFO ws_message:game_session{game=C4G4TU player=PlayerId(1)}: server_core::session: action applied game=C4G4TU player=PlayerId(1) action_type="PassPriority" event_count=1
2026-10-08T09:16:42.473506Z  INFO ws_message:game_session{game=C4G4TU player=PlayerId(1)}: phase_server: game submission processed (lock held) game=C4G4TU kind="action" lock_ms=4 ai_actions=0
2026-10-08T09:16:42.722593Z  INFO ws_message:game_session{game=C4G4TU player=PlayerId(0)}: server_core::session: action applied game=C4G4TU player=PlayerId(0) action_type="PassPriority" event_count=1
2026-10-08T09:16:42.724776Z  INFO ws_message:game_session{game=C4G4TU player=PlayerId(0)}: phase_server: game submission processed (lock held) game=C4G4TU kind="action" lock_ms=3 ai_actions=0
2026-10-08T09:16:42.975669Z  INFO ws_message:game_session{game=C4G4TU player=PlayerId(1)}: server_core::session: action applied game=C4G4TU player=PlayerId(1) action_type="PassPriority" event_count=1
2026-10-08T09:16:42.978335Z  INFO ws_message:game_session{game=C4G4TU player=PlayerId(1)}: phase_server: game submission processed (lock held) game=C4G4TU kind="action" lock_ms=5 ai_actions=0
2026-10-08T09:16:43.228636Z  INFO ws_message:game_session{game=C4G4TU player=PlayerId(0)}: server_core::session: action applied game=C4G4TU player=PlayerId(0) action_type="PassPriority" event_count=3
2026-10-08T09:16:43.230744Z  INFO ws_message:game_session{game=C4G4TU player=PlayerId(0)}: phase_server: game submission processed (lock held) game=C4G4TU kind="action" lock_ms=6 ai_actions=0
2026-10-08T09:16:43.478088Z  INFO ws_message:game_session{game=C4G4TU player=PlayerId(1)}: server_core::session: action applied game=C4G4TU player=PlayerId(1) action_type="PassPriority" event_count=1
2026-10-08T09:16:43.480067Z  INFO ws_message:game_session{game=C4G4TU player=PlayerId(1)}: phase_server: game submission processed (lock held) game=C4G4TU kind="action" lock_ms=3 ai_actions=0
2026-10-08T09:16:43.732162Z  INFO ws_message:game_session{game=C4G4TU player=PlayerId(0)}: server_core::session: action applied game=C4G4TU player=PlayerId(0) action_type="PassPriority" event_count=1
2026-10-08T09:16:43.735148Z  INFO ws_message:game_session{game=C4G4TU player=PlayerId(0)}: phase_server: game submission processed (lock held) game=C4G4TU kind="action" lock_ms=6 ai_actions=0
2026-10-08T09:16:43.982098Z  INFO ws_message:game_session{game=C4G4TU player=PlayerId(1)}: server_core::session: action applied game=C4G4TU player=PlayerId(1) action_type="PassPriority" event_count=1
2026-10-08T09:16:43.984253Z  INFO ws_message:game_session{game=C4G4TU player=PlayerId(1)}: phase_server: game submission processed (lock held) game=C4G4TU kind="action" lock_ms=4 ai_actions=0
2026-10-08T09:16:44.234728Z  INFO ws_message:game_session{game=C4G4TU player=PlayerId(0)}: server_core::session: action applied game=C4G4TU player=PlayerId(0) action_type="PassPriority" event_count=1
2026-10-08T09:16:44.236884Z  INFO ws_message:game_session{game=C4G4TU player=PlayerId(0)}: phase_server: game submission processed (lock held) game=C4G4TU kind="action" lock_ms=5 ai_actions=0
2026-10-08T09:16:44.483660Z  INFO ws_message:game_session{game=C4G4TU player=PlayerId(1)}: server_core::session: action applied game=C4G4TU player=PlayerId(1) action_type="PassPriority" event_count=1
2026-10-08T09:16:44.485803Z  INFO ws_message:game_session{game=C4G4TU player=PlayerId(1)}: phase_server: game submission processed (lock held) game=C4G4TU kind="action" lock_ms=3 ai_actions=0
2026-10-08T09:16:44.762493Z  INFO ws_message:game_session{game=C4G4TU player=PlayerId(0)}: server_core::session: action applied game=C4G4TU player=PlayerId(0) action_type="PassPriority" event_count=4
2026-10-08T09:16:44.770474Z  INFO ws_message:game_session{game=C4G4TU player=PlayerId(0)}: phase_server: game submission processed (lock held) game=C4G4TU kind="action" lock_ms=33 ai_actions=0
2026-10-08T09:16:44.988353Z  INFO ws_message:game_session{game=C4G4TU player=PlayerId(0)}: server_core::session: action applied game=C4G4TU player=PlayerId(0) action_type="PassPriority" event_count=1
2026-10-08T09:16:44.990481Z  INFO ws_message:game_session{game=C4G4TU player=PlayerId(0)}: phase_server: game submission processed (lock held) game=C4G4TU kind="action" lock_ms=3 ai_actions=0
2026-10-08T09:16:45.244049Z  INFO ws_message:game_session{game=C4G4TU player=PlayerId(1)}: server_core::session: action applied game=C4G4TU player=PlayerId(1) action_type="PassPriority" event_count=4
2026-10-08T09:16:45.246404Z  INFO ws_message:game_session{game=C4G4TU player=PlayerId(1)}: phase_server: game submission processed (lock held) game=C4G4TU kind="action" lock_ms=7 ai_actions=0
2026-10-08T09:16:45.491324Z  INFO ws_message:game_session{game=C4G4TU player=PlayerId(0)}: server_core::session: action applied game=C4G4TU player=PlayerId(0) action_type="PassPriority" event_count=1
2026-10-08T09:16:45.494611Z  INFO ws_message:game_session{game=C4G4TU player=PlayerId(0)}: phase_server: game submission processed (lock held) game=C4G4TU kind="action" lock_ms=4 ai_actions=0
2026-10-08T09:16:45.744556Z  INFO ws_message:game_session{game=C4G4TU player=PlayerId(1)}: server_core::session: action applied game=C4G4TU player=PlayerId(1) action_type="PassPriority" event_count=1
2026-10-08T09:16:45.765234Z  INFO ws_message:game_session{game=C4G4TU player=PlayerId(1)}: phase_server: game submission processed (lock held) game=C4G4TU kind="action" lock_ms=21 ai_actions=0
2026-10-08T09:16:45.999301Z  INFO ws_message:game_session{game=C4G4TU player=PlayerId(0)}: server_core::session: action applied game=C4G4TU player=PlayerId(0) action_type="PlayLand" event_count=2
2026-10-08T09:16:46.004955Z  INFO ws_message:game_session{game=C4G4TU player=PlayerId(0)}: phase_server: game submission processed (lock held) game=C4G4TU kind="action" lock_ms=10 ai_actions=0
2026-10-08T09:16:46.256142Z  INFO ws_message:game_session{game=C4G4TU player=PlayerId(0)}: server_core::session: action applied game=C4G4TU player=PlayerId(0) action_type="CastSpell" event_count=14
2026-10-08T09:16:46.256954Z  INFO ws_message:game_session{game=C4G4TU player=PlayerId(0)}: phase_server: game submission processed (lock held) game=C4G4TU kind="action" lock_ms=11 ai_actions=0
2026-10-08T09:16:46.499447Z  INFO ws_message:game_session{game=C4G4TU player=PlayerId(0)}: server_core::session: action applied game=C4G4TU player=PlayerId(0) action_type="PassPriority" event_count=1
2026-10-08T09:16:46.501778Z  INFO ws_message:game_session{game=C4G4TU player=PlayerId(0)}: phase_server: game submission processed (lock held) game=C4G4TU kind="action" lock_ms=3 ai_actions=0
2026-10-08T09:16:46.752535Z  INFO ws_message:game_session{game=C4G4TU player=PlayerId(1)}: server_core::session: action applied game=C4G4TU player=PlayerId(1) action_type="PassPriority" event_count=2
2026-10-08T09:16:46.753973Z  INFO ws_message:game_session{game=C4G4TU player=PlayerId(1)}: phase_server: game submission processed (lock held) game=C4G4TU kind="action" lock_ms=4 ai_actions=0
2026-10-08T09:16:47.003054Z  INFO ws_message:game_session{game=C4G4TU player=PlayerId(0)}: server_core::session: action applied game=C4G4TU player=PlayerId(0) action_type="PassPriority" event_count=1
2026-10-08T09:16:47.005480Z  INFO ws_message:game_session{game=C4G4TU player=PlayerId(0)}: phase_server: game submission processed (lock held) game=C4G4TU kind="action" lock_ms=3 ai_actions=0
2026-10-08T09:16:47.255203Z  INFO ws_message:game_session{game=C4G4TU player=PlayerId(1)}: server_core::session: action applied game=C4G4TU player=PlayerId(1) action_type="PassPriority" event_count=1
2026-10-08T09:16:47.256483Z  INFO ws_message:game_session{game=C4G4TU player=PlayerId(1)}: phase_server: game submission processed (lock held) game=C4G4TU kind="action" lock_ms=3 ai_actions=0
2026-10-08T09:16:47.505709Z  INFO ws_message:game_session{game=C4G4TU player=PlayerId(0)}: server_core::session: action applied game=C4G4TU player=PlayerId(0) action_type="PassPriority" event_count=1
2026-10-08T09:16:47.508072Z  INFO ws_message:game_session{game=C4G4TU player=PlayerId(0)}: phase_server: game submission processed (lock held) game=C4G4TU kind="action" lock_ms=3 ai_actions=0
2026-10-08T09:16:47.761498Z  INFO ws_message:game_session{game=C4G4TU player=PlayerId(1)}: server_core::session: action applied game=C4G4TU player=PlayerId(1) action_type="PassPriority" event_count=3
2026-10-08T09:16:47.762748Z  INFO ws_message:game_session{game=C4G4TU player=PlayerId(1)}: phase_server: game submission processed (lock held) game=C4G4TU kind="action" lock_ms=7 ai_actions=0
2026-10-08T09:16:48.008703Z  INFO ws_message:game_session{game=C4G4TU player=PlayerId(0)}: server_core::session: action applied game=C4G4TU player=PlayerId(0) action_type="PassPriority" event_count=1
2026-10-08T09:16:48.011051Z  INFO ws_message:game_session{game=C4G4TU player=PlayerId(0)}: phase_server: game submission processed (lock held) game=C4G4TU kind="action" lock_ms=3 ai_actions=0
2026-10-08T09:16:48.262601Z  INFO ws_message:game_session{game=C4G4TU player=PlayerId(1)}: server_core::session: action applied game=C4G4TU player=PlayerId(1) action_type="PassPriority" event_count=1
2026-10-08T09:16:48.264180Z  INFO ws_message:game_session{game=C4G4TU player=PlayerId(1)}: phase_server: game submission processed (lock held) game=C4G4TU kind="action" lock_ms=5 ai_actions=0
2026-10-08T09:16:48.512195Z  INFO ws_message:game_session{game=C4G4TU player=PlayerId(0)}: server_core::session: action applied game=C4G4TU player=PlayerId(0) action_type="PassPriority" event_count=1
2026-10-08T09:16:48.514592Z  INFO ws_message:game_session{game=C4G4TU player=PlayerId(0)}: phase_server: game submission processed (lock held) game=C4G4TU kind="action" lock_ms=3 ai_actions=0
2026-10-08T09:16:48.765715Z  INFO ws_message:game_session{game=C4G4TU player=PlayerId(1)}: server_core::session: action applied game=C4G4TU player=PlayerId(1) action_type="PassPriority" event_count=1
2026-10-08T09:16:48.766860Z  INFO ws_message:game_session{game=C4G4TU player=PlayerId(1)}: phase_server: game submission processed (lock held) game=C4G4TU kind="action" lock_ms=4 ai_actions=0
2026-10-08T09:16:49.015973Z  INFO ws_message:game_session{game=C4G4TU player=PlayerId(0)}: server_core::session: action applied game=C4G4TU player=PlayerId(0) action_type="PassPriority" event_count=1
2026-10-08T09:16:49.018264Z  INFO ws_message:game_session{game=C4G4TU player=PlayerId(0)}: phase_server: game submission processed (lock held) game=C4G4TU kind="action" lock_ms=4 ai_actions=0
2026-10-08T09:16:49.271032Z  INFO ws_message:game_session{game=C4G4TU player=PlayerId(1)}: server_core::session: action applied game=C4G4TU player=PlayerId(1) action_type="PassPriority" event_count=4
2026-10-08T09:16:49.272168Z  INFO ws_message:game_session{game=C4G4TU player=PlayerId(1)}: phase_server: game submission processed (lock held) game=C4G4TU kind="action" lock_ms=6 ai_actions=0
2026-10-08T09:16:49.519874Z  INFO ws_message:game_session{game=C4G4TU player=PlayerId(1)}: server_core::session: action applied game=C4G4TU player=PlayerId(1) action_type="PassPriority" event_count=1
2026-10-08T09:16:49.521414Z  INFO ws_message:game_session{game=C4G4TU player=PlayerId(1)}: phase_server: game submission processed (lock held) game=C4G4TU kind="action" lock_ms=4 ai_actions=0
2026-10-08T09:16:49.815958Z  INFO ws_message:game_session{game=C4G4TU player=PlayerId(0)}: server_core::session: action applied game=C4G4TU player=PlayerId(0) action_type="PassPriority" event_count=4
2026-10-08T09:16:49.819387Z  INFO ws_message:game_session{game=C4G4TU player=PlayerId(0)}: phase_server: game submission processed (lock held) game=C4G4TU kind="action" lock_ms=49 ai_actions=0
2026-10-08T09:16:50.022295Z  INFO ws_message:game_session{game=C4G4TU player=PlayerId(1)}: server_core::session: action applied game=C4G4TU player=PlayerId(1) action_type="PassPriority" event_count=1
2026-10-08T09:16:50.023818Z  INFO ws_message:game_session{game=C4G4TU player=PlayerId(1)}: phase_server: game submission processed (lock held) game=C4G4TU kind="action" lock_ms=3 ai_actions=0
2026-10-08T09:16:50.275327Z  INFO ws_message:game_session{game=C4G4TU player=PlayerId(0)}: server_core::session: action applied game=C4G4TU player=PlayerId(0) action_type="PassPriority" event_count=1
2026-10-08T09:16:50.306396Z  INFO ws_message:game_session{game=C4G4TU player=PlayerId(0)}: phase_server: game submission processed (lock held) game=C4G4TU kind="action" lock_ms=32 ai_actions=0
2026-10-08T09:16:50.532189Z  INFO ws_message:game_session{game=C4G4TU player=PlayerId(1)}: server_core::session: action applied game=C4G4TU player=PlayerId(1) action_type="PlayLand" event_count=2
2026-10-08T09:16:50.536390Z  INFO ws_message:game_session{game=C4G4TU player=PlayerId(1)}: phase_server: game submission processed (lock held) game=C4G4TU kind="action" lock_ms=8 ai_actions=0
2026-10-08T09:16:50.783114Z  INFO ws_message:game_session{game=C4G4TU player=PlayerId(1)}: server_core::session: action applied game=C4G4TU player=PlayerId(1) action_type="PassPriority" event_count=1
2026-10-08T09:16:50.786386Z  INFO ws_message:game_session{game=C4G4TU player=PlayerId(1)}: phase_server: game submission processed (lock held) game=C4G4TU kind="action" lock_ms=5 ai_actions=0
2026-10-08T09:16:51.035454Z  INFO ws_message:game_session{game=C4G4TU player=PlayerId(0)}: server_core::session: action applied game=C4G4TU player=PlayerId(0) action_type="PassPriority" event_count=1
2026-10-08T09:16:51.038102Z  INFO ws_message:game_session{game=C4G4TU player=PlayerId(0)}: phase_server: game submission processed (lock held) game=C4G4TU kind="action" lock_ms=4 ai_actions=0
2026-10-08T09:16:51.287387Z  INFO ws_message:game_session{game=C4G4TU player=PlayerId(1)}: server_core::session: action applied game=C4G4TU player=PlayerId(1) action_type="PassPriority" event_count=1
2026-10-08T09:16:51.288781Z  INFO ws_message:game_session{game=C4G4TU player=PlayerId(1)}: phase_server: game submission processed (lock held) game=C4G4TU kind="action" lock_ms=3 ai_actions=0
2026-10-08T09:16:51.542273Z  INFO ws_message:game_session{game=C4G4TU player=PlayerId(0)}: server_core::session: action applied game=C4G4TU player=PlayerId(0) action_type="PassPriority" event_count=3
2026-10-08T09:16:51.544964Z  INFO ws_message:game_session{game=C4G4TU player=PlayerId(0)}: phase_server: game submission processed (lock held) game=C4G4TU kind="action" lock_ms=8 ai_actions=0
2026-10-08T09:16:51.790936Z  INFO ws_message:game_session{game=C4G4TU player=PlayerId(1)}: server_core::session: action applied game=C4G4TU player=PlayerId(1) action_type="PassPriority" event_count=1
2026-10-08T09:16:51.792104Z  INFO ws_message:game_session{game=C4G4TU player=PlayerId(1)}: phase_server: game submission processed (lock held) game=C4G4TU kind="action" lock_ms=3 ai_actions=0
2026-10-08T09:16:52.043864Z  INFO ws_message:game_session{game=C4G4TU player=PlayerId(0)}: server_core::session: action applied game=C4G4TU player=PlayerId(0) action_type="PassPriority" event_count=1
2026-10-08T09:16:52.046545Z  INFO ws_message:game_session{game=C4G4TU player=PlayerId(0)}: phase_server: game submission processed (lock held) game=C4G4TU kind="action" lock_ms=6 ai_actions=0
2026-10-08T09:16:52.295146Z  INFO ws_message:game_session{game=C4G4TU player=PlayerId(1)}: server_core::session: action applied game=C4G4TU player=PlayerId(1) action_type="PassPriority" event_count=1
2026-10-08T09:16:52.296314Z  INFO ws_message:game_session{game=C4G4TU player=PlayerId(1)}: phase_server: game submission processed (lock held) game=C4G4TU kind="action" lock_ms=3 ai_actions=0
2026-10-08T09:16:52.547761Z  INFO ws_message:game_session{game=C4G4TU player=PlayerId(0)}: server_core::session: action applied game=C4G4TU player=PlayerId(0) action_type="PassPriority" event_count=1
2026-10-08T09:16:52.550486Z  INFO ws_message:game_session{game=C4G4TU player=PlayerId(0)}: phase_server: game submission processed (lock held) game=C4G4TU kind="action" lock_ms=6 ai_actions=0
2026-10-08T09:16:52.797462Z  INFO ws_message:game_session{game=C4G4TU player=PlayerId(1)}: server_core::session: action applied game=C4G4TU player=PlayerId(1) action_type="PassPriority" event_count=1
2026-10-08T09:16:52.798721Z  INFO ws_message:game_session{game=C4G4TU player=PlayerId(1)}: phase_server: game submission processed (lock held) game=C4G4TU kind="action" lock_ms=3 ai_actions=0
2026-10-08T09:16:53.051651Z  INFO ws_message:game_session{game=C4G4TU player=PlayerId(0)}: server_core::session: action applied game=C4G4TU player=PlayerId(0) action_type="PassPriority" event_count=6
2026-10-08T09:16:53.052602Z  INFO ws_message:game_session{game=C4G4TU player=PlayerId(0)}: phase_server: game submission processed (lock held) game=C4G4TU kind="action" lock_ms=5 ai_actions=0
2026-10-08T09:16:53.300604Z  INFO ws_message:game_session{game=C4G4TU player=PlayerId(0)}: server_core::session: action applied game=C4G4TU player=PlayerId(0) action_type="PassPriority" event_count=1
2026-10-08T09:16:53.303129Z  INFO ws_message:game_session{game=C4G4TU player=PlayerId(0)}: phase_server: game submission processed (lock held) game=C4G4TU kind="action" lock_ms=4 ai_actions=0
2026-10-08T09:16:53.555911Z  INFO ws_message:game_session{game=C4G4TU player=PlayerId(1)}: server_core::session: action applied game=C4G4TU player=PlayerId(1) action_type="PassPriority" event_count=4
2026-10-08T09:16:53.556865Z  INFO ws_message:game_session{game=C4G4TU player=PlayerId(1)}: phase_server: game submission processed (lock held) game=C4G4TU kind="action" lock_ms=5 ai_actions=0
2026-10-08T09:16:53.804215Z  INFO ws_message:game_session{game=C4G4TU player=PlayerId(0)}: server_core::session: action applied game=C4G4TU player=PlayerId(0) action_type="PassPriority" event_count=1
2026-10-08T09:16:53.806963Z  INFO ws_message:game_session{game=C4G4TU player=PlayerId(0)}: phase_server: game submission processed (lock held) game=C4G4TU kind="action" lock_ms=4 ai_actions=0
2026-10-08T09:16:54.056217Z  INFO ws_message:game_session{game=C4G4TU player=PlayerId(1)}: server_core::session: action applied game=C4G4TU player=PlayerId(1) action_type="PassPriority" event_count=1
2026-10-08T09:16:54.071518Z  INFO ws_message:game_session{game=C4G4TU player=PlayerId(1)}: phase_server: game submission processed (lock held) game=C4G4TU kind="action" lock_ms=17 ai_actions=0
2026-10-08T09:16:54.316405Z  INFO ws_message:game_session{game=C4G4TU player=PlayerId(0)}: server_core::session: action applied game=C4G4TU player=PlayerId(0) action_type="CastSpell" event_count=14
2026-10-08T09:16:54.317291Z  INFO ws_message:game_session{game=C4G4TU player=PlayerId(0)}: phase_server: game submission processed (lock held) game=C4G4TU kind="action" lock_ms=11 ai_actions=0
2026-10-08T09:16:54.561427Z  INFO ws_message:game_session{game=C4G4TU player=PlayerId(0)}: server_core::session: action applied game=C4G4TU player=PlayerId(0) action_type="PassPriority" event_count=1
2026-10-08T09:16:54.564485Z  INFO ws_message:game_session{game=C4G4TU player=PlayerId(0)}: phase_server: game submission processed (lock held) game=C4G4TU kind="action" lock_ms=5 ai_actions=0
2026-10-08T09:16:54.813536Z  INFO ws_message:game_session{game=C4G4TU player=PlayerId(1)}: server_core::session: action applied game=C4G4TU player=PlayerId(1) action_type="PassPriority" event_count=2
2026-10-08T09:16:54.825774Z  INFO ws_message:game_session{game=C4G4TU player=PlayerId(1)}: phase_server: game submission processed (lock held) game=C4G4TU kind="action" lock_ms=14 ai_actions=0
2026-10-08T09:16:55.067890Z  INFO ws_message:game_session{game=C4G4TU player=PlayerId(0)}: server_core::session: action applied game=C4G4TU player=PlayerId(0) action_type="PlayLand" event_count=2
2026-10-08T09:16:55.069450Z  INFO ws_message:game_session{game=C4G4TU player=PlayerId(0)}: phase_server: game submission processed (lock held) game=C4G4TU kind="action" lock_ms=6 ai_actions=0
2026-10-08T09:16:55.316403Z  INFO ws_message:game_session{game=C4G4TU player=PlayerId(0)}: server_core::session: action applied game=C4G4TU player=PlayerId(0) action_type="PassPriority" event_count=1
2026-10-08T09:16:55.319061Z  INFO ws_message:game_session{game=C4G4TU player=PlayerId(0)}: phase_server: game submission processed (lock held) game=C4G4TU kind="action" lock_ms=4 ai_actions=0
2026-10-08T09:16:55.568068Z  INFO ws_message:game_session{game=C4G4TU player=PlayerId(1)}: server_core::session: action applied game=C4G4TU player=PlayerId(1) action_type="PassPriority" event_count=1
2026-10-08T09:16:55.569899Z  INFO ws_message:game_session{game=C4G4TU player=PlayerId(1)}: phase_server: game submission processed (lock held) game=C4G4TU kind="action" lock_ms=4 ai_actions=0
2026-10-08T09:16:55.819620Z  INFO ws_message:game_session{game=C4G4TU player=PlayerId(0)}: server_core::session: action applied game=C4G4TU player=PlayerId(0) action_type="PassPriority" event_count=1
2026-10-08T09:16:55.822350Z  INFO ws_message:game_session{game=C4G4TU player=PlayerId(0)}: phase_server: game submission processed (lock held) game=C4G4TU kind="action" lock_ms=4 ai_actions=0
2026-10-08T09:16:56.070730Z  INFO ws_message:game_session{game=C4G4TU player=PlayerId(1)}: server_core::session: action applied game=C4G4TU player=PlayerId(1) action_type="PassPriority" event_count=1
2026-10-08T09:16:56.078205Z  INFO ws_message:game_session{game=C4G4TU player=PlayerId(1)}: phase_server: game submission processed (lock held) game=C4G4TU kind="action" lock_ms=9 ai_actions=0
2026-10-08T09:16:56.324244Z  INFO ws_message:game_session{game=C4G4TU player=PlayerId(0)}: server_core::session: action applied game=C4G4TU player=PlayerId(0) action_type="DeclareAttackers" event_count=2
2026-10-08T09:16:56.325861Z  INFO ws_message:game_session{game=C4G4TU player=PlayerId(0)}: phase_server: game submission processed (lock held) game=C4G4TU kind="action" lock_ms=5 ai_actions=0
2026-10-08T09:16:56.574429Z  INFO ws_message:game_session{game=C4G4TU player=PlayerId(0)}: server_core::session: action applied game=C4G4TU player=PlayerId(0) action_type="PassPriority" event_count=1
2026-10-08T09:16:56.577804Z  INFO ws_message:game_session{game=C4G4TU player=PlayerId(0)}: phase_server: game submission processed (lock held) game=C4G4TU kind="action" lock_ms=5 ai_actions=0
2026-10-08T09:16:56.828347Z  INFO ws_message:game_session{game=C4G4TU player=PlayerId(1)}: server_core::session: action applied game=C4G4TU player=PlayerId(1) action_type="PassPriority" event_count=1
2026-10-08T09:16:56.830936Z  INFO ws_message:game_session{game=C4G4TU player=PlayerId(1)}: phase_server: game submission processed (lock held) game=C4G4TU kind="action" lock_ms=6 ai_actions=0
2026-10-08T09:16:57.077607Z  INFO ws_message:game_session{game=C4G4TU player=PlayerId(0)}: server_core::session: action applied game=C4G4TU player=PlayerId(0) action_type="PassPriority" event_count=1
2026-10-08T09:16:57.081246Z  INFO ws_message:game_session{game=C4G4TU player=PlayerId(0)}: phase_server: game submission processed (lock held) game=C4G4TU kind="action" lock_ms=6 ai_actions=0
2026-10-08T09:16:57.332742Z  INFO ws_message:game_session{game=C4G4TU player=PlayerId(1)}: server_core::session: action applied game=C4G4TU player=PlayerId(1) action_type="PassPriority" event_count=1
2026-10-08T09:16:57.334261Z  INFO ws_message:game_session{game=C4G4TU player=PlayerId(1)}: phase_server: game submission processed (lock held) game=C4G4TU kind="action" lock_ms=6 ai_actions=0
2026-10-08T09:16:57.582003Z  INFO ws_message:game_session{game=C4G4TU player=PlayerId(0)}: server_core::session: action applied game=C4G4TU player=PlayerId(0) action_type="PassPriority" event_count=1
2026-10-08T09:16:57.584697Z  INFO ws_message:game_session{game=C4G4TU player=PlayerId(0)}: phase_server: game submission processed (lock held) game=C4G4TU kind="action" lock_ms=4 ai_actions=0
2026-10-08T09:16:57.836332Z  INFO ws_message:game_session{game=C4G4TU player=PlayerId(1)}: server_core::session: action applied game=C4G4TU player=PlayerId(1) action_type="PassPriority" event_count=4
2026-10-08T09:16:57.837551Z  INFO ws_message:game_session{game=C4G4TU player=PlayerId(1)}: phase_server: game submission processed (lock held) game=C4G4TU kind="action" lock_ms=6 ai_actions=0
2026-10-08T09:16:58.084986Z  INFO ws_message:game_session{game=C4G4TU player=PlayerId(1)}: server_core::session: action applied game=C4G4TU player=PlayerId(1) action_type="PassPriority" event_count=1
2026-10-08T09:16:58.086486Z  INFO ws_message:game_session{game=C4G4TU player=PlayerId(1)}: phase_server: game submission processed (lock held) game=C4G4TU kind="action" lock_ms=3 ai_actions=0
2026-10-08T09:16:58.342133Z  INFO ws_message:game_session{game=C4G4TU player=PlayerId(0)}: server_core::session: action applied game=C4G4TU player=PlayerId(0) action_type="PassPriority" event_count=4
2026-10-08T09:16:58.345385Z  INFO ws_message:game_session{game=C4G4TU player=PlayerId(0)}: phase_server: game submission processed (lock held) game=C4G4TU kind="action" lock_ms=9 ai_actions=0
2026-10-08T09:16:58.590012Z  INFO ws_message:game_session{game=C4G4TU player=PlayerId(1)}: server_core::session: action applied game=C4G4TU player=PlayerId(1) action_type="PassPriority" event_count=1
2026-10-08T09:16:58.591558Z  INFO ws_message:game_session{game=C4G4TU player=PlayerId(1)}: phase_server: game submission processed (lock held) game=C4G4TU kind="action" lock_ms=3 ai_actions=0
2026-10-08T09:16:58.841408Z  INFO ws_message:game_session{game=C4G4TU player=PlayerId(0)}: server_core::session: action applied game=C4G4TU player=PlayerId(0) action_type="PassPriority" event_count=1
2026-10-08T09:16:58.871504Z  INFO ws_message:game_session{game=C4G4TU player=PlayerId(0)}: phase_server: game submission processed (lock held) game=C4G4TU kind="action" lock_ms=32 ai_actions=0
2026-10-08T09:16:59.095806Z  INFO ws_message:game_session{game=C4G4TU player=PlayerId(1)}: server_core::session: action applied game=C4G4TU player=PlayerId(1) action_type="PlayLand" event_count=2
2026-10-08T09:16:59.100425Z  INFO ws_message:game_session{game=C4G4TU player=PlayerId(1)}: phase_server: game submission processed (lock held) game=C4G4TU kind="action" lock_ms=8 ai_actions=0
2026-10-08T09:16:59.346781Z  INFO ws_message:game_session{game=C4G4TU player=PlayerId(1)}: server_core::session: action applied game=C4G4TU player=PlayerId(1) action_type="PassPriority" event_count=1
2026-10-08T09:16:59.348923Z  INFO ws_message:game_session{game=C4G4TU player=PlayerId(1)}: phase_server: game submission processed (lock held) game=C4G4TU kind="action" lock_ms=5 ai_actions=0
2026-10-08T09:16:59.600056Z  INFO ws_message:game_session{game=C4G4TU player=PlayerId(0)}: server_core::session: action applied game=C4G4TU player=PlayerId(0) action_type="PassPriority" event_count=1
2026-10-08T09:16:59.603400Z  INFO ws_message:game_session{game=C4G4TU player=PlayerId(0)}: phase_server: game submission processed (lock held) game=C4G4TU kind="action" lock_ms=5 ai_actions=0
2026-10-08T09:16:59.852149Z  INFO ws_message:game_session{game=C4G4TU player=PlayerId(1)}: server_core::session: action applied game=C4G4TU player=PlayerId(1) action_type="PassPriority" event_count=1
2026-10-08T09:16:59.853697Z  INFO ws_message:game_session{game=C4G4TU player=PlayerId(1)}: phase_server: game submission processed (lock held) game=C4G4TU kind="action" lock_ms=3 ai_actions=0
2026-10-08T09:17:00.105883Z  INFO ws_message:game_session{game=C4G4TU player=PlayerId(0)}: server_core::session: action applied game=C4G4TU player=PlayerId(0) action_type="PassPriority" event_count=3
2026-10-08T09:17:00.108996Z  INFO ws_message:game_session{game=C4G4TU player=PlayerId(0)}: phase_server: game submission processed (lock held) game=C4G4TU kind="action" lock_ms=7 ai_actions=0
2026-10-08T09:17:00.355818Z  INFO ws_message:game_session{game=C4G4TU player=PlayerId(1)}: server_core::session: action applied game=C4G4TU player=PlayerId(1) action_type="PassPriority" event_count=1
2026-10-08T09:17:00.357425Z  INFO ws_message:game_session{game=C4G4TU player=PlayerId(1)}: phase_server: game submission processed (lock held) game=C4G4TU kind="action" lock_ms=4 ai_actions=0
2026-10-08T09:17:00.608497Z  INFO ws_message:game_session{game=C4G4TU player=PlayerId(0)}: server_core::session: action applied game=C4G4TU player=PlayerId(0) action_type="PassPriority" event_count=1
2026-10-08T09:17:00.611681Z  INFO ws_message:game_session{game=C4G4TU player=PlayerId(0)}: phase_server: game submission processed (lock held) game=C4G4TU kind="action" lock_ms=7 ai_actions=0
2026-10-08T09:17:00.858390Z  INFO ws_message:game_session{game=C4G4TU player=PlayerId(1)}: server_core::session: action applied game=C4G4TU player=PlayerId(1) action_type="PassPriority" event_count=1
2026-10-08T09:17:00.859898Z  INFO ws_message:game_session{game=C4G4TU player=PlayerId(1)}: phase_server: game submission processed (lock held) game=C4G4TU kind="action" lock_ms=4 ai_actions=0
2026-10-08T09:17:01.114707Z  INFO ws_message:game_session{game=C4G4TU player=PlayerId(0)}: server_core::session: action applied game=C4G4TU player=PlayerId(0) action_type="PassPriority" event_count=1
2026-10-08T09:17:01.119794Z  INFO ws_message:game_session{game=C4G4TU player=PlayerId(0)}: phase_server: game submission processed (lock held) game=C4G4TU kind="action" lock_ms=12 ai_actions=0
2026-10-08T09:17:01.361145Z  INFO ws_message:game_session{game=C4G4TU player=PlayerId(1)}: server_core::session: action applied game=C4G4TU player=PlayerId(1) action_type="PassPriority" event_count=1
2026-10-08T09:17:01.362646Z  INFO ws_message:game_session{game=C4G4TU player=PlayerId(1)}: phase_server: game submission processed (lock held) game=C4G4TU kind="action" lock_ms=3 ai_actions=0
2026-10-08T09:17:01.615287Z  INFO ws_message:game_session{game=C4G4TU player=PlayerId(0)}: server_core::session: action applied game=C4G4TU player=PlayerId(0) action_type="PassPriority" event_count=6
2026-10-08T09:17:01.616800Z  INFO ws_message:game_session{game=C4G4TU player=PlayerId(0)}: phase_server: game submission processed (lock held) game=C4G4TU kind="action" lock_ms=5 ai_actions=0
2026-10-08T09:17:01.864312Z  INFO ws_message:game_session{game=C4G4TU player=PlayerId(0)}: server_core::session: action applied game=C4G4TU player=PlayerId(0) action_type="PassPriority" event_count=1
2026-10-08T09:17:01.867234Z  INFO ws_message:game_session{game=C4G4TU player=PlayerId(0)}: phase_server: game submission processed (lock held) game=C4G4TU kind="action" lock_ms=4 ai_actions=0
2026-10-08T09:17:02.119270Z  INFO ws_message:game_session{game=C4G4TU player=PlayerId(1)}: server_core::session: action applied game=C4G4TU player=PlayerId(1) action_type="PassPriority" event_count=4
2026-10-08T09:17:02.120104Z  INFO ws_message:game_session{game=C4G4TU player=PlayerId(1)}: phase_server: game submission processed (lock held) game=C4G4TU kind="action" lock_ms=6 ai_actions=0
2026-10-08T09:17:02.367232Z  INFO ws_message:game_session{game=C4G4TU player=PlayerId(0)}: server_core::session: action applied game=C4G4TU player=PlayerId(0) action_type="PassPriority" event_count=1
2026-10-08T09:17:02.370460Z  INFO ws_message:game_session{game=C4G4TU player=PlayerId(0)}: phase_server: game submission processed (lock held) game=C4G4TU kind="action" lock_ms=5 ai_actions=0
2026-10-08T09:17:02.619142Z  INFO ws_message:game_session{game=C4G4TU player=PlayerId(1)}: server_core::session: action applied game=C4G4TU player=PlayerId(1) action_type="PassPriority" event_count=1
2026-10-08T09:17:02.631997Z  INFO ws_message:game_session{game=C4G4TU player=PlayerId(1)}: phase_server: game submission processed (lock held) game=C4G4TU kind="action" lock_ms=14 ai_actions=0
2026-10-08T09:17:02.873259Z  INFO ws_message:game_session{game=C4G4TU player=PlayerId(0)}: server_core::session: action applied game=C4G4TU player=PlayerId(0) action_type="PlayLand" event_count=2
2026-10-08T09:17:02.876103Z  INFO ws_message:game_session{game=C4G4TU player=PlayerId(0)}: phase_server: game submission processed (lock held) game=C4G4TU kind="action" lock_ms=7 ai_actions=0
2026-10-08T09:17:03.122589Z  INFO ws_message:game_session{game=C4G4TU player=PlayerId(0)}: server_core::session: action applied game=C4G4TU player=PlayerId(0) action_type="PassPriority" event_count=1
2026-10-08T09:17:03.125596Z  INFO ws_message:game_session{game=C4G4TU player=PlayerId(0)}: phase_server: game submission processed (lock held) game=C4G4TU kind="action" lock_ms=5 ai_actions=0
2026-10-08T09:17:03.373869Z  INFO ws_message:game_session{game=C4G4TU player=PlayerId(1)}: server_core::session: action applied game=C4G4TU player=PlayerId(1) action_type="PassPriority" event_count=1
2026-10-08T09:17:03.376787Z  INFO ws_message:game_session{game=C4G4TU player=PlayerId(1)}: phase_server: game submission processed (lock held) game=C4G4TU kind="action" lock_ms=5 ai_actions=0
2026-10-08T09:17:03.626097Z  INFO ws_message:game_session{game=C4G4TU player=PlayerId(0)}: server_core::session: action applied game=C4G4TU player=PlayerId(0) action_type="PassPriority" event_count=1
2026-10-08T09:17:03.629122Z  INFO ws_message:game_session{game=C4G4TU player=PlayerId(0)}: phase_server: game submission processed (lock held) game=C4G4TU kind="action" lock_ms=5 ai_actions=0
2026-10-08T09:17:03.876264Z  INFO ws_message:game_session{game=C4G4TU player=PlayerId(1)}: server_core::session: action applied game=C4G4TU player=PlayerId(1) action_type="PassPriority" event_count=1
2026-10-08T09:17:03.890195Z  INFO ws_message:game_session{game=C4G4TU player=PlayerId(1)}: phase_server: game submission processed (lock held) game=C4G4TU kind="action" lock_ms=15 ai_actions=0
2026-10-08T09:17:04.130915Z  INFO ws_message:game_session{game=C4G4TU player=PlayerId(0)}: server_core::session: action applied game=C4G4TU player=PlayerId(0) action_type="DeclareAttackers" event_count=2
2026-10-08T09:17:04.133762Z  INFO ws_message:game_session{game=C4G4TU player=PlayerId(0)}: phase_server: game submission processed (lock held) game=C4G4TU kind="action" lock_ms=7 ai_actions=0
2026-10-08T09:17:04.380618Z  INFO ws_message:game_session{game=C4G4TU player=PlayerId(0)}: server_core::session: action applied game=C4G4TU player=PlayerId(0) action_type="PassPriority" event_count=1
2026-10-08T09:17:04.385069Z  INFO ws_message:game_session{game=C4G4TU player=PlayerId(0)}: phase_server: game submission processed (lock held) game=C4G4TU kind="action" lock_ms=6 ai_actions=0
2026-10-08T09:17:04.634608Z  INFO ws_message:game_session{game=C4G4TU player=PlayerId(1)}: server_core::session: action applied game=C4G4TU player=PlayerId(1) action_type="PassPriority" event_count=1
2026-10-08T09:17:04.637451Z  INFO ws_message:game_session{game=C4G4TU player=PlayerId(1)}: phase_server: game submission processed (lock held) game=C4G4TU kind="action" lock_ms=7 ai_actions=0
2026-10-08T09:17:04.883106Z  INFO ws_message:game_session{game=C4G4TU player=PlayerId(0)}: server_core::session: action applied game=C4G4TU player=PlayerId(0) action_type="PassPriority" event_count=1
2026-10-08T09:17:04.886411Z  INFO ws_message:game_session{game=C4G4TU player=PlayerId(0)}: phase_server: game submission processed (lock held) game=C4G4TU kind="action" lock_ms=5 ai_actions=0
2026-10-08T09:17:05.137461Z  INFO ws_message:game_session{game=C4G4TU player=PlayerId(1)}: server_core::session: action applied game=C4G4TU player=PlayerId(1) action_type="PassPriority" event_count=1
2026-10-08T09:17:05.140456Z  INFO ws_message:game_session{game=C4G4TU player=PlayerId(1)}: phase_server: game submission processed (lock held) game=C4G4TU kind="action" lock_ms=6 ai_actions=0
2026-10-08T09:17:05.387564Z  INFO ws_message:game_session{game=C4G4TU player=PlayerId(0)}: server_core::session: action applied game=C4G4TU player=PlayerId(0) action_type="PassPriority" event_count=1
2026-10-08T09:17:05.390651Z  INFO ws_message:game_session{game=C4G4TU player=PlayerId(0)}: phase_server: game submission processed (lock held) game=C4G4TU kind="action" lock_ms=5 ai_actions=0
2026-10-08T09:17:05.643822Z  INFO ws_message:game_session{game=C4G4TU player=PlayerId(1)}: server_core::session: action applied game=C4G4TU player=PlayerId(1) action_type="PassPriority" event_count=4
2026-10-08T09:17:05.645724Z  INFO ws_message:game_session{game=C4G4TU player=PlayerId(1)}: phase_server: game submission processed (lock held) game=C4G4TU kind="action" lock_ms=8 ai_actions=0
2026-10-08T09:17:05.891601Z  INFO ws_message:game_session{game=C4G4TU player=PlayerId(1)}: server_core::session: action applied game=C4G4TU player=PlayerId(1) action_type="PassPriority" event_count=1
2026-10-08T09:17:05.894466Z  INFO ws_message:game_session{game=C4G4TU player=PlayerId(1)}: phase_server: game submission processed (lock held) game=C4G4TU kind="action" lock_ms=5 ai_actions=0
2026-10-08T09:17:06.145543Z  INFO ws_message:game_session{game=C4G4TU player=PlayerId(0)}: server_core::session: action applied game=C4G4TU player=PlayerId(0) action_type="PassPriority" event_count=4
2026-10-08T09:17:06.146681Z  INFO ws_message:game_session{game=C4G4TU player=PlayerId(0)}: phase_server: game submission processed (lock held) game=C4G4TU kind="action" lock_ms=5 ai_actions=0
2026-10-08T09:17:06.395204Z  INFO ws_message:game_session{game=C4G4TU player=PlayerId(1)}: server_core::session: action applied game=C4G4TU player=PlayerId(1) action_type="PassPriority" event_count=1
2026-10-08T09:17:06.398318Z  INFO ws_message:game_session{game=C4G4TU player=PlayerId(1)}: phase_server: game submission processed (lock held) game=C4G4TU kind="action" lock_ms=5 ai_actions=0
2026-10-08T09:17:06.648300Z  INFO ws_message:game_session{game=C4G4TU player=PlayerId(0)}: server_core::session: action applied game=C4G4TU player=PlayerId(0) action_type="PassPriority" event_count=1
2026-10-08T09:17:06.678155Z  INFO ws_message:game_session{game=C4G4TU player=PlayerId(0)}: phase_server: game submission processed (lock held) game=C4G4TU kind="action" lock_ms=32 ai_actions=0
2026-10-08T09:17:06.922059Z  INFO ws_message:game_session{game=C4G4TU player=PlayerId(1)}: server_core::session: action applied game=C4G4TU player=PlayerId(1) action_type="PlayLand" event_count=2
2026-10-08T09:17:06.944429Z  INFO ws_message:game_session{game=C4G4TU player=PlayerId(1)}: phase_server: game submission processed (lock held) game=C4G4TU kind="action" lock_ms=46 ai_actions=0
2026-10-08T09:17:07.152937Z  INFO ws_message:game_session{game=C4G4TU player=PlayerId(1)}: server_core::session: action applied game=C4G4TU player=PlayerId(1) action_type="PassPriority" event_count=1
2026-10-08T09:17:07.160401Z  INFO ws_message:game_session{game=C4G4TU player=PlayerId(1)}: phase_server: game submission processed (lock held) game=C4G4TU kind="action" lock_ms=10 ai_actions=0
2026-10-08T09:17:07.405600Z  INFO ws_message:game_session{game=C4G4TU player=PlayerId(0)}: server_core::session: action applied game=C4G4TU player=PlayerId(0) action_type="PassPriority" event_count=1
2026-10-08T09:17:07.409146Z  INFO ws_message:game_session{game=C4G4TU player=PlayerId(0)}: phase_server: game submission processed (lock held) game=C4G4TU kind="action" lock_ms=6 ai_actions=0
2026-10-08T09:17:07.659434Z  INFO ws_message:game_session{game=C4G4TU player=PlayerId(1)}: server_core::session: action applied game=C4G4TU player=PlayerId(1) action_type="PassPriority" event_count=1
2026-10-08T09:17:07.665402Z  INFO ws_message:game_session{game=C4G4TU player=PlayerId(1)}: phase_server: game submission processed (lock held) game=C4G4TU kind="action" lock_ms=8 ai_actions=0
2026-10-08T09:17:07.913316Z  INFO ws_message:game_session{game=C4G4TU player=PlayerId(0)}: server_core::session: action applied game=C4G4TU player=PlayerId(0) action_type="PassPriority" event_count=3
2026-10-08T09:17:07.916911Z  INFO ws_message:game_session{game=C4G4TU player=PlayerId(0)}: phase_server: game submission processed (lock held) game=C4G4TU kind="action" lock_ms=8 ai_actions=0
2026-10-08T09:17:08.173549Z  INFO ws_message:game_session{game=C4G4TU player=PlayerId(1)}: server_core::session: action applied game=C4G4TU player=PlayerId(1) action_type="PassPriority" event_count=1
2026-10-08T09:17:08.177638Z  INFO ws_message:game_session{game=C4G4TU player=PlayerId(1)}: phase_server: game submission processed (lock held) game=C4G4TU kind="action" lock_ms=13 ai_actions=0
2026-10-08T09:17:08.419247Z  INFO ws_message:game_session{game=C4G4TU player=PlayerId(0)}: server_core::session: action applied game=C4G4TU player=PlayerId(0) action_type="PassPriority" event_count=1
2026-10-08T09:17:08.423012Z  INFO ws_message:game_session{game=C4G4TU player=PlayerId(0)}: phase_server: game submission processed (lock held) game=C4G4TU kind="action" lock_ms=7 ai_actions=0
2026-10-08T09:17:08.669570Z  INFO ws_message:game_session{game=C4G4TU player=PlayerId(1)}: server_core::session: action applied game=C4G4TU player=PlayerId(1) action_type="PassPriority" event_count=1
2026-10-08T09:17:08.672405Z  INFO ws_message:game_session{game=C4G4TU player=PlayerId(1)}: phase_server: game submission processed (lock held) game=C4G4TU kind="action" lock_ms=5 ai_actions=0
2026-10-08T09:17:08.922713Z  INFO ws_message:game_session{game=C4G4TU player=PlayerId(0)}: server_core::session: action applied game=C4G4TU player=PlayerId(0) action_type="PassPriority" event_count=1
2026-10-08T09:17:08.926778Z  INFO ws_message:game_session{game=C4G4TU player=PlayerId(0)}: phase_server: game submission processed (lock held) game=C4G4TU kind="action" lock_ms=8 ai_actions=0
2026-10-08T09:17:09.172348Z  INFO ws_message:game_session{game=C4G4TU player=PlayerId(1)}: server_core::session: action applied game=C4G4TU player=PlayerId(1) action_type="PassPriority" event_count=1
2026-10-08T09:17:09.175343Z  INFO ws_message:game_session{game=C4G4TU player=PlayerId(1)}: phase_server: game submission processed (lock held) game=C4G4TU kind="action" lock_ms=5 ai_actions=0
2026-10-08T09:17:09.425721Z  INFO ws_message:game_session{game=C4G4TU player=PlayerId(0)}: server_core::session: action applied game=C4G4TU player=PlayerId(0) action_type="PassPriority" event_count=4
2026-10-08T09:17:09.427316Z  INFO ws_message:game_session{game=C4G4TU player=PlayerId(0)}: phase_server: game submission processed (lock held) game=C4G4TU kind="action" lock_ms=6 ai_actions=0
2026-10-08T09:17:09.675010Z  INFO ws_message:game_session{game=C4G4TU player=PlayerId(0)}: server_core::session: action applied game=C4G4TU player=PlayerId(0) action_type="PassPriority" event_count=1
2026-10-08T09:17:09.678439Z  INFO ws_message:game_session{game=C4G4TU player=PlayerId(0)}: phase_server: game submission processed (lock held) game=C4G4TU kind="action" lock_ms=5 ai_actions=0
2026-10-08T09:17:09.930661Z  INFO ws_message:game_session{game=C4G4TU player=PlayerId(1)}: server_core::session: action applied game=C4G4TU player=PlayerId(1) action_type="PassPriority" event_count=4
2026-10-08T09:17:09.931633Z  INFO ws_message:game_session{game=C4G4TU player=PlayerId(1)}: phase_server: game submission processed (lock held) game=C4G4TU kind="action" lock_ms=6 ai_actions=0
2026-10-08T09:17:10.179018Z  INFO ws_message:game_session{game=C4G4TU player=PlayerId(0)}: server_core::session: action applied game=C4G4TU player=PlayerId(0) action_type="PassPriority" event_count=1
2026-10-08T09:17:10.182455Z  INFO ws_message:game_session{game=C4G4TU player=PlayerId(0)}: phase_server: game submission processed (lock held) game=C4G4TU kind="action" lock_ms=5 ai_actions=0
2026-10-08T09:17:10.431879Z  INFO ws_message:game_session{game=C4G4TU player=PlayerId(1)}: server_core::session: action applied game=C4G4TU player=PlayerId(1) action_type="PassPriority" event_count=1
2026-10-08T09:17:10.443935Z  INFO ws_message:game_session{game=C4G4TU player=PlayerId(1)}: phase_server: game submission processed (lock held) game=C4G4TU kind="action" lock_ms=14 ai_actions=0
2026-10-08T09:17:10.685554Z  INFO ws_message:game_session{game=C4G4TU player=PlayerId(0)}: server_core::session: action applied game=C4G4TU player=PlayerId(0) action_type="PlayLand" event_count=2
2026-10-08T09:17:10.688746Z  INFO ws_message:game_session{game=C4G4TU player=PlayerId(0)}: phase_server: game submission processed (lock held) game=C4G4TU kind="action" lock_ms=7 ai_actions=0
2026-10-08T09:17:10.935130Z  INFO ws_message:game_session{game=C4G4TU player=PlayerId(0)}: server_core::session: action applied game=C4G4TU player=PlayerId(0) action_type="PassPriority" event_count=1
2026-10-08T09:17:10.939255Z  INFO ws_message:game_session{game=C4G4TU player=PlayerId(0)}: phase_server: game submission processed (lock held) game=C4G4TU kind="action" lock_ms=7 ai_actions=0
2026-10-08T09:17:11.186628Z  INFO ws_message:game_session{game=C4G4TU player=PlayerId(1)}: server_core::session: action applied game=C4G4TU player=PlayerId(1) action_type="PassPriority" event_count=1
2026-10-08T09:17:11.189940Z  INFO ws_message:game_session{game=C4G4TU player=PlayerId(1)}: phase_server: game submission processed (lock held) game=C4G4TU kind="action" lock_ms=5 ai_actions=0
2026-10-08T09:17:11.439527Z  INFO ws_message:game_session{game=C4G4TU player=PlayerId(0)}: server_core::session: action applied game=C4G4TU player=PlayerId(0) action_type="PassPriority" event_count=1
2026-10-08T09:17:11.443535Z  INFO ws_message:game_session{game=C4G4TU player=PlayerId(0)}: phase_server: game submission processed (lock held) game=C4G4TU kind="action" lock_ms=7 ai_actions=0
2026-10-08T09:17:11.689058Z  INFO ws_message:game_session{game=C4G4TU player=PlayerId(1)}: server_core::session: action applied game=C4G4TU player=PlayerId(1) action_type="PassPriority" event_count=1
2026-10-08T09:17:11.705076Z  INFO ws_message:game_session{game=C4G4TU player=PlayerId(1)}: phase_server: game submission processed (lock held) game=C4G4TU kind="action" lock_ms=17 ai_actions=0
2026-10-08T09:17:11.947330Z  INFO ws_message:game_session{game=C4G4TU player=PlayerId(0)}: server_core::session: action applied game=C4G4TU player=PlayerId(0) action_type="DeclareAttackers" event_count=2
2026-10-08T09:17:11.952400Z  INFO ws_message:game_session{game=C4G4TU player=PlayerId(0)}: phase_server: game submission processed (lock held) game=C4G4TU kind="action" lock_ms=11 ai_actions=0
2026-10-08T09:17:12.196702Z  INFO ws_message:game_session{game=C4G4TU player=PlayerId(0)}: server_core::session: action applied game=C4G4TU player=PlayerId(0) action_type="PassPriority" event_count=1
2026-10-08T09:17:12.201465Z  INFO ws_message:game_session{game=C4G4TU player=PlayerId(0)}: phase_server: game submission processed (lock held) game=C4G4TU kind="action" lock_ms=8 ai_actions=0
2026-10-08T09:17:12.450263Z  INFO ws_message:game_session{game=C4G4TU player=PlayerId(1)}: server_core::session: action applied game=C4G4TU player=PlayerId(1) action_type="PassPriority" event_count=1
2026-10-08T09:17:12.453598Z  INFO ws_message:game_session{game=C4G4TU player=PlayerId(1)}: phase_server: game submission processed (lock held) game=C4G4TU kind="action" lock_ms=7 ai_actions=0
2026-10-08T09:17:12.699919Z  INFO ws_message:game_session{game=C4G4TU player=PlayerId(0)}: server_core::session: action applied game=C4G4TU player=PlayerId(0) action_type="PassPriority" event_count=1
2026-10-08T09:17:12.703537Z  INFO ws_message:game_session{game=C4G4TU player=PlayerId(0)}: phase_server: game submission processed (lock held) game=C4G4TU kind="action" lock_ms=5 ai_actions=0
2026-10-08T09:17:12.954795Z  INFO ws_message:game_session{game=C4G4TU player=PlayerId(1)}: server_core::session: action applied game=C4G4TU player=PlayerId(1) action_type="PassPriority" event_count=1
2026-10-08T09:17:12.958672Z  INFO ws_message:game_session{game=C4G4TU player=PlayerId(1)}: phase_server: game submission processed (lock held) game=C4G4TU kind="action" lock_ms=8 ai_actions=0
2026-10-08T09:17:13.205614Z  INFO ws_message:game_session{game=C4G4TU player=PlayerId(0)}: server_core::session: action applied game=C4G4TU player=PlayerId(0) action_type="PassPriority" event_count=1
2026-10-08T09:17:13.209740Z  INFO ws_message:game_session{game=C4G4TU player=PlayerId(0)}: phase_server: game submission processed (lock held) game=C4G4TU kind="action" lock_ms=6 ai_actions=0
2026-10-08T09:17:13.459979Z  INFO ws_message:game_session{game=C4G4TU player=PlayerId(1)}: server_core::session: action applied game=C4G4TU player=PlayerId(1) action_type="PassPriority" event_count=4
2026-10-08T09:17:13.462364Z  INFO ws_message:game_session{game=C4G4TU player=PlayerId(1)}: phase_server: game submission processed (lock held) game=C4G4TU kind="action" lock_ms=7 ai_actions=0
2026-10-08T09:17:13.708942Z  INFO ws_message:game_session{game=C4G4TU player=PlayerId(1)}: server_core::session: action applied game=C4G4TU player=PlayerId(1) action_type="PassPriority" event_count=1
2026-10-08T09:17:13.712396Z  INFO ws_message:game_session{game=C4G4TU player=PlayerId(1)}: phase_server: game submission processed (lock held) game=C4G4TU kind="action" lock_ms=6 ai_actions=0
2026-10-08T09:17:13.962122Z  INFO ws_message:game_session{game=C4G4TU player=PlayerId(0)}: server_core::session: action applied game=C4G4TU player=PlayerId(0) action_type="PassPriority" event_count=4
2026-10-08T09:17:13.963345Z  INFO ws_message:game_session{game=C4G4TU player=PlayerId(0)}: phase_server: game submission processed (lock held) game=C4G4TU kind="action" lock_ms=6 ai_actions=0
2026-10-08T09:17:14.211293Z  INFO ws_message:game_session{game=C4G4TU player=PlayerId(1)}: server_core::session: action applied game=C4G4TU player=PlayerId(1) action_type="PassPriority" event_count=1
2026-10-08T09:17:14.214747Z  INFO ws_message:game_session{game=C4G4TU player=PlayerId(1)}: phase_server: game submission processed (lock held) game=C4G4TU kind="action" lock_ms=5 ai_actions=0
2026-10-08T09:17:14.463730Z  INFO ws_message:game_session{game=C4G4TU player=PlayerId(0)}: server_core::session: action applied game=C4G4TU player=PlayerId(0) action_type="PassPriority" event_count=1
2026-10-08T09:17:14.502524Z  INFO ws_message:game_session{game=C4G4TU player=PlayerId(0)}: phase_server: game submission processed (lock held) game=C4G4TU kind="action" lock_ms=41 ai_actions=0
2026-10-08T09:17:14.727564Z  INFO ws_message:game_session{game=C4G4TU player=PlayerId(1)}: server_core::session: action applied game=C4G4TU player=PlayerId(1) action_type="PlayLand" event_count=2
2026-10-08T09:17:14.732215Z  INFO ws_message:game_session{game=C4G4TU player=PlayerId(1)}: phase_server: game submission processed (lock held) game=C4G4TU kind="action" lock_ms=18 ai_actions=0
2026-10-08T09:17:14.972485Z  INFO ws_message:game_session{game=C4G4TU player=PlayerId(1)}: server_core::session: action applied game=C4G4TU player=PlayerId(1) action_type="PassPriority" event_count=1
2026-10-08T09:17:14.981015Z  INFO ws_message:game_session{game=C4G4TU player=PlayerId(1)}: phase_server: game submission processed (lock held) game=C4G4TU kind="action" lock_ms=13 ai_actions=0
2026-10-08T09:17:15.227855Z  INFO ws_message:game_session{game=C4G4TU player=PlayerId(0)}: server_core::session: action applied game=C4G4TU player=PlayerId(0) action_type="PassPriority" event_count=1
2026-10-08T09:17:15.238118Z  INFO ws_message:game_session{game=C4G4TU player=PlayerId(0)}: phase_server: game submission processed (lock held) game=C4G4TU kind="action" lock_ms=17 ai_actions=0
2026-10-08T09:17:15.475773Z  INFO ws_message:game_session{game=C4G4TU player=PlayerId(1)}: server_core::session: action applied game=C4G4TU player=PlayerId(1) action_type="PassPriority" event_count=1
2026-10-08T09:17:15.479549Z  INFO ws_message:game_session{game=C4G4TU player=PlayerId(1)}: phase_server: game submission processed (lock held) game=C4G4TU kind="action" lock_ms=6 ai_actions=0
2026-10-08T09:17:15.728648Z  INFO ws_message:game_session{game=C4G4TU player=PlayerId(0)}: server_core::session: action applied game=C4G4TU player=PlayerId(0) action_type="PassPriority" event_count=3
2026-10-08T09:17:15.732842Z  INFO ws_message:game_session{game=C4G4TU player=PlayerId(0)}: phase_server: game submission processed (lock held) game=C4G4TU kind="action" lock_ms=8 ai_actions=0
2026-10-08T09:17:15.982790Z  INFO ws_message:game_session{game=C4G4TU player=PlayerId(1)}: server_core::session: action applied game=C4G4TU player=PlayerId(1) action_type="PassPriority" event_count=1
2026-10-08T09:17:15.986266Z  INFO ws_message:game_session{game=C4G4TU player=PlayerId(1)}: phase_server: game submission processed (lock held) game=C4G4TU kind="action" lock_ms=8 ai_actions=0
2026-10-08T09:17:16.234161Z  INFO ws_message:game_session{game=C4G4TU player=PlayerId(0)}: server_core::session: action applied game=C4G4TU player=PlayerId(0) action_type="PassPriority" event_count=1
2026-10-08T09:17:16.239931Z  INFO ws_message:game_session{game=C4G4TU player=PlayerId(0)}: phase_server: game submission processed (lock held) game=C4G4TU kind="action" lock_ms=10 ai_actions=0
2026-10-08T09:17:16.488352Z  INFO ws_message:game_session{game=C4G4TU player=PlayerId(1)}: server_core::session: action applied game=C4G4TU player=PlayerId(1) action_type="PassPriority" event_count=1
2026-10-08T09:17:16.493134Z  INFO ws_message:game_session{game=C4G4TU player=PlayerId(1)}: phase_server: game submission processed (lock held) game=C4G4TU kind="action" lock_ms=9 ai_actions=0
2026-10-08T09:17:16.741663Z  INFO ws_message:game_session{game=C4G4TU player=PlayerId(0)}: server_core::session: action applied game=C4G4TU player=PlayerId(0) action_type="PassPriority" event_count=1
2026-10-08T09:17:16.747440Z  INFO ws_message:game_session{game=C4G4TU player=PlayerId(0)}: phase_server: game submission processed (lock held) game=C4G4TU kind="action" lock_ms=12 ai_actions=0
2026-10-08T09:17:16.995121Z  INFO ws_message:game_session{game=C4G4TU player=PlayerId(1)}: server_core::session: action applied game=C4G4TU player=PlayerId(1) action_type="PassPriority" event_count=1
2026-10-08T09:17:17.003533Z  INFO ws_message:game_session{game=C4G4TU player=PlayerId(1)}: phase_server: game submission processed (lock held) game=C4G4TU kind="action" lock_ms=12 ai_actions=0
2026-10-08T09:17:17.250005Z  INFO ws_message:game_session{game=C4G4TU player=PlayerId(0)}: server_core::session: action applied game=C4G4TU player=PlayerId(0) action_type="PassPriority" event_count=4
2026-10-08T09:17:17.252286Z  INFO ws_message:game_session{game=C4G4TU player=PlayerId(0)}: phase_server: game submission processed (lock held) game=C4G4TU kind="action" lock_ms=9 ai_actions=0
2026-10-08T09:17:17.499953Z  INFO ws_message:game_session{game=C4G4TU player=PlayerId(0)}: server_core::session: action applied game=C4G4TU player=PlayerId(0) action_type="PassPriority" event_count=1
2026-10-08T09:17:17.505673Z  INFO ws_message:game_session{game=C4G4TU player=PlayerId(0)}: phase_server: game submission processed (lock held) game=C4G4TU kind="action" lock_ms=10 ai_actions=0
2026-10-08T09:17:17.755222Z  INFO ws_message:game_session{game=C4G4TU player=PlayerId(1)}: server_core::session: action applied game=C4G4TU player=PlayerId(1) action_type="PassPriority" event_count=4
2026-10-08T09:17:17.756173Z  INFO ws_message:game_session{game=C4G4TU player=PlayerId(1)}: phase_server: game submission processed (lock held) game=C4G4TU kind="action" lock_ms=9 ai_actions=0
2026-10-08T09:17:18.004282Z  INFO ws_message:game_session{game=C4G4TU player=PlayerId(0)}: server_core::session: action applied game=C4G4TU player=PlayerId(0) action_type="PassPriority" event_count=1
2026-10-08T09:17:18.015680Z  INFO ws_message:game_session{game=C4G4TU player=PlayerId(0)}: phase_server: game submission processed (lock held) game=C4G4TU kind="action" lock_ms=17 ai_actions=0
2026-10-08T09:17:18.256498Z  INFO ws_message:game_session{game=C4G4TU player=PlayerId(1)}: server_core::session: action applied game=C4G4TU player=PlayerId(1) action_type="PassPriority" event_count=1
2026-10-08T09:17:18.276355Z  INFO ws_message:game_session{game=C4G4TU player=PlayerId(1)}: phase_server: game submission processed (lock held) game=C4G4TU kind="action" lock_ms=24 ai_actions=0
2026-10-08T09:17:18.511178Z  INFO ws_message:game_session{game=C4G4TU player=PlayerId(0)}: server_core::session: action applied game=C4G4TU player=PlayerId(0) action_type="PlayLand" event_count=2
2026-10-08T09:17:18.515947Z  INFO ws_message:game_session{game=C4G4TU player=PlayerId(0)}: phase_server: game submission processed (lock held) game=C4G4TU kind="action" lock_ms=10 ai_actions=0
2026-10-08T09:17:18.761356Z  INFO ws_message:game_session{game=C4G4TU player=PlayerId(0)}: server_core::session: action applied game=C4G4TU player=PlayerId(0) action_type="PassPriority" event_count=1
2026-10-08T09:17:18.765737Z  INFO ws_message:game_session{game=C4G4TU player=PlayerId(0)}: phase_server: game submission processed (lock held) game=C4G4TU kind="action" lock_ms=8 ai_actions=0
2026-10-08T09:17:19.013004Z  INFO ws_message:game_session{game=C4G4TU player=PlayerId(1)}: server_core::session: action applied game=C4G4TU player=PlayerId(1) action_type="PassPriority" event_count=1
2026-10-08T09:17:19.017249Z  INFO ws_message:game_session{game=C4G4TU player=PlayerId(1)}: phase_server: game submission processed (lock held) game=C4G4TU kind="action" lock_ms=7 ai_actions=0
2026-10-08T09:17:19.270476Z  INFO ws_message:game_session{game=C4G4TU player=PlayerId(0)}: server_core::session: action applied game=C4G4TU player=PlayerId(0) action_type="PassPriority" event_count=1
2026-10-08T09:17:19.278608Z  INFO ws_message:game_session{game=C4G4TU player=PlayerId(0)}: phase_server: game submission processed (lock held) game=C4G4TU kind="action" lock_ms=15 ai_actions=0
2026-10-08T09:17:19.517184Z  INFO ws_message:game_session{game=C4G4TU player=PlayerId(1)}: server_core::session: action applied game=C4G4TU player=PlayerId(1) action_type="PassPriority" event_count=1
2026-10-08T09:17:19.544778Z  INFO ws_message:game_session{game=C4G4TU player=PlayerId(1)}: phase_server: game submission processed (lock held) game=C4G4TU kind="action" lock_ms=29 ai_actions=0
2026-10-08T09:17:19.774492Z  INFO ws_message:game_session{game=C4G4TU player=PlayerId(0)}: server_core::session: action applied game=C4G4TU player=PlayerId(0) action_type="DeclareAttackers" event_count=2
2026-10-08T09:17:19.779398Z  INFO ws_message:game_session{game=C4G4TU player=PlayerId(0)}: phase_server: game submission processed (lock held) game=C4G4TU kind="action" lock_ms=11 ai_actions=0
2026-10-08T09:17:20.022871Z  INFO ws_message:game_session{game=C4G4TU player=PlayerId(0)}: server_core::session: action applied game=C4G4TU player=PlayerId(0) action_type="PassPriority" event_count=1
2026-10-08T09:17:20.027503Z  INFO ws_message:game_session{game=C4G4TU player=PlayerId(0)}: phase_server: game submission processed (lock held) game=C4G4TU kind="action" lock_ms=7 ai_actions=0
2026-10-08T09:17:20.278517Z  INFO ws_message:game_session{game=C4G4TU player=PlayerId(1)}: server_core::session: action applied game=C4G4TU player=PlayerId(1) action_type="PassPriority" event_count=1
2026-10-08T09:17:20.282763Z  INFO ws_message:game_session{game=C4G4TU player=PlayerId(1)}: phase_server: game submission processed (lock held) game=C4G4TU kind="action" lock_ms=10 ai_actions=0
2026-10-08T09:17:20.527265Z  INFO ws_message:game_session{game=C4G4TU player=PlayerId(0)}: server_core::session: action applied game=C4G4TU player=PlayerId(0) action_type="PassPriority" event_count=1
2026-10-08T09:17:20.533649Z  INFO ws_message:game_session{game=C4G4TU player=PlayerId(0)}: phase_server: game submission processed (lock held) game=C4G4TU kind="action" lock_ms=9 ai_actions=0
2026-10-08T09:17:20.780029Z  INFO ws_message:game_session{game=C4G4TU player=PlayerId(1)}: server_core::session: action applied game=C4G4TU player=PlayerId(1) action_type="PassPriority" event_count=1
2026-10-08T09:17:20.783980Z  INFO ws_message:game_session{game=C4G4TU player=PlayerId(1)}: phase_server: game submission processed (lock held) game=C4G4TU kind="action" lock_ms=8 ai_actions=0
2026-10-08T09:17:21.032238Z  INFO ws_message:game_session{game=C4G4TU player=PlayerId(0)}: server_core::session: action applied game=C4G4TU player=PlayerId(0) action_type="PassPriority" event_count=1
2026-10-08T09:17:21.036325Z  INFO ws_message:game_session{game=C4G4TU player=PlayerId(0)}: phase_server: game submission processed (lock held) game=C4G4TU kind="action" lock_ms=6 ai_actions=0
2026-10-08T09:17:21.291087Z  INFO ws_message:game_session{game=C4G4TU player=PlayerId(1)}: server_core::session: action applied game=C4G4TU player=PlayerId(1) action_type="PassPriority" event_count=4
2026-10-08T09:17:21.293363Z  INFO ws_message:game_session{game=C4G4TU player=PlayerId(1)}: phase_server: game submission processed (lock held) game=C4G4TU kind="action" lock_ms=9 ai_actions=0
2026-10-08T09:17:21.538507Z  INFO ws_message:game_session{game=C4G4TU player=PlayerId(1)}: server_core::session: action applied game=C4G4TU player=PlayerId(1) action_type="PassPriority" event_count=1
2026-10-08T09:17:21.542596Z  INFO ws_message:game_session{game=C4G4TU player=PlayerId(1)}: phase_server: game submission processed (lock held) game=C4G4TU kind="action" lock_ms=7 ai_actions=0
2026-10-08T09:17:21.794406Z  INFO ws_message:game_session{game=C4G4TU player=PlayerId(0)}: server_core::session: action applied game=C4G4TU player=PlayerId(0) action_type="PassPriority" event_count=4
2026-10-08T09:17:21.796580Z  INFO ws_message:game_session{game=C4G4TU player=PlayerId(0)}: phase_server: game submission processed (lock held) game=C4G4TU kind="action" lock_ms=8 ai_actions=0
2026-10-08T09:17:22.043575Z  INFO ws_message:game_session{game=C4G4TU player=PlayerId(1)}: server_core::session: action applied game=C4G4TU player=PlayerId(1) action_type="PassPriority" event_count=1
2026-10-08T09:17:22.047627Z  INFO ws_message:game_session{game=C4G4TU player=PlayerId(1)}: phase_server: game submission processed (lock held) game=C4G4TU kind="action" lock_ms=6 ai_actions=0
2026-10-08T09:17:22.296062Z  INFO ws_message:game_session{game=C4G4TU player=PlayerId(0)}: server_core::session: action applied game=C4G4TU player=PlayerId(0) action_type="PassPriority" event_count=1
2026-10-08T09:17:22.330361Z  INFO ws_message:game_session{game=C4G4TU player=PlayerId(0)}: phase_server: game submission processed (lock held) game=C4G4TU kind="action" lock_ms=37 ai_actions=0
2026-10-08T09:17:22.553325Z  INFO ws_message:game_session{game=C4G4TU player=PlayerId(1)}: server_core::session: action applied game=C4G4TU player=PlayerId(1) action_type="PlayLand" event_count=2
2026-10-08T09:17:22.558337Z  INFO ws_message:game_session{game=C4G4TU player=PlayerId(1)}: phase_server: game submission processed (lock held) game=C4G4TU kind="action" lock_ms=12 ai_actions=0
2026-10-08T09:17:22.802089Z  INFO ws_message:game_session{game=C4G4TU player=PlayerId(1)}: server_core::session: action applied game=C4G4TU player=PlayerId(1) action_type="PassPriority" event_count=1
2026-10-08T09:17:22.806018Z  INFO ws_message:game_session{game=C4G4TU player=PlayerId(1)}: phase_server: game submission processed (lock held) game=C4G4TU kind="action" lock_ms=7 ai_actions=0
2026-10-08T09:17:23.054615Z  INFO ws_message:game_session{game=C4G4TU player=PlayerId(0)}: server_core::session: action applied game=C4G4TU player=PlayerId(0) action_type="PassPriority" event_count=1
2026-10-08T09:17:23.059527Z  INFO ws_message:game_session{game=C4G4TU player=PlayerId(0)}: phase_server: game submission processed (lock held) game=C4G4TU kind="action" lock_ms=8 ai_actions=0
2026-10-08T09:17:23.306109Z  INFO ws_message:game_session{game=C4G4TU player=PlayerId(1)}: server_core::session: action applied game=C4G4TU player=PlayerId(1) action_type="PassPriority" event_count=1
2026-10-08T09:17:23.310136Z  INFO ws_message:game_session{game=C4G4TU player=PlayerId(1)}: phase_server: game submission processed (lock held) game=C4G4TU kind="action" lock_ms=7 ai_actions=0
2026-10-08T09:17:23.560322Z  INFO ws_message:game_session{game=C4G4TU player=PlayerId(0)}: server_core::session: action applied game=C4G4TU player=PlayerId(0) action_type="PassPriority" event_count=3
2026-10-08T09:17:23.565024Z  INFO ws_message:game_session{game=C4G4TU player=PlayerId(0)}: phase_server: game submission processed (lock held) game=C4G4TU kind="action" lock_ms=9 ai_actions=0
2026-10-08T09:17:23.810776Z  INFO ws_message:game_session{game=C4G4TU player=PlayerId(1)}: server_core::session: action applied game=C4G4TU player=PlayerId(1) action_type="PassPriority" event_count=1
2026-10-08T09:17:23.816386Z  INFO ws_message:game_session{game=C4G4TU player=PlayerId(1)}: phase_server: game submission processed (lock held) game=C4G4TU kind="action" lock_ms=9 ai_actions=0
2026-10-08T09:17:24.064054Z  INFO ws_message:game_session{game=C4G4TU player=PlayerId(0)}: server_core::session: action applied game=C4G4TU player=PlayerId(0) action_type="PassPriority" event_count=1
2026-10-08T09:17:24.068754Z  INFO ws_message:game_session{game=C4G4TU player=PlayerId(0)}: phase_server: game submission processed (lock held) game=C4G4TU kind="action" lock_ms=8 ai_actions=0
2026-10-08T09:17:24.316045Z  INFO ws_message:game_session{game=C4G4TU player=PlayerId(1)}: server_core::session: action applied game=C4G4TU player=PlayerId(1) action_type="PassPriority" event_count=1
2026-10-08T09:17:24.319864Z  INFO ws_message:game_session{game=C4G4TU player=PlayerId(1)}: phase_server: game submission processed (lock held) game=C4G4TU kind="action" lock_ms=6 ai_actions=0
2026-10-08T09:17:24.568456Z  INFO ws_message:game_session{game=C4G4TU player=PlayerId(0)}: server_core::session: action applied game=C4G4TU player=PlayerId(0) action_type="PassPriority" event_count=1
2026-10-08T09:17:24.573608Z  INFO ws_message:game_session{game=C4G4TU player=PlayerId(0)}: phase_server: game submission processed (lock held) game=C4G4TU kind="action" lock_ms=9 ai_actions=0
2026-10-08T09:17:24.819062Z  INFO ws_message:game_session{game=C4G4TU player=PlayerId(1)}: server_core::session: action applied game=C4G4TU player=PlayerId(1) action_type="PassPriority" event_count=1
2026-10-08T09:17:24.825502Z  INFO ws_message:game_session{game=C4G4TU player=PlayerId(1)}: phase_server: game submission processed (lock held) game=C4G4TU kind="action" lock_ms=9 ai_actions=0
2026-10-08T09:17:25.080151Z  INFO ws_message:game_session{game=C4G4TU player=PlayerId(0)}: server_core::session: action applied game=C4G4TU player=PlayerId(0) action_type="PassPriority" event_count=4
2026-10-08T09:17:25.082407Z  INFO ws_message:game_session{game=C4G4TU player=PlayerId(0)}: phase_server: game submission processed (lock held) game=C4G4TU kind="action" lock_ms=12 ai_actions=0
2026-10-08T09:17:25.324377Z  INFO ws_message:game_session{game=C4G4TU player=PlayerId(0)}: server_core::session: action applied game=C4G4TU player=PlayerId(0) action_type="PassPriority" event_count=1
2026-10-08T09:17:25.328694Z  INFO ws_message:game_session{game=C4G4TU player=PlayerId(0)}: phase_server: game submission processed (lock held) game=C4G4TU kind="action" lock_ms=7 ai_actions=0
2026-10-08T09:17:25.584808Z  INFO ws_message:game_session{game=C4G4TU player=PlayerId(1)}: server_core::session: action applied game=C4G4TU player=PlayerId(1) action_type="PassPriority" event_count=4
2026-10-08T09:17:25.587421Z  INFO ws_message:game_session{game=C4G4TU player=PlayerId(1)}: phase_server: game submission processed (lock held) game=C4G4TU kind="action" lock_ms=12 ai_actions=0
2026-10-08T09:17:25.830757Z  INFO ws_message:game_session{game=C4G4TU player=PlayerId(0)}: server_core::session: action applied game=C4G4TU player=PlayerId(0) action_type="PassPriority" event_count=1
2026-10-08T09:17:25.836017Z  INFO ws_message:game_session{game=C4G4TU player=PlayerId(0)}: phase_server: game submission processed (lock held) game=C4G4TU kind="action" lock_ms=8 ai_actions=0
2026-10-08T09:17:26.082024Z  INFO ws_message:game_session{game=C4G4TU player=PlayerId(1)}: server_core::session: action applied game=C4G4TU player=PlayerId(1) action_type="PassPriority" event_count=1
2026-10-08T09:17:26.095069Z  INFO ws_message:game_session{game=C4G4TU player=PlayerId(1)}: phase_server: game submission processed (lock held) game=C4G4TU kind="action" lock_ms=15 ai_actions=0
2026-10-08T09:17:26.335852Z  INFO ws_message:game_session{game=C4G4TU player=PlayerId(0)}: server_core::session: action applied game=C4G4TU player=PlayerId(0) action_type="PlayLand" event_count=2
2026-10-08T09:17:26.340493Z  INFO ws_message:game_session{game=C4G4TU player=PlayerId(0)}: phase_server: game submission processed (lock held) game=C4G4TU kind="action" lock_ms=9 ai_actions=0
2026-10-08T09:17:26.585746Z  INFO ws_message:game_session{game=C4G4TU player=PlayerId(0)}: server_core::session: action applied game=C4G4TU player=PlayerId(0) action_type="PassPriority" event_count=1
2026-10-08T09:17:26.590810Z  INFO ws_message:game_session{game=C4G4TU player=PlayerId(0)}: phase_server: game submission processed (lock held) game=C4G4TU kind="action" lock_ms=8 ai_actions=0
2026-10-08T09:17:26.860985Z  INFO ws_message:game_session{game=C4G4TU player=PlayerId(1)}: server_core::session: action applied game=C4G4TU player=PlayerId(1) action_type="PassPriority" event_count=1
2026-10-08T09:17:26.868758Z  INFO ws_message:game_session{game=C4G4TU player=PlayerId(1)}: phase_server: game submission processed (lock held) game=C4G4TU kind="action" lock_ms=32 ai_actions=0
2026-10-08T09:17:27.094542Z  INFO ws_message:game_session{game=C4G4TU player=PlayerId(0)}: server_core::session: action applied game=C4G4TU player=PlayerId(0) action_type="PassPriority" event_count=1
2026-10-08T09:17:27.099251Z  INFO ws_message:game_session{game=C4G4TU player=PlayerId(0)}: phase_server: game submission processed (lock held) game=C4G4TU kind="action" lock_ms=8 ai_actions=0
2026-10-08T09:17:27.344174Z  INFO ws_message:game_session{game=C4G4TU player=PlayerId(1)}: server_core::session: action applied game=C4G4TU player=PlayerId(1) action_type="PassPriority" event_count=1
2026-10-08T09:17:27.360277Z  INFO ws_message:game_session{game=C4G4TU player=PlayerId(1)}: phase_server: game submission processed (lock held) game=C4G4TU kind="action" lock_ms=17 ai_actions=0
2026-10-08T09:17:27.599870Z  INFO ws_message:game_session{game=C4G4TU player=PlayerId(0)}: server_core::session: action applied game=C4G4TU player=PlayerId(0) action_type="DeclareAttackers" event_count=2
2026-10-08T09:17:27.604776Z  INFO ws_message:game_session{game=C4G4TU player=PlayerId(0)}: phase_server: game submission processed (lock held) game=C4G4TU kind="action" lock_ms=9 ai_actions=0
2026-10-08T09:17:27.851072Z  INFO ws_message:game_session{game=C4G4TU player=PlayerId(0)}: server_core::session: action applied game=C4G4TU player=PlayerId(0) action_type="PassPriority" event_count=1
2026-10-08T09:17:27.855607Z  INFO ws_message:game_session{game=C4G4TU player=PlayerId(0)}: phase_server: game submission processed (lock held) game=C4G4TU kind="action" lock_ms=8 ai_actions=0
2026-10-08T09:17:28.104604Z  INFO ws_message:game_session{game=C4G4TU player=PlayerId(1)}: server_core::session: action applied game=C4G4TU player=PlayerId(1) action_type="PassPriority" event_count=1
2026-10-08T09:17:28.109174Z  INFO ws_message:game_session{game=C4G4TU player=PlayerId(1)}: phase_server: game submission processed (lock held) game=C4G4TU kind="action" lock_ms=9 ai_actions=0
2026-10-08T09:17:28.354061Z  INFO ws_message:game_session{game=C4G4TU player=PlayerId(0)}: server_core::session: action applied game=C4G4TU player=PlayerId(0) action_type="PassPriority" event_count=1
2026-10-08T09:17:28.359829Z  INFO ws_message:game_session{game=C4G4TU player=PlayerId(0)}: phase_server: game submission processed (lock held) game=C4G4TU kind="action" lock_ms=8 ai_actions=0
2026-10-08T09:17:28.607015Z  INFO ws_message:game_session{game=C4G4TU player=PlayerId(1)}: server_core::session: action applied game=C4G4TU player=PlayerId(1) action_type="PassPriority" event_count=1
2026-10-08T09:17:28.611587Z  INFO ws_message:game_session{game=C4G4TU player=PlayerId(1)}: phase_server: game submission processed (lock held) game=C4G4TU kind="action" lock_ms=8 ai_actions=0
2026-10-08T09:17:28.863919Z  INFO ws_message:game_session{game=C4G4TU player=PlayerId(0)}: server_core::session: action applied game=C4G4TU player=PlayerId(0) action_type="PassPriority" event_count=1
2026-10-08T09:17:28.878407Z  INFO ws_message:game_session{game=C4G4TU player=PlayerId(0)}: phase_server: game submission processed (lock held) game=C4G4TU kind="action" lock_ms=23 ai_actions=0
2026-10-08T09:17:29.112872Z  INFO ws_message:game_session{game=C4G4TU player=PlayerId(1)}: server_core::session: action applied game=C4G4TU player=PlayerId(1) action_type="PassPriority" event_count=4
2026-10-08T09:17:29.115124Z  INFO ws_message:game_session{game=C4G4TU player=PlayerId(1)}: phase_server: game submission processed (lock held) game=C4G4TU kind="action" lock_ms=7 ai_actions=0
2026-10-08T09:17:29.367680Z  INFO ws_message:game_session{game=C4G4TU player=PlayerId(1)}: server_core::session: action applied game=C4G4TU player=PlayerId(1) action_type="PassPriority" event_count=1
2026-10-08T09:17:29.375672Z  INFO ws_message:game_session{game=C4G4TU player=PlayerId(1)}: phase_server: game submission processed (lock held) game=C4G4TU kind="action" lock_ms=15 ai_actions=0
2026-10-08T09:17:29.618795Z  INFO ws_message:game_session{game=C4G4TU player=PlayerId(0)}: server_core::session: action applied game=C4G4TU player=PlayerId(0) action_type="PassPriority" event_count=4
2026-10-08T09:17:29.620651Z  INFO ws_message:game_session{game=C4G4TU player=PlayerId(0)}: phase_server: game submission processed (lock held) game=C4G4TU kind="action" lock_ms=8 ai_actions=0
2026-10-08T09:17:29.870875Z  INFO ws_message:game_session{game=C4G4TU player=PlayerId(1)}: server_core::session: action applied game=C4G4TU player=PlayerId(1) action_type="PassPriority" event_count=1
2026-10-08T09:17:29.877750Z  INFO ws_message:game_session{game=C4G4TU player=PlayerId(1)}: phase_server: game submission processed (lock held) game=C4G4TU kind="action" lock_ms=13 ai_actions=0
2026-10-08T09:17:30.123891Z  INFO ws_message:game_session{game=C4G4TU player=PlayerId(0)}: server_core::session: action applied game=C4G4TU player=PlayerId(0) action_type="PassPriority" event_count=1
2026-10-08T09:17:30.193306Z  INFO ws_message:game_session{game=C4G4TU player=PlayerId(0)}: phase_server: game submission processed (lock held) game=C4G4TU kind="action" lock_ms=76 ai_actions=0
2026-10-08T09:17:30.377220Z  INFO ws_message:game_session{game=C4G4TU player=PlayerId(1)}: server_core::session: action applied game=C4G4TU player=PlayerId(1) action_type="PlayLand" event_count=2
2026-10-08T09:17:30.384099Z  INFO ws_message:game_session{game=C4G4TU player=PlayerId(1)}: phase_server: game submission processed (lock held) game=C4G4TU kind="action" lock_ms=14 ai_actions=0
2026-10-08T09:17:30.623939Z  INFO ws_message:game_session{game=C4G4TU player=PlayerId(1)}: server_core::session: action applied game=C4G4TU player=PlayerId(1) action_type="PassPriority" event_count=1
2026-10-08T09:17:30.628137Z  INFO ws_message:game_session{game=C4G4TU player=PlayerId(1)}: phase_server: game submission processed (lock held) game=C4G4TU kind="action" lock_ms=7 ai_actions=0
2026-10-08T09:17:30.877298Z  INFO ws_message:game_session{game=C4G4TU player=PlayerId(0)}: server_core::session: action applied game=C4G4TU player=PlayerId(0) action_type="PassPriority" event_count=1
2026-10-08T09:17:30.882529Z  INFO ws_message:game_session{game=C4G4TU player=PlayerId(0)}: phase_server: game submission processed (lock held) game=C4G4TU kind="action" lock_ms=8 ai_actions=0
2026-10-08T09:17:31.131143Z  INFO ws_message:game_session{game=C4G4TU player=PlayerId(1)}: server_core::session: action applied game=C4G4TU player=PlayerId(1) action_type="PassPriority" event_count=1
2026-10-08T09:17:31.137135Z  INFO ws_message:game_session{game=C4G4TU player=PlayerId(1)}: phase_server: game submission processed (lock held) game=C4G4TU kind="action" lock_ms=10 ai_actions=0
2026-10-08T09:17:31.384610Z  INFO ws_message:game_session{game=C4G4TU player=PlayerId(0)}: server_core::session: action applied game=C4G4TU player=PlayerId(0) action_type="PassPriority" event_count=3
2026-10-08T09:17:31.390105Z  INFO ws_message:game_session{game=C4G4TU player=PlayerId(0)}: phase_server: game submission processed (lock held) game=C4G4TU kind="action" lock_ms=11 ai_actions=0
2026-10-08T09:17:31.641198Z  INFO ws_message:game_session{game=C4G4TU player=PlayerId(1)}: server_core::session: action applied game=C4G4TU player=PlayerId(1) action_type="PassPriority" event_count=1
2026-10-08T09:17:31.647974Z  INFO ws_message:game_session{game=C4G4TU player=PlayerId(1)}: phase_server: game submission processed (lock held) game=C4G4TU kind="action" lock_ms=17 ai_actions=0
2026-10-08T09:17:31.889394Z  INFO ws_message:game_session{game=C4G4TU player=PlayerId(0)}: server_core::session: action applied game=C4G4TU player=PlayerId(0) action_type="PassPriority" event_count=1
2026-10-08T09:17:31.894423Z  INFO ws_message:game_session{game=C4G4TU player=PlayerId(0)}: phase_server: game submission processed (lock held) game=C4G4TU kind="action" lock_ms=9 ai_actions=0
2026-10-08T09:17:32.226729Z  INFO ws_message:game_session{game=C4G4TU player=PlayerId(1)}: server_core::session: action applied game=C4G4TU player=PlayerId(1) action_type="PassPriority" event_count=1
2026-10-08T09:17:32.274816Z  INFO ws_message:game_session{game=C4G4TU player=PlayerId(1)}: phase_server: game submission processed (lock held) game=C4G4TU kind="action" lock_ms=108 ai_actions=0
2026-10-08T09:17:32.421635Z  INFO ws_message:game_session{game=C4G4TU player=PlayerId(0)}: server_core::session: action applied game=C4G4TU player=PlayerId(0) action_type="PassPriority" event_count=1
2026-10-08T09:17:32.426572Z  INFO ws_message:game_session{game=C4G4TU player=PlayerId(0)}: phase_server: game submission processed (lock held) game=C4G4TU kind="action" lock_ms=9 ai_actions=0
2026-10-08T09:17:32.671548Z  INFO ws_message:game_session{game=C4G4TU player=PlayerId(1)}: server_core::session: action applied game=C4G4TU player=PlayerId(1) action_type="PassPriority" event_count=1
2026-10-08T09:17:32.676081Z  INFO ws_message:game_session{game=C4G4TU player=PlayerId(1)}: phase_server: game submission processed (lock held) game=C4G4TU kind="action" lock_ms=7 ai_actions=0
2026-10-08T09:17:32.935231Z  INFO ws_message:game_session{game=C4G4TU player=PlayerId(0)}: server_core::session: action applied game=C4G4TU player=PlayerId(0) action_type="PassPriority" event_count=4
2026-10-08T09:17:32.938362Z  INFO ws_message:game_session{game=C4G4TU player=PlayerId(0)}: phase_server: game submission processed (lock held) game=C4G4TU kind="action" lock_ms=17 ai_actions=0
2026-10-08T09:17:33.214261Z  INFO ws_message:game_session{game=C4G4TU player=PlayerId(0)}: server_core::session: action applied game=C4G4TU player=PlayerId(0) action_type="PassPriority" event_count=1
2026-10-08T09:17:33.223886Z  INFO ws_message:game_session{game=C4G4TU player=PlayerId(0)}: phase_server: game submission processed (lock held) game=C4G4TU kind="action" lock_ms=16 ai_actions=0
2026-10-08T09:17:33.466632Z  INFO ws_message:game_session{game=C4G4TU player=PlayerId(1)}: server_core::session: action applied game=C4G4TU player=PlayerId(1) action_type="PassPriority" event_count=4
2026-10-08T09:17:33.467820Z  INFO ws_message:game_session{game=C4G4TU player=PlayerId(1)}: phase_server: game submission processed (lock held) game=C4G4TU kind="action" lock_ms=9 ai_actions=0
2026-10-08T09:17:33.714213Z  INFO ws_message:game_session{game=C4G4TU player=PlayerId(0)}: server_core::session: action applied game=C4G4TU player=PlayerId(0) action_type="PassPriority" event_count=1
2026-10-08T09:17:33.719442Z  INFO ws_message:game_session{game=C4G4TU player=PlayerId(0)}: phase_server: game submission processed (lock held) game=C4G4TU kind="action" lock_ms=8 ai_actions=0
2026-10-08T09:17:33.965512Z  INFO ws_message:game_session{game=C4G4TU player=PlayerId(1)}: server_core::session: action applied game=C4G4TU player=PlayerId(1) action_type="PassPriority" event_count=1
2026-10-08T09:17:33.978095Z  INFO ws_message:game_session{game=C4G4TU player=PlayerId(1)}: phase_server: game submission processed (lock held) game=C4G4TU kind="action" lock_ms=16 ai_actions=0
2026-10-08T09:17:34.219582Z  INFO ws_message:game_session{game=C4G4TU player=PlayerId(0)}: server_core::session: action applied game=C4G4TU player=PlayerId(0) action_type="PlayLand" event_count=2
2026-10-08T09:17:34.227637Z  INFO ws_message:game_session{game=C4G4TU player=PlayerId(0)}: phase_server: game submission processed (lock held) game=C4G4TU kind="action" lock_ms=13 ai_actions=0
2026-10-08T09:17:34.485485Z  INFO ws_message:game_session{game=C4G4TU player=PlayerId(0)}: server_core::session: action applied game=C4G4TU player=PlayerId(0) action_type="CastSpell" event_count=34
2026-10-08T09:17:34.486429Z  INFO ws_message:game_session{game=C4G4TU player=PlayerId(0)}: phase_server: game submission processed (lock held) game=C4G4TU kind="action" lock_ms=19 ai_actions=0
2026-10-08T09:17:34.723139Z  INFO ws_message:game_session{game=C4G4TU player=PlayerId(0)}: server_core::session: action applied game=C4G4TU player=PlayerId(0) action_type="PassPriority" event_count=1
2026-10-08T09:17:34.730627Z  INFO ws_message:game_session{game=C4G4TU player=PlayerId(0)}: phase_server: game submission processed (lock held) game=C4G4TU kind="action" lock_ms=11 ai_actions=0
2026-10-08T09:17:34.981255Z  INFO ws_message:game_session{game=C4G4TU player=PlayerId(1)}: server_core::session: action applied game=C4G4TU player=PlayerId(1) action_type="PassPriority" event_count=2
2026-10-08T09:17:34.982417Z  INFO ws_message:game_session{game=C4G4TU player=PlayerId(1)}: phase_server: game submission processed (lock held) game=C4G4TU kind="action" lock_ms=11 ai_actions=0
2026-10-08T09:17:35.279833Z  INFO ws_message:game_session{game=C4G4TU player=PlayerId(0)}: server_core::session: action applied game=C4G4TU player=PlayerId(0) action_type="PassPriority" event_count=1
2026-10-08T09:17:35.285676Z  INFO ws_message:game_session{game=C4G4TU player=PlayerId(0)}: phase_server: game submission processed (lock held) game=C4G4TU kind="action" lock_ms=15 ai_actions=0
2026-10-08T09:17:35.542483Z  INFO ws_message:game_session{game=C4G4TU player=PlayerId(1)}: server_core::session: action applied game=C4G4TU player=PlayerId(1) action_type="PassPriority" event_count=10
2026-10-08T09:17:35.548389Z  INFO ws_message:game_session{game=C4G4TU player=PlayerId(1)}: phase_server: game submission processed (lock held) game=C4G4TU kind="action" lock_ms=16 ai_actions=0
2026-10-08T09:17:35.826765Z  INFO ws_message:game_session{game=C4G4TU player=PlayerId(0)}: server_core::session: action applied game=C4G4TU player=PlayerId(0) action_type="PassPriority" event_count=1
2026-10-08T09:17:35.839078Z  INFO ws_message:game_session{game=C4G4TU player=PlayerId(0)}: phase_server: game submission processed (lock held) game=C4G4TU kind="action" lock_ms=15 ai_actions=0
2026-10-08T09:17:36.081790Z  INFO ws_message:game_session{game=C4G4TU player=PlayerId(1)}: server_core::session: action applied game=C4G4TU player=PlayerId(1) action_type="PassPriority" event_count=1
2026-10-08T09:17:36.087504Z  INFO ws_message:game_session{game=C4G4TU player=PlayerId(1)}: phase_server: game submission processed (lock held) game=C4G4TU kind="action" lock_ms=11 ai_actions=0
2026-10-08T09:17:36.331155Z  INFO ws_message:game_session{game=C4G4TU player=PlayerId(0)}: server_core::session: action applied game=C4G4TU player=PlayerId(0) action_type="PassPriority" event_count=1
2026-10-08T09:17:36.340241Z  INFO ws_message:game_session{game=C4G4TU player=PlayerId(0)}: phase_server: game submission processed (lock held) game=C4G4TU kind="action" lock_ms=12 ai_actions=0
2026-10-08T09:17:36.589802Z  INFO ws_message:game_session{game=C4G4TU player=PlayerId(1)}: server_core::session: action applied game=C4G4TU player=PlayerId(1) action_type="PassPriority" event_count=3
2026-10-08T09:17:36.597845Z  INFO ws_message:game_session{game=C4G4TU player=PlayerId(1)}: phase_server: game submission processed (lock held) game=C4G4TU kind="action" lock_ms=17 ai_actions=0
2026-10-08T09:17:36.845301Z  INFO ws_message:game_session{game=C4G4TU player=PlayerId(0)}: server_core::session: action applied game=C4G4TU player=PlayerId(0) action_type="PassPriority" event_count=1
2026-10-08T09:17:36.872420Z  INFO ws_message:game_session{game=C4G4TU player=PlayerId(0)}: phase_server: game submission processed (lock held) game=C4G4TU kind="action" lock_ms=40 ai_actions=0
2026-10-08T09:17:37.102305Z  INFO ws_message:game_session{game=C4G4TU player=PlayerId(1)}: server_core::session: action applied game=C4G4TU player=PlayerId(1) action_type="PassPriority" event_count=1
2026-10-08T09:17:37.119701Z  INFO ws_message:game_session{game=C4G4TU player=PlayerId(1)}: phase_server: game submission processed (lock held) game=C4G4TU kind="action" lock_ms=35 ai_actions=0
2026-10-08T09:17:37.349554Z  INFO ws_message:game_session{game=C4G4TU player=PlayerId(0)}: server_core::session: action applied game=C4G4TU player=PlayerId(0) action_type="PassPriority" event_count=1
2026-10-08T09:17:37.370048Z  INFO ws_message:game_session{game=C4G4TU player=PlayerId(0)}: phase_server: game submission processed (lock held) game=C4G4TU kind="action" lock_ms=33 ai_actions=0
2026-10-08T09:17:37.595086Z  INFO ws_message:game_session{game=C4G4TU player=PlayerId(1)}: server_core::session: action applied game=C4G4TU player=PlayerId(1) action_type="PassPriority" event_count=1
2026-10-08T09:17:37.599431Z  INFO ws_message:game_session{game=C4G4TU player=PlayerId(1)}: phase_server: game submission processed (lock held) game=C4G4TU kind="action" lock_ms=9 ai_actions=0
2026-10-08T09:17:37.845547Z  INFO ws_message:game_session{game=C4G4TU player=PlayerId(0)}: server_core::session: action applied game=C4G4TU player=PlayerId(0) action_type="PassPriority" event_count=1
2026-10-08T09:17:37.854632Z  INFO ws_message:game_session{game=C4G4TU player=PlayerId(0)}: phase_server: game submission processed (lock held) game=C4G4TU kind="action" lock_ms=13 ai_actions=0
2026-10-08T09:17:38.099876Z  INFO ws_message:game_session{game=C4G4TU player=PlayerId(1)}: server_core::session: action applied game=C4G4TU player=PlayerId(1) action_type="PassPriority" event_count=4
2026-10-08T09:17:38.101957Z  INFO ws_message:game_session{game=C4G4TU player=PlayerId(1)}: phase_server: game submission processed (lock held) game=C4G4TU kind="action" lock_ms=8 ai_actions=0
2026-10-08T09:17:38.349130Z  INFO ws_message:game_session{game=C4G4TU player=PlayerId(1)}: server_core::session: action applied game=C4G4TU player=PlayerId(1) action_type="PassPriority" event_count=1
2026-10-08T09:17:38.352948Z  INFO ws_message:game_session{game=C4G4TU player=PlayerId(1)}: phase_server: game submission processed (lock held) game=C4G4TU kind="action" lock_ms=7 ai_actions=0
2026-10-08T09:17:38.603114Z  INFO ws_message:game_session{game=C4G4TU player=PlayerId(0)}: server_core::session: action applied game=C4G4TU player=PlayerId(0) action_type="PassPriority" event_count=4
2026-10-08T09:17:38.604545Z  INFO ws_message:game_session{game=C4G4TU player=PlayerId(0)}: phase_server: game submission processed (lock held) game=C4G4TU kind="action" lock_ms=7 ai_actions=0
2026-10-08T09:17:38.851793Z  INFO ws_message:game_session{game=C4G4TU player=PlayerId(1)}: server_core::session: action applied game=C4G4TU player=PlayerId(1) action_type="PassPriority" event_count=1
2026-10-08T09:17:38.854791Z  INFO ws_message:game_session{game=C4G4TU player=PlayerId(1)}: phase_server: game submission processed (lock held) game=C4G4TU kind="action" lock_ms=6 ai_actions=0
2026-10-08T09:17:39.104615Z  INFO ws_message:game_session{game=C4G4TU player=PlayerId(0)}: server_core::session: action applied game=C4G4TU player=PlayerId(0) action_type="PassPriority" event_count=1
2026-10-08T09:17:39.137714Z  INFO ws_message:game_session{game=C4G4TU player=PlayerId(0)}: phase_server: game submission processed (lock held) game=C4G4TU kind="action" lock_ms=36 ai_actions=0
2026-10-08T09:17:39.373016Z  INFO ws_message:game_session{game=C4G4TU player=PlayerId(1)}: server_core::session: action applied game=C4G4TU player=PlayerId(1) action_type="PlayLand" event_count=2
2026-10-08T09:17:39.394218Z  INFO ws_message:game_session{game=C4G4TU player=PlayerId(1)}: phase_server: game submission processed (lock held) game=C4G4TU kind="action" lock_ms=38 ai_actions=0
2026-10-08T09:17:39.611487Z  INFO ws_message:game_session{game=C4G4TU player=PlayerId(1)}: server_core::session: action applied game=C4G4TU player=PlayerId(1) action_type="PassPriority" event_count=1
2026-10-08T09:17:39.614513Z  INFO ws_message:game_session{game=C4G4TU player=PlayerId(1)}: phase_server: game submission processed (lock held) game=C4G4TU kind="action" lock_ms=6 ai_actions=0
2026-10-08T09:17:39.865867Z  INFO ws_message:game_session{game=C4G4TU player=PlayerId(0)}: server_core::session: action applied game=C4G4TU player=PlayerId(0) action_type="PassPriority" event_count=1
2026-10-08T09:17:39.874393Z  INFO ws_message:game_session{game=C4G4TU player=PlayerId(0)}: phase_server: game submission processed (lock held) game=C4G4TU kind="action" lock_ms=13 ai_actions=0
2026-10-08T09:17:40.125298Z  INFO ws_message:game_session{game=C4G4TU player=PlayerId(1)}: server_core::session: action applied game=C4G4TU player=PlayerId(1) action_type="PassPriority" event_count=1
2026-10-08T09:17:40.132533Z  INFO ws_message:game_session{game=C4G4TU player=PlayerId(1)}: phase_server: game submission processed (lock held) game=C4G4TU kind="action" lock_ms=20 ai_actions=0
2026-10-08T09:17:40.375513Z  INFO ws_message:game_session{game=C4G4TU player=PlayerId(0)}: server_core::session: action applied game=C4G4TU player=PlayerId(0) action_type="PassPriority" event_count=3
2026-10-08T09:17:40.383766Z  INFO ws_message:game_session{game=C4G4TU player=PlayerId(0)}: phase_server: game submission processed (lock held) game=C4G4TU kind="action" lock_ms=19 ai_actions=0
2026-10-08T09:17:40.619298Z  INFO ws_message:game_session{game=C4G4TU player=PlayerId(1)}: server_core::session: action applied game=C4G4TU player=PlayerId(1) action_type="PassPriority" event_count=1
2026-10-08T09:17:40.622387Z  INFO ws_message:game_session{game=C4G4TU player=PlayerId(1)}: phase_server: game submission processed (lock held) game=C4G4TU kind="action" lock_ms=6 ai_actions=0
2026-10-08T09:17:40.871360Z  INFO ws_message:game_session{game=C4G4TU player=PlayerId(0)}: server_core::session: action applied game=C4G4TU player=PlayerId(0) action_type="PassPriority" event_count=1
2026-10-08T09:17:40.880389Z  INFO ws_message:game_session{game=C4G4TU player=PlayerId(0)}: phase_server: game submission processed (lock held) game=C4G4TU kind="action" lock_ms=13 ai_actions=0
2026-10-08T09:17:41.128730Z  INFO ws_message:game_session{game=C4G4TU player=PlayerId(1)}: server_core::session: action applied game=C4G4TU player=PlayerId(1) action_type="PassPriority" event_count=1
2026-10-08T09:17:41.136480Z  INFO ws_message:game_session{game=C4G4TU player=PlayerId(1)}: phase_server: game submission processed (lock held) game=C4G4TU kind="action" lock_ms=17 ai_actions=0
2026-10-08T09:17:41.374626Z  INFO ws_message:game_session{game=C4G4TU player=PlayerId(0)}: server_core::session: action applied game=C4G4TU player=PlayerId(0) action_type="PassPriority" event_count=1
2026-10-08T09:17:41.383250Z  INFO ws_message:game_session{game=C4G4TU player=PlayerId(0)}: phase_server: game submission processed (lock held) game=C4G4TU kind="action" lock_ms=13 ai_actions=0
2026-10-08T09:17:41.625599Z  INFO ws_message:game_session{game=C4G4TU player=PlayerId(1)}: server_core::session: action applied game=C4G4TU player=PlayerId(1) action_type="PassPriority" event_count=1
2026-10-08T09:17:41.628817Z  INFO ws_message:game_session{game=C4G4TU player=PlayerId(1)}: phase_server: game submission processed (lock held) game=C4G4TU kind="action" lock_ms=6 ai_actions=0
2026-10-08T09:17:41.881111Z  INFO ws_message:game_session{game=C4G4TU player=PlayerId(0)}: server_core::session: action applied game=C4G4TU player=PlayerId(0) action_type="PassPriority" event_count=10
2026-10-08T09:17:41.883418Z  INFO ws_message:game_session{game=C4G4TU player=PlayerId(0)}: phase_server: game submission processed (lock held) game=C4G4TU kind="action" lock_ms=7 ai_actions=0
2026-10-08T09:17:42.130786Z  INFO ws_message:game_session{game=C4G4TU player=PlayerId(0)}: server_core::session: action applied game=C4G4TU player=PlayerId(0) action_type="PassPriority" event_count=1
2026-10-08T09:17:42.138983Z  INFO ws_message:game_session{game=C4G4TU player=PlayerId(0)}: phase_server: game submission processed (lock held) game=C4G4TU kind="action" lock_ms=11 ai_actions=0
2026-10-08T09:17:42.385074Z  INFO ws_message:game_session{game=C4G4TU player=PlayerId(1)}: server_core::session: action applied game=C4G4TU player=PlayerId(1) action_type="PassPriority" event_count=4
2026-10-08T09:17:42.386295Z  INFO ws_message:game_session{game=C4G4TU player=PlayerId(1)}: phase_server: game submission processed (lock held) game=C4G4TU kind="action" lock_ms=6 ai_actions=0
2026-10-08T09:17:42.635177Z  INFO ws_message:game_session{game=C4G4TU player=PlayerId(0)}: server_core::session: action applied game=C4G4TU player=PlayerId(0) action_type="PassPriority" event_count=1
2026-10-08T09:17:42.643132Z  INFO ws_message:game_session{game=C4G4TU player=PlayerId(0)}: phase_server: game submission processed (lock held) game=C4G4TU kind="action" lock_ms=11 ai_actions=0
2026-10-08T09:17:42.886775Z  INFO ws_message:game_session{game=C4G4TU player=PlayerId(1)}: server_core::session: action applied game=C4G4TU player=PlayerId(1) action_type="PassPriority" event_count=1
2026-10-08T09:17:42.896609Z  INFO ws_message:game_session{game=C4G4TU player=PlayerId(1)}: phase_server: game submission processed (lock held) game=C4G4TU kind="action" lock_ms=13 ai_actions=0
2026-10-08T09:17:43.142220Z  INFO ws_message:game_session{game=C4G4TU player=PlayerId(0)}: server_core::session: action applied game=C4G4TU player=PlayerId(0) action_type="PlayLand" event_count=2
2026-10-08T09:17:43.155721Z  INFO ws_message:game_session{game=C4G4TU player=PlayerId(0)}: phase_server: game submission processed (lock held) game=C4G4TU kind="action" lock_ms=20 ai_actions=0
2026-10-08T09:17:43.390843Z  INFO ws_message:game_session{game=C4G4TU player=PlayerId(0)}: server_core::session: action applied game=C4G4TU player=PlayerId(0) action_type="PassPriority" event_count=1
2026-10-08T09:17:43.399508Z  INFO ws_message:game_session{game=C4G4TU player=PlayerId(0)}: phase_server: game submission processed (lock held) game=C4G4TU kind="action" lock_ms=12 ai_actions=0
2026-10-08T09:17:43.642483Z  INFO ws_message:game_session{game=C4G4TU player=PlayerId(1)}: server_core::session: action applied game=C4G4TU player=PlayerId(1) action_type="PassPriority" event_count=1
2026-10-08T09:17:43.652695Z  INFO ws_message:game_session{game=C4G4TU player=PlayerId(1)}: phase_server: game submission processed (lock held) game=C4G4TU kind="action" lock_ms=13 ai_actions=0
2026-10-08T09:17:43.894520Z  INFO ws_message:game_session{game=C4G4TU player=PlayerId(0)}: server_core::session: action applied game=C4G4TU player=PlayerId(0) action_type="PassPriority" event_count=1
2026-10-08T09:17:43.902585Z  INFO ws_message:game_session{game=C4G4TU player=PlayerId(0)}: phase_server: game submission processed (lock held) game=C4G4TU kind="action" lock_ms=11 ai_actions=0
2026-10-08T09:17:44.148640Z  INFO ws_message:game_session{game=C4G4TU player=PlayerId(1)}: server_core::session: action applied game=C4G4TU player=PlayerId(1) action_type="PassPriority" event_count=3
2026-10-08T09:17:44.157027Z  INFO ws_message:game_session{game=C4G4TU player=PlayerId(1)}: phase_server: game submission processed (lock held) game=C4G4TU kind="action" lock_ms=13 ai_actions=0
2026-10-08T09:17:44.402561Z  INFO ws_message:game_session{game=C4G4TU player=PlayerId(0)}: server_core::session: action applied game=C4G4TU player=PlayerId(0) action_type="PassPriority" event_count=1
2026-10-08T09:17:44.416294Z  INFO ws_message:game_session{game=C4G4TU player=PlayerId(0)}: phase_server: game submission processed (lock held) game=C4G4TU kind="action" lock_ms=19 ai_actions=0
2026-10-08T09:17:44.652423Z  INFO ws_message:game_session{game=C4G4TU player=PlayerId(1)}: server_core::session: action applied game=C4G4TU player=PlayerId(1) action_type="PassPriority" event_count=1
2026-10-08T09:17:44.661332Z  INFO ws_message:game_session{game=C4G4TU player=PlayerId(1)}: phase_server: game submission processed (lock held) game=C4G4TU kind="action" lock_ms=13 ai_actions=0
2026-10-08T09:17:44.903302Z  INFO ws_message:game_session{game=C4G4TU player=PlayerId(0)}: server_core::session: action applied game=C4G4TU player=PlayerId(0) action_type="PassPriority" event_count=1
2026-10-08T09:17:44.911475Z  INFO ws_message:game_session{game=C4G4TU player=PlayerId(0)}: phase_server: game submission processed (lock held) game=C4G4TU kind="action" lock_ms=11 ai_actions=0
2026-10-08T09:17:45.157538Z  INFO ws_message:game_session{game=C4G4TU player=PlayerId(1)}: server_core::session: action applied game=C4G4TU player=PlayerId(1) action_type="PassPriority" event_count=1
2026-10-08T09:17:45.174393Z  INFO ws_message:game_session{game=C4G4TU player=PlayerId(1)}: phase_server: game submission processed (lock held) game=C4G4TU kind="action" lock_ms=22 ai_actions=0
2026-10-08T09:17:45.406523Z  INFO ws_message:game_session{game=C4G4TU player=PlayerId(0)}: server_core::session: action applied game=C4G4TU player=PlayerId(0) action_type="PassPriority" event_count=1
2026-10-08T09:17:45.414305Z  INFO ws_message:game_session{game=C4G4TU player=PlayerId(0)}: phase_server: game submission processed (lock held) game=C4G4TU kind="action" lock_ms=11 ai_actions=0
2026-10-08T09:17:45.660105Z  INFO ws_message:game_session{game=C4G4TU player=PlayerId(1)}: server_core::session: action applied game=C4G4TU player=PlayerId(1) action_type="PassPriority" event_count=4
2026-10-08T09:17:45.662176Z  INFO ws_message:game_session{game=C4G4TU player=PlayerId(1)}: phase_server: game submission processed (lock held) game=C4G4TU kind="action" lock_ms=7 ai_actions=0
2026-10-08T09:17:45.936089Z  INFO ws_message:game_session{game=C4G4TU player=PlayerId(1)}: server_core::session: action applied game=C4G4TU player=PlayerId(1) action_type="PassPriority" event_count=1
2026-10-08T09:17:45.944753Z  INFO ws_message:game_session{game=C4G4TU player=PlayerId(1)}: phase_server: game submission processed (lock held) game=C4G4TU kind="action" lock_ms=11 ai_actions=0
2026-10-08T09:17:47.908983Z  INFO phase_server: client disconnected game=Some("C4G4TU") player=Some(PlayerId(0))
2026-10-08T09:17:47.909079Z  INFO server_core::session: player disconnected game=C4G4TU player=PlayerId(0)
2026-10-08T09:17:47.909550Z  INFO phase_server: client disconnected game=Some("C4G4TU") player=Some(PlayerId(1))
2026-10-08T09:17:47.914408Z  INFO server_core::session: player disconnected game=C4G4TU player=PlayerId(1)
